200
3901 3631 4022 3880 3543 3679 3408 3921 3791 3976 3975 4020 3844 4026 3879 4032 3888 3729 4001 3573 3983 3845 3783 3759 4200 3835 4323 3665 3967 3506 3916 3514 3769 3893 3821 3667 3860 3699 3442 3785 3637 4049 3982 3849 4178 3691 3971 3838 4073 3632 3941 3392 3607 3761 3649 3571 4192 3926 3433 3778 4294 3634 3466 3621 3888 3555 3625 3963 4006 3793 3963 4076 3634 3876 3900 3752 3844 3660 3914 3704 3888 3610 3891 3652 3295 3926 3527 3241 3703 3793 4016 3201 4047 3633 3838 3589 3927 3896 3639 3969 3736 3787 3919 4047 3703 3765 3872 3870 3989 4217 3835 3593 4133 3850 3781 4017 3898 3541 3873 3638 3476 4205 3608 4115 3822 3849 3772 3916 3694 4054 3667 3901 3794 3616 3801 3752 3374 4065 3808 3465 3741 3642 3727 3489 3867 3688 3942 3747 3898 3687 3761 3828 4258 3983 3879 3628 3589 4014 3833 3854 3537 3759 3731 3859 3749 3810 3529 3567 3954 3460 3703 4083 3804 3549 3657 3584 3957 4018 3790 3700 3907 3325 3639 3606 3573 4335 3985 3713 3845 3981 3520 3364 3789 3933 3645 3990 3597 3657 3853 3804
3884 3655 3735 3659 3606 3587 3560 3640 4277 3990 3788 4213 3922 3806 3800 4098 3689 4046 3861 3553 4064 4070 3880 3706 4111 3793 4297 3555 4009 3744 3945 3818 3865 3952 3895 3708 3524 3908 3925 4038 3698 4068 3964 4089 4178 3866 4008 4143 4291 4137 3538 3883 3614 3907 3670 3560 4068 3924 3721 3480 4293 3764 3635 3715 3789 3608 3745 3818 4146 4121 4109 4091 3753 4036 4065 3677 4060 3710 3964 3809 4002 3889 3993 3624 3594 3946 3721 3624 4141 3822 3981 3387 4041 3512 3985 3533 3765 3866 3627 4357 3747 3835 3999 3904 3846 3850 4033 4005 3988 4182 3573 4042 4082 3787 3909 3853 3707 3620 4061 3827 3616 4136 3502 3955 4005 4185 3942 4002 3520 3974 3656 3688 3901 3598 3715 3952 3423 3866 3705 3668 3762 3690 3990 3625 4087 3664 3848 3673 4067 3800 3718 3979 3899 3878 3787 3658 3666 4158 4037 4107 3709 3889 4013 4014 3761 3781 3550 3918 4066 3431 3872 3995 3488 3728 3794 3866 3901 4034 3653 3643 3929 3480 3763 3753 3514 4224 3974 4137 3773 3997 3515 3322 3944 3932 3418 4075 3649 3637 4006 3680
3929 3735 4118 3972 4021 3800 3872 4118 3954 4137 4290 4519 4179 4053 3992 4432 3957 4276 3910 3948 4271 4234 4337 4036 4746 4083 4492 3611 4305 4151 4237 4065 3982 4315 4410 3908 4047 4036 3888 4284 3985 4641 4137 4455 4488 4158 4372 4143 4317 4394 3877 4017 4021 4337 3855 3882 4431 3848 3947 3882 4429 4130 3930 4232 3905 3859 4150 4068 4309 4274 4182 4469 3990 4519 4124 3981 4324 4050 4289 4140 4212 4068 4327 3692 3893 4434 4009 3786 4194 4334 4177 3590 4489 3633 4235 3866 4127 4141 3863 4326 4186 4175 4202 4316 3867 4597 4444 4249 4415 4557 3933 3769 4236 4034 4005 3979 4175 3798 4352 4042 3840 4417 3992 4340 4100 4047 4064 4210 3771 4389 4223 4009 3900 3801 4107 3841 4120 4154 4242 3878 4251 4289 4016 3775 4270 4130 4220 3813 4241 4049 4030 4200 4363 4356 4071 4081 3593 4322 4526 4150 3807 4166 4071 4101 3725 3968 3951 4031 4059 3807 3722 4330 3830 3983 4042 3898 4310 4094 4065 3956 4319 3704 3729 4024 4032 4515 4256 4328 4193 4360 4125 3572 3987 4113 3705 4347 3743 3936 4293 4314
4538 4137 4377 4428 4211 4143 4147 4618 4257 4387 4415 4879 4648 4448 4427 4622 4264 4584 4494 4244 4421 4492 4462 4336 4898 4399 4860 4162 4585 4591 4537 4209 4210 4474 4346 4273 4265 4672 4216 4587 4233 4955 4604 4908 4861 4377 4438 4545 4671 4636 4204 4269 4138 4568 4279 4319 4907 4363 4127 4208 5087 4181 3884 4434 4504 4116 4240 4541 4967 4449 4441 4579 4354 4752 4298 4371 4405 4184 4525 4233 4542 4516 4690 4237 4093 4615 4478 3922 4394 4276 4413 4015 4600 3945 4630 4241 4514 4246 4326 4704 4385 4507 4520 4493 4443 4603 4353 4321 4627 4680 4516 4351 4562 4429 4399 4375 4508 4273 4590 4216 4086 4651 4172 4578 4352 4410 4266 4830 4183 4750 4286 4199 4287 4225 4283 4230 4049 4526 4555 4189 4620 4440 4492 4250 4530 4425 4587 3762 4498 4421 4394 4519 4584 4449 4513 4289 4199 4652 4706 4779 4289 4589 4492 4543 4444 4271 3905 4111 4518 4171 4144 4673 4265 4340 4249 4456 4565 4727 4205 4383 4746 4109 4196 4272 4199 4874 4872 4531 4412 4727 4351 3903 4481 4536 4167 4558 4292 4312 4315 4431
4095 4271 4143 4254 3859 4183 3950 4203 4122 4329 4180 4761 4505 4360 4335 4560 4148 4266 4306 3979 4042 4350 4305 3968 4549 4031 4716 3972 4451 4374 4358 4194 4132 4267 4258 3967 3937 4267 4193 4578 4104 4492 4378 4384 4530 4103 4222 4187 4380 4253 4112 4071 3870 4254 3920 4254 4571 4404 4114 3902 4564 4154 4033 4156 4325 4032 4230 4358 4540 4379 4467 4310 4109 4476 4280 4280 4095 4048 4156 4259 4221 4328 4321 3788 3873 4322 4072 4175 4119 4353 4219 3927 4259 4026 4220 4306 4101 4140 4053 4252 4078 4263 4398 4251 4053 4242 4233 4228 4416 4526 4233 4233 4328 4179 4421 4039 4253 4069 4282 4222 3994 4600 4131 4291 4272 4290 4397 4349 3926 4149 4027 4300 4289 4181 4152 4250 3946 4556 4371 3808 4325 4261 3966 3839 4375 4351 4450 3708 4539 3921 4307 4301 4548 4331 3819 4192 3947 4529 4567 4393 3742 4361 4239 4385 4112 4283 3792 4128 4229 4039 4004 4376 4233 4084 4019 4109 4247 4571 4163 4162 4438 3834 4021 3993 4043 4690 4678 4182 4262 4366 4108 3713 4223 4529 4120 4278 4070 3958 4299 4090
4370 4364 4031 4197 4116 4058 3788 4317 4197 4215 4281 4494 4282 4120 4102 4295 4254 4252 4412 3880 4040 4304 3982 3929 4454 3901 4456 3857 4287 4247 4262 4153 3971 4248 3979 4018 3832 4224 3844 4365 3932 4358 4029 4166 4343 3889 4165 4194 4267 4351 3797 3828 3738 4024 3926 3985 4468 4033 3756 4018 4484 4007 3700 4076 4038 3594 3993 4163 4268 4309 4307 4277 4145 4438 3968 3746 4183 3908 4419 4089 4335 3971 4275 3779 3586 4279 4122 3857 4113 4330 4245 3576 4568 3797 4460 3863 3889 3932 3578 4332 3916 3953 3988 4113 4035 4099 4041 4104 4083 4529 4028 4014 4168 4029 4123 4176 4206 4066 4419 4049 3680 4501 3950 4294 4137 4291 3966 3919 3862 4313 3965 4346 4238 4104 3911 3972 3738 4079 4208 3761 4125 3988 4086 4128 4262 4027 4161 3898 4132 4164 3995 4249 4277 4298 4036 4127 3780 4363 4147 4177 4124 3777 4154 4138 3934 4173 3623 3945 4095 3824 3989 4195 3985 3934 3766 4034 4129 4410 4293 3910 4386 3579 3860 4171 4098 4350 4263 4059 4144 4051 3949 3518 3860 4274 3790 4363 3967 3969 4157 4068
4083 3839 3874 3798 3627 4021 3748 4200 4035 3871 4026 4537 4350 4302 4244 4387 3874 4268 4141 4111 4195 4103 3868 3911 4314 3910 4499 4048 4019 4154 4270 3962 3969 4087 4073 3908 3778 3962 4002 4278 3987 4403 4049 4208 4373 4051 4208 4054 4351 4073 3779 3612 3782 3940 3879 4149 4382 3958 3876 3903 4308 3905 3677 4250 4186 3882 4063 3962 4325 4198 4041 4074 4067 4306 3717 4071 4212 3953 3913 3998 4163 3929 4240 3647 3583 4198 4155 3983 4181 4147 4078 3685 4220 3743 4028 3617 3990 3962 3774 4517 3939 4076 4360 4218 4050 4227 4020 4296 4117 4129 4038 3973 4106 4203 4195 3855 4211 3860 4195 3830 3868 4003 3735 4274 3978 4130 4253 4108 3729 4311 4009 3965 3954 3947 3836 3766 3766 4376 4088 3578 4121 3830 3982 4008 4059 4165 4200 3639 4093 3936 4111 3954 4173 4398 3904 3912 3857 4391 4347 4286 3852 3953 3802 4226 3895 3823 3539 3891 3967 3843 3804 4113 3854 3807 3727 3873 3960 4284 3825 3927 4340 3697 3719 3837 3748 4211 4325 3936 4178 3938 4118 3710 3880 4368 3927 4307 3855 3708 3999 3968
4193 4013 3890 4278 3779 4002 3440 4389 4048 4070 3960 4581 4185 4213 4011 4166 4053 4073 4123 4108 4033 4279 4010 3870 4255 3965 4313 3892 4244 3989 4137 4047 4345 3923 4307 3883 3934 4002 3926 4269 4018 4575 4166 4243 4347 4280 4434 4138 4488 4076 4124 3654 3888 3916 4008 4051 4588 4108 3721 4059 4684 3975 3907 4176 4075 3906 3962 4294 4368 4326 4237 3982 4019 4409 4216 4038 3851 3793 4380 4095 4330 4072 4328 3743 3812 4258 4167 3803 3992 4401 3982 3781 4319 3855 4041 3936 4136 4006 3772 4641 4381 4055 4417 4277 4019 3949 4018 4118 4290 4303 3841 3821 4256 4072 4256 3908 4412 3760 4192 3802 3950 4219 3844 4134 4256 4278 4059 4091 3879 4209 3860 4022 4071 3885 3893 3936 3972 4251 4143 3841 3931 4188 4246 3921 4078 4010 4276 3731 4268 3847 3964 4005 4182 4291 4052 3895 3759 4264 4401 4081 3729 4224 4011 4187 4088 3932 3863 3994 4101 4017 3809 4704 4064 3963 4088 3978 4310 4341 3922 3975 4326 3861 3838 3958 3859 4402 4299 4338 4075 4364 3933 3637 4063 4334 3838 4223 3992 3816 3851 3951
3921 3762 3938 3607 3716 3950 3724 4184 3910 4082 3955 4515 4022 3987 4014 4342 3891 4160 3980 3929 4056 4178 3950 3793 4420 3718 4489 3721 4086 3823 4088 3754 4067 4127 4024 4066 3710 4309 4037 4251 4179 4075 4078 4222 4216 4059 4048 4127 4329 4245 3863 3827 3909 3911 3747 3877 4272 4193 3932 3811 4600 3648 3778 3966 4092 3858 3779 4261 4280 4007 3927 4050 3756 4326 4142 4029 4203 3810 3907 3953 4012 4120 4036 3530 3576 4297 4108 3542 3935 4125 4023 3338 4310 3354 4229 3641 4062 3970 3746 4405 4009 4145 4337 4049 4044 3907 3843 4088 4138 4211 3955 3862 4283 3973 4011 3927 3945 3856 4152 3918 3742 4144 3677 4177 4290 4448 4136 4325 3911 4128 4026 3946 3936 3929 3819 4155 3582 4167 4102 3560 3993 3838 4159 3701 4119 3915 4284 3578 3892 3886 4157 4039 4070 4171 3897 3902 3616 4148 4079 4219 3721 4029 3948 4240 3841 3981 3699 3738 4066 3821 3771 4271 4110 3803 3657 4069 4077 4386 3903 3888 4017 3718 3909 3886 3810 4177 4449 4001 3944 4075 3944 3568 3683 4378 3584 4105 3646 3810 3978 3982
3828 3551 3841 3639 3408 3599 3607 3916 3838 3843 3953 4297 4097 3634 3740 4290 3627 3701 3843 3477 4213 4035 3614 3827 3972 3666 4530 3832 3847 3664 3934 3982 3920 4020 3876 3695 3672 4020 3737 4348 3858 4188 3949 4001 4030 3724 3927 3991 4279 3877 3618 3658 3672 3791 3619 3808 4136 4102 3643 3686 4595 3627 3709 3885 4013 3450 3735 3995 4222 3689 3746 3944 3574 4246 4052 3972 3813 3917 3732 3534 4045 3665 3809 3322 3593 3972 3713 3498 3765 3814 4089 3411 3961 3396 4036 3609 3988 4028 3782 4277 3772 3934 3932 4125 3776 3800 3969 3863 4077 4215 3991 3853 4180 3650 3832 3706 3730 3800 3989 3727 3780 4055 3609 3871 4041 4110 4037 4205 3650 3766 3871 3724 3749 3843 3650 3705 3670 4184 4087 3652 3753 3917 3939 3801 3906 3992 4095 3538 3860 3810 3835 3820 4008 4096 3734 3683 3681 4188 3984 4194 3759 4037 3707 3911 3638 3891 3342 3847 3908 3545 3745 3910 3708 3488 3579 3875 4036 4247 3465 3900 4072 3421 3633 3666 3797 4080 4195 3830 4009 3907 3840 3587 3765 4152 3690 4302 3743 3570 4127 4149
4525 4004 4281 4290 3863 4138 4066 4238 4080 4319 4268 4628 4367 4325 4330 4488 4023 4180 4568 4103 4492 4336 4049 4042 4676 4278 4752 4014 4388 4378 4568 4024 4408 4187 4198 3835 4094 4025 4219 4561 4351 4551 4247 4378 4523 4412 4590 4450 4532 4306 4289 3980 3986 4120 4346 3994 4545 4011 3907 4302 4688 4123 4029 4401 4336 4128 4156 4269 4544 4503 4365 4550 4147 4341 4355 4349 4009 4156 4263 4325 4477 4125 4369 3801 3768 4487 4562 4062 4011 4061 4397 3847 4581 4121 4385 4210 4178 4359 3913 4562 4278 4364 4491 4594 3861 4502 4478 4402 4341 4579 4128 4199 4331 4271 4470 4388 4458 3904 4348 4411 4078 4626 3884 4659 4249 4297 4212 4365 4191 4412 4000 4061 4257 4133 4167 4238 4229 4477 4363 4105 4296 4303 4347 3990 4616 4499 4274 3980 4615 4203 4209 4314 4512 4520 4282 4061 3958 4608 4552 4381 4059 4114 4268 4192 3950 3946 3837 4119 4367 3964 3995 4419 4293 4190 4034 4102 4554 4490 4420 4111 4397 3551 4031 4201 4157 4707 4217 4381 4407 4221 4193 3521 4148 4277 3987 4356 4060 3947 4275 4460
4014 3758 4093 4172 3756 4141 3717 4293 4016 4126 4035 4507 4171 4067 4114 4408 3969 4163 3999 3950 4251 4089 4128 4071 4484 3734 4600 3697 4166 3982 4138 3955 4103 4123 3900 3897 3665 3988 3724 4419 4036 4271 4170 4334 4438 4069 4180 4127 4411 4299 3883 3782 3693 3972 3862 3965 4134 4026 3924 3797 4618 3917 3948 4230 4199 3576 3936 4135 4412 4005 4390 4167 3957 4522 4078 4159 4147 3884 3854 3805 4113 3848 4103 3676 3634 4127 4085 3836 3992 3883 4038 3487 3978 3826 4135 3731 3792 3979 3869 4297 4135 4162 4224 4215 4051 4010 4121 4126 4181 4293 3990 4020 4310 4091 4004 3950 3804 3915 4189 4005 3802 4274 3775 4060 4250 4285 4066 4383 3929 4201 3919 3841 3965 4088 3908 4108 3750 4234 4150 3991 4093 4002 4233 3768 4053 4198 4286 3836 4224 4155 4001 4121 4237 4248 3988 3751 3771 4262 4172 4178 3835 4006 4020 4109 3857 3905 3591 4285 4180 3815 4006 4189 4069 3898 3891 3945 4003 4256 3811 3995 4078 3626 3821 3832 4027 4308 4547 4176 4081 4086 4098 3797 4137 4313 3976 4230 3892 3684 4150 4242
4219 4019 4012 3914 3837 3968 3846 4075 3966 3851 4020 4315 4131 4027 4103 4055 3774 4334 4227 3829 4476 4148 4177 3687 4302 3702 4429 3800 4059 4095 4137 3857 4069 3936 3764 3914 3816 4154 3783 4231 3965 4103 4125 4284 4342 4085 4075 4035 4360 4359 3585 3977 3721 3941 3683 3885 4304 4043 3914 4078 4616 4141 3784 4048 3964 3635 3918 4211 4263 3852 4211 4083 3851 4522 3906 3738 3913 4049 4169 3895 4164 4053 3976 3663 3760 4241 4034 3702 3968 3958 4149 3282 4084 3611 4089 3895 3902 3804 3956 4282 3905 4132 4169 4009 4097 4268 4026 4039 4321 4306 4078 3915 4154 3874 3863 4113 4018 3921 4070 3889 3796 4429 3889 4211 3944 3994 3967 4145 3739 4288 3857 3792 3810 3736 3980 3991 3791 4297 3993 3646 4134 3885 3946 3756 4143 4031 3987 3779 4300 3982 3906 4130 4460 4158 4104 4162 3795 4145 4329 4092 3725 4084 4022 4211 3764 4016 3797 3843 3818 3792 3928 4165 3957 3782 3777 3918 4235 4054 3703 3795 4140 3516 3799 3820 3564 4282 3993 3990 4040 3908 3883 3697 4058 4254 3682 4173 3726 3706 3988 4079
4163 3835 3962 3978 3710 3740 3595 4059 3726 4072 3937 4374 3970 3811 4138 4066 3875 4160 3982 3908 4184 4064 3924 4038 4398 3772 4149 3929 3918 3938 3989 3748 4002 4079 3863 4002 3730 4119 3978 4282 3760 4239 3949 4165 4237 3697 3997 4197 4177 4118 3537 3790 3606 3880 3758 3832 4287 3979 3844 3966 4447 3626 3704 4111 4175 3455 3715 4139 4057 4026 3906 4153 3490 4268 4238 4003 3914 3822 4136 3935 3932 3905 4143 3759 3714 4112 3929 3442 3824 4028 4067 3499 4120 3620 4033 3721 4092 4173 3661 4303 4060 3980 4212 4136 3884 3805 4092 3933 4102 4346 3750 3929 4020 3926 4058 3842 3861 3910 4141 3806 3755 4138 3693 4387 4079 4062 4198 4169 3728 4070 3752 3721 3840 3940 3882 3870 3760 4312 3889 3789 3979 3971 4098 3760 4097 4033 4274 3788 4109 4025 3877 4060 4253 4275 4031 3770 3580 4239 4150 4251 3540 4025 3993 4120 3755 3909 3572 3753 4086 3814 3681 4162 3826 3900 3767 3995 4349 4399 3875 3903 4126 3607 3819 3629 4013 4472 4283 3853 3998 4089 3869 3187 4056 4177 3705 3927 3718 3718 3956 4152
4034 3675 3804 4077 3822 3785 3723 3954 4017 4037 3852 4407 4142 4245 3888 4409 3908 4086 4033 3831 4378 3943 4000 3839 4333 3980 4544 3884 4176 4001 4236 3835 3898 4065 3928 3954 3734 4032 3845 4195 4004 4219 3795 4010 4380 3981 3998 4061 4364 4154 3928 3640 3818 3984 3850 3905 4285 3956 3639 3843 4480 3707 3853 3981 3998 3649 3740 4003 4425 4114 4004 4320 3861 4299 3920 3859 3921 3770 3921 3913 3999 3922 4026 3659 3370 4088 3830 3923 3914 4108 4280 3501 4019 3928 3936 3775 4033 3830 3799 4324 3810 4101 4250 4137 3941 3852 3824 4032 4184 4202 4184 4055 4143 4020 4166 4067 4071 3795 4209 3776 3792 4136 3747 4084 4121 4160 4195 4002 3893 4291 3804 3893 4027 3882 4028 3909 3644 4256 3959 3608 4024 3851 4170 3756 4158 3936 3871 3604 4215 3924 4131 3933 4162 4088 4081 4003 3704 4133 4171 4293 3935 3844 3974 3933 3957 4037 3834 3829 3955 3739 4057 4161 3976 3753 3883 3888 4071 4312 3614 3814 4244 3776 3774 3695 3848 4251 4276 4125 4139 3971 3842 3660 4010 4252 3911 4265 4057 3699 4045 4170
3818 3844 3950 4048 3843 3898 3638 4085 3954 3838 3959 4437 4398 4158 4070 4375 3787 4119 3926 3994 4090 4040 4131 3878 4417 3831 4190 3611 4207 4019 4235 3747 3872 3959 4035 3709 3615 3753 3950 4199 3858 4112 3976 4176 4224 4066 4324 4071 4256 3829 3725 3861 3791 3785 3936 3834 4417 3959 3737 3838 4391 3847 3600 4015 4132 3730 3816 4188 3996 4053 4191 3978 3906 4287 4038 3965 4061 3889 4150 4024 4065 4090 4151 3690 3698 4221 3892 3901 4035 3983 3853 3610 4093 3763 3827 3671 3923 4220 4018 4331 3938 4122 4333 3898 4059 4096 4049 4103 4272 4197 3967 4189 4142 3903 3958 3879 4232 3727 4126 3857 3821 4282 3582 4030 4034 4235 3988 4109 3688 4223 3933 4073 3866 4091 3936 3949 3861 4319 4007 3630 4131 3950 4125 3716 3995 3816 4229 3570 4177 3831 3805 4068 4105 4299 3964 3830 3634 4237 4335 4196 3686 4175 3998 4167 3883 3998 3878 4050 3951 3825 3663 4094 3957 3850 3741 3839 4284 4295 4016 3925 4189 3740 3594 3832 4006 4280 4204 4277 4221 4070 3716 3586 4112 4520 3838 4432 3791 3701 4067 3967
4192 4137 4027 4021 3631 3796 3719 4263 3994 3953 3987 4399 4148 4118 3962 4141 3791 4104 4174 3759 4251 4132 3890 3919 4156 3814 4214 3696 4161 3978 3996 4055 3867 3983 4021 3927 3865 4090 3721 4274 3903 4215 4130 4124 4237 3961 4193 4009 4379 3920 3868 3527 3865 3954 3748 4120 4136 4186 3602 3917 4502 4018 3757 4167 4062 3597 4007 4222 4241 4022 4332 4111 3886 4115 4067 4067 3849 3815 3991 3972 4092 4040 4177 3561 3630 4162 4016 3645 4013 3944 4146 3473 4167 3451 3949 3791 4055 3846 3669 4384 3967 3999 4021 3987 3933 3898 4011 4062 4125 4254 3925 4153 4302 3989 4038 3797 4024 3981 4131 3697 3950 4346 3642 3905 4174 3978 3843 4235 3791 4125 3801 3728 4024 4044 3760 3785 3885 4124 4110 3583 3962 4073 4078 3764 4117 3991 4148 3576 4113 3759 3872 4044 4209 4155 4064 3893 3912 4430 4203 4021 3915 4299 3901 4012 3725 3984 3704 3912 3900 3864 3873 4195 3955 3684 3918 3817 4029 3956 3906 4060 4242 3546 3801 3911 3727 4020 4202 4086 4058 4228 3820 3726 3995 3965 3817 4040 3794 3884 4060 4005
4233 3896 3819 3908 3812 3816 3730 3984 3920 4081 3915 4292 4120 3927 3988 4285 3959 4180 4083 3899 4234 4237 3962 4138 4389 3919 4510 3618 4007 4017 4169 3711 3860 3999 3757 4062 3702 4264 3819 4215 4039 4109 4075 4320 4317 3956 4117 4086 4295 4137 3839 3715 3773 4043 3750 4006 4088 4114 3813 3929 4632 3751 3512 3979 4103 3578 3649 3997 4078 3769 4045 4255 3728 4421 4178 3798 3954 3699 4258 4023 3918 4023 4063 3615 3569 4215 3731 3873 4030 4163 4274 3365 4246 3842 3825 3701 3955 3906 3783 4373 3867 3896 3881 4093 4003 3863 3969 3967 4277 4091 3848 4006 4063 4025 4036 3850 3948 4122 4186 3954 3727 4248 3642 3926 3809 4142 3943 4117 3845 4072 3839 3915 3991 3893 3898 4030 3570 4101 4015 3840 4036 3959 4246 3750 3901 3857 4134 3815 4094 4086 3796 3988 4298 4096 4062 3979 3809 4095 4153 4318 3714 3928 4038 3961 3866 3959 3682 3796 4020 3539 3965 3991 3744 3791 3599 3922 4220 4217 3877 3782 4214 3766 3694 4012 3842 4396 4237 3939 3985 4028 3971 3503 3752 4141 3696 4020 3712 3697 3924 3762
4234 3842 3710 4049 3822 3800 3837 4160 4089 4031 3789 4552 4406 4254 4060 4383 4180 4199 4113 3787 4286 4299 4063 3983 4385 3929 4274 3976 4053 4154 4334 3831 3995 4021 4120 4092 3770 3894 3898 4323 3939 4130 4247 4188 4298 4212 4209 3961 4371 4169 3788 3873 3968 4119 3950 4012 4531 4053 3755 3980 4719 3677 3955 4040 4089 3942 3882 4039 4286 4209 4223 4197 3851 4340 3914 4098 4057 3809 4136 4213 4312 4169 4155 3731 3539 4166 4130 3844 4042 4118 4025 3567 4434 3736 3835 3769 4013 4136 3883 4510 3907 4206 4239 3901 4153 3976 4015 4041 4226 4234 4019 3954 4218 3987 4418 3984 4008 3840 4077 3883 3865 4283 3901 4121 3984 4225 4060 4238 3732 4096 3929 4011 3925 3840 4179 4030 3855 4498 3979 3519 4254 3710 4107 3794 4178 4015 4135 3738 4097 3915 4167 3996 4268 4215 3970 4153 3899 4168 4284 4410 3780 4030 4073 4169 3816 3902 3771 3916 4024 3654 4079 4311 4041 4157 4000 3900 4240 4225 3842 3840 4331 3495 3652 3947 3699 4318 4066 4399 4054 4114 3843 3582 3987 4356 3889 4302 3954 3943 3991 4070
4273 4014 4103 3999 3931 4171 4066 4235 4488 4104 4265 4548 4256 4287 4179 4723 3839 4479 4265 4032 4444 4324 4237 3885 4580 3881 4482 3691 4250 4239 4389 4237 4141 4336 3990 4384 3811 4113 4024 4439 4178 4455 4358 4337 4593 4370 4187 4268 4498 4500 3971 4005 3747 4245 4133 4062 4476 4212 3831 4081 4667 3999 3773 4268 4010 3997 4132 4123 4458 4194 4424 4266 4142 4520 4182 4168 4246 3882 4040 4068 4232 4130 4166 3912 3721 4383 4071 3894 4290 4152 4361 3664 4524 3768 4223 3791 4265 4098 4009 4561 4180 4368 4327 4391 3915 4429 4231 4278 4327 4563 4146 4171 4207 4213 4171 4148 4178 4029 4501 4253 3781 4367 3842 4303 4615 4468 4273 4623 3840 4357 3964 4050 4137 4156 4008 4536 3717 4271 4276 3945 4366 4378 4052 3755 4428 3907 4207 3962 4609 4176 4082 4269 4298 4432 4195 3982 3996 4687 4507 4430 4139 4245 4139 4167 4056 3965 3872 4270 4316 3859 4043 4296 3863 4000 4017 4317 4384 4430 3805 4104 4335 3813 3956 3970 3973 4534 4227 4362 4417 4343 4102 3990 4218 4391 4047 4381 3970 3946 4467 4176
3840 3582 3821 3774 3583 3745 3677 3812 3714 3819 3549 4184 3838 4040 3663 3894 3459 4131 3923 3693 3925 3950 3795 3657 4163 3481 4213 3545 3909 3923 3921 3577 3661 3831 3825 3796 3652 3729 3621 4038 3699 3868 3826 3921 4051 3883 3817 3931 3877 3725 3708 3551 3659 3866 3836 3528 4138 3925 3533 3766 4308 3947 3374 3774 3561 3465 3588 4055 4111 3947 3851 3990 3606 3717 3979 3720 3781 3544 3644 3803 3719 3773 3762 3480 3610 3800 3853 3624 3717 3551 4035 3272 3827 3472 3768 3227 3707 3811 3623 4064 3710 3832 3867 3810 3760 3893 3880 3977 3957 4130 3746 3730 3860 4003 3684 3626 3884 3637 3886 3837 3787 4140 3677 3966 3804 3781 3819 3976 3571 3992 3506 3665 3839 3763 3760 3752 3574 3980 3768 3490 4010 3788 3911 3542 4113 3873 3984 3574 3821 3547 3754 3978 3959 3935 3728 3989 3525 4223 4039 3992 3573 3968 3786 3813 3833 4086 3433 3867 3788 3395 3661 4190 3573 3695 3731 3578 3754 3842 3416 3691 3940 3518 3471 3472 3457 4031 4125 3786 3918 3914 3616 3326 3976 3980 3817 3775 3602 3650 3910 3764
4257 3819 3925 4034 3816 4032 3947 4266 3803 4146 4080 4586 4133 4124 4221 4423 3826 4287 4299 3765 4156 4261 4161 3885 4536 3893 4433 3727 4301 4081 4085 3936 4161 3908 3953 3978 3825 4159 4111 4464 3901 4329 4402 4525 4460 4197 4074 4313 4531 4169 3909 3856 3699 4226 3958 4101 4265 4105 3756 3946 4744 4025 3832 4210 4099 3721 3864 4235 4325 4130 4278 4228 3954 4404 4222 4085 4018 3971 4295 3958 4079 4082 4252 3960 3831 4089 4071 3778 3960 4105 4150 3732 4329 3710 4287 3937 4167 3867 3782 4301 4031 4138 4497 4190 4032 4218 4155 4232 4522 4503 3937 4038 4324 4036 4149 3957 4115 3879 4213 4166 3867 4592 3935 4223 4167 4308 3957 4237 3968 4239 3883 3974 4014 4005 3959 4016 3921 4212 4246 3713 4227 3946 4236 3854 4217 4139 4195 3714 4082 4149 4040 4215 4223 4167 4076 4204 3851 4403 4562 4437 4034 4232 4037 4263 4048 4210 3746 4064 3981 3716 3891 4364 3881 4019 3857 4207 4194 4319 3929 3990 4282 3825 3695 3917 3867 4388 4517 4014 4081 4402 4124 3731 4070 4394 3772 4152 4143 3861 4078 4009
4373 4314 4424 4418 3972 4267 4287 4568 4284 4434 4567 4710 4486 4752 4600 4804 4244 4574 4584 4352 4457 4549 4324 4236 4444 4320 4827 4156 4731 4360 4537 4113 4328 4474 4210 4311 3996 4602 4294 4673 4238 4646 4329 4532 4619 4355 4524 4648 4595 4536 4203 4023 4108 4538 4277 4000 4790 4183 4458 4266 4842 4108 4187 4480 4350 4308 4073 4356 4483 4401 4549 4323 4134 4934 4345 4314 4303 4076 4453 4315 4645 4757 4563 3935 3957 4646 4480 4363 4316 4328 4287 3654 4360 4072 4646 4239 4176 4283 4185 4673 4058 4203 4409 4320 4369 4432 4599 4447 4661 4934 4212 4050 4546 4230 4496 4224 4399 4096 4558 4290 4194 4873 4085 4575 4461 4616 4517 4478 4074 4539 4161 4420 4414 4357 4493 4215 4001 4627 4354 4087 4736 4547 4501 4217 4661 4404 4778 3993 4431 4228 4467 4333 4483 4405 4408 4213 4088 4692 4618 4567 3992 4372 4762 4637 4132 4477 4033 4502 4321 4067 4158 4446 4331 4125 4295 4137 4584 4555 4184 4134 4758 3908 4278 4292 4055 4710 4607 4409 4332 4442 4165 4046 4450 4688 3994 4776 4505 4156 4436 4170
4145 3758 3953 3988 3827 3882 3605 4153 3806 4093 4071 4357 3999 3993 4058 4108 3664 4167 4153 3808 4134 3987 3831 3788 4074 3903 4419 3598 4121 3700 4090 3827 3935 3959 3836 3764 3642 3988 4000 4220 4001 4209 4075 4208 4147 3820 4353 4157 4344 3904 3695 3733 3856 3899 3735 3727 4127 3998 3935 3885 4444 3832 3603 4019 3838 3646 3785 4092 4277 3836 4133 4236 3929 4343 4182 4066 3823 3686 4088 3956 4207 3907 3983 3739 3728 4132 3649 3677 3774 3817 4114 3357 3958 3782 3964 3707 4087 3997 3768 4244 3927 4035 4230 4071 3853 3855 4079 4118 4437 4325 3853 3960 4111 3882 4083 3934 3932 3834 4151 3894 4033 4514 3606 4153 4078 4029 4048 4347 3683 3831 3607 3771 3811 3864 3837 3905 3623 4006 3826 3785 3927 3903 4142 3839 4071 4185 4167 3665 3939 3775 3960 4127 4319 4147 4046 3979 3546 4157 4092 4147 3819 4197 4124 3863 3769 3734 3564 3821 4105 3585 3907 4219 3667 3813 3716 3973 4343 4252 3725 3942 4069 3686 3691 3721 3802 4214 4218 3908 4066 4029 3739 3566 3981 4140 3692 4021 4056 3986 4070 4173
4484 4051 4108 4011 3926 3869 3838 4215 4101 4085 4180 4394 4384 4302 4298 4392 3976 4151 4589 3997 4188 4193 4172 4172 4419 4066 4598 4005 4295 4072 4369 4090 4287 4075 4144 4007 4179 4248 3864 4192 4082 4461 4305 4195 4594 4152 4307 4436 4622 4225 4093 3965 3961 4112 4105 3983 4452 4200 4005 4058 4576 3936 3506 4104 4147 3731 3929 4262 4342 4176 4239 4284 4037 4313 4087 4101 3994 4074 4162 4140 4421 4229 4400 3817 3647 4318 4163 3925 4047 4191 4226 3863 4405 3880 4171 3871 4111 4075 3714 4452 4042 4287 4218 4157 4184 4199 4003 4172 4410 4293 3927 4008 4290 4204 4261 3883 4043 3950 4359 3989 3825 4371 3709 4135 4125 4228 4087 4430 3914 4241 3908 4104 4263 3928 4040 4178 3792 4261 4212 3736 4369 4284 4150 3907 4295 4208 4242 3750 4321 4051 4023 4218 4462 4563 4075 3904 3820 4442 4422 4417 3968 4136 4125 4273 4050 4330 3850 4114 4219 3815 3956 4348 3995 4165 3888 4200 4424 4457 4090 3829 4348 3766 3815 4063 4169 4620 4587 4328 4197 4101 3988 3542 4293 4223 3972 4243 3926 4054 4012 4158
3835 3550 3564 3866 3496 3674 3468 3857 3954 3796 3801 4245 3901 3971 3645 4155 3714 3736 3792 3559 3871 3894 3806 3500 3971 3567 4424 3657 4048 3735 3888 3759 3845 3782 3748 3838 3393 3468 3547 3919 3694 3915 3707 3921 3949 3736 3735 3689 3951 3784 3509 3571 3603 3759 3767 3836 4035 3748 3417 3577 4220 3687 3350 3923 3826 3290 3746 3991 4234 3537 3928 3911 3469 4124 3733 3587 3703 3499 3782 3783 3993 3750 3886 3522 3318 3981 3816 3477 3883 3771 3814 3180 3977 3401 3855 3651 3733 3962 3601 4266 3824 3892 3856 3849 3982 3545 3779 3923 4043 4178 3894 3928 3902 3958 3802 4041 3798 3676 3768 3702 3383 4218 3500 3948 3972 3917 3836 3977 3606 3977 3259 3555 3680 3584 3745 3929 3355 4037 3548 3376 3909 3711 3763 3344 4033 3804 3829 3780 3944 3599 3610 3700 4035 3956 3772 3787 3333 4149 4085 3759 3495 3850 3811 3846 3501 3787 3477 3714 3871 3594 3699 4042 3677 3587 3634 3615 3827 4045 3603 3596 4015 3632 3655 3623 3560 4061 4036 4024 4166 3751 3673 3478 3747 4007 3703 4162 3604 3642 3932 3842
4104 3978 3941 3900 3476 3607 3773 3961 3851 3712 4037 4307 4023 3836 3798 4165 3859 4278 4001 3758 4246 4041 4106 3679 4137 3929 4502 3707 4039 3950 4229 3982 3716 4114 3886 3835 3571 4110 3739 4256 3959 4286 3965 4221 4282 3853 4067 4163 4220 4118 3497 3737 3628 3815 3750 3767 4101 4011 3719 3625 4358 3707 3761 3925 4008 3843 3773 4317 4386 4114 4014 4217 3894 4368 3932 3841 4022 3644 4007 4068 4157 3966 3977 3620 3660 4252 3821 3526 4048 3858 4166 3532 4059 3635 4007 3651 3843 3874 3450 4226 3592 4116 3907 3977 3905 3937 3944 4123 4259 4357 4120 4051 3898 3752 3957 3989 4139 4018 3979 3998 3557 4173 3593 3887 3979 4080 3846 4032 3934 4003 3904 3829 4063 3798 4027 3946 3581 4115 4012 3391 4030 4101 3879 3945 4216 3950 4022 3704 4207 3954 3851 3900 3993 4294 3935 3869 3748 4305 4092 4131 3492 3893 4272 3963 3844 3921 3545 3878 3850 3620 3708 4084 3791 3724 3630 3873 4260 4120 3859 3649 4170 3617 3641 3911 3903 4249 4137 4305 4249 4090 3774 3397 4082 4156 3560 4137 3823 3641 4118 4036
4403 4206 4443 4412 4066 4066 4224 4561 4413 4352 4303 4835 4709 4540 4469 4758 4371 4544 4585 4161 4652 4679 4281 4228 4731 4162 4869 4321 4556 4244 4680 4233 4323 4517 4493 4116 4191 4369 4304 4566 4245 4738 4491 4477 4874 4451 4616 4747 4793 4449 4329 4239 4254 4340 4317 4264 4818 4362 4160 4239 4835 4207 4132 4367 4335 3935 4250 4360 4724 4682 4465 4611 4245 4688 4411 4469 4499 4280 4387 4311 4660 4523 4616 3895 3909 4552 4388 4354 4314 4207 4394 3936 4560 4280 4367 4096 4426 4407 4255 4596 4318 4527 4473 4520 4180 4554 4228 4514 4554 4704 4358 4217 4519 4281 4482 4355 4425 4217 4688 4436 4148 4771 4121 4499 4472 4766 4537 4500 4161 4617 4161 4363 4630 4378 4368 4202 4240 4725 4399 4101 4664 4406 4506 4250 4724 4412 4635 4114 4682 4359 4502 4348 4541 4627 4453 4300 4113 4713 4608 4689 4161 4172 4258 4505 4262 4373 4016 4483 4404 3996 4089 4642 4292 4263 4292 4315 4600 4666 4268 4302 4701 4076 4213 4385 4317 4737 4723 4612 4529 4620 4175 3923 4401 4691 4215 4799 4389 4216 4537 4355
3841 3711 3704 3623 3614 3632 3702 3814 3749 3653 3987 4322 4047 3839 3870 4191 3475 4075 3729 3521 3930 3857 3898 3706 4161 3634 4347 3513 3782 3699 3894 3635 3578 4009 3971 3690 3603 3787 3782 4007 3709 4062 3918 4118 4126 3606 3836 3782 3911 4054 3561 3450 3429 3717 3550 3512 4205 4001 3665 3601 4227 3620 3553 3865 3861 3615 3590 3858 3977 3995 3670 3730 3460 4077 3751 3840 3956 3731 3896 3788 3624 3723 3867 3349 3614 4067 3618 3591 3734 3807 3807 3405 3882 3261 3933 3430 3879 3835 3753 3951 3814 4030 3925 3929 3647 3755 3704 3774 3963 3998 3704 3737 3974 3660 3829 3655 3782 3555 4026 3994 3516 3863 3407 3863 3913 3887 3916 3842 3683 3798 3783 3841 3802 3750 3712 4077 3486 3923 3792 3346 3725 3975 3602 3755 3880 3695 3826 3598 3890 3766 3669 3885 3975 4052 3693 3687 3537 4157 4088 4089 3567 3854 3815 4015 3741 3915 3382 3699 3900 3554 3675 4087 3777 3613 3588 3646 3914 4017 3569 3642 4116 3390 3639 3649 3656 4224 4030 3675 3827 3769 3803 3374 3660 4232 3505 4014 3685 3558 3856 3764
4550 4174 4278 4297 4051 4239 4126 4493 4262 4253 4372 4730 4426 4490 4663 4719 4333 4472 4475 4194 4742 4555 4441 4344 4675 4355 4649 3985 4453 4408 4736 4277 4218 4483 4167 4406 4248 4522 4188 4654 4285 4476 4371 4603 4641 4278 4513 4777 4564 4662 4233 4200 4124 4266 4170 4185 4700 4444 4186 4333 4851 3937 4205 4199 4365 4075 4136 4640 4641 4354 4474 4673 4121 4548 4553 4518 4456 4195 4348 4486 4592 4509 4437 3893 4078 4475 4371 4090 4236 4428 4346 3891 4588 3973 4482 4043 4700 4318 3961 4815 4252 4397 4571 4337 4500 4404 4233 4573 4657 4570 4394 4457 4673 4510 4319 4389 4507 4180 4727 4334 4192 4788 3864 4523 4319 4612 4274 4496 4171 4447 4216 4217 4307 4263 4371 4419 4104 4632 4364 4078 4468 4379 4486 4432 4570 4165 4544 4027 4468 4354 4252 4214 4712 4680 4560 4375 4044 4668 4748 4571 4085 4330 4477 4506 4183 4309 4163 4125 4435 3993 4222 4674 4245 4381 4039 4392 4486 4596 4151 4029 4764 4056 4164 4217 4302 4678 4706 4482 4756 4519 4333 3776 4465 4607 4037 4691 4192 4148 4559 4367
4352 4207 4057 4022 3787 4163 3890 4265 4254 4062 4116 4522 4425 4350 4175 4293 4183 4174 4090 4173 4484 4422 4334 4234 4652 4111 4436 4087 4197 4179 4133 4139 4323 4192 4197 3889 3955 4228 3981 4574 4151 4316 4391 4389 4292 4275 4461 4439 4507 4302 3943 3912 3811 4184 4078 4087 4440 4435 3696 4191 4591 4269 3940 4286 4293 3616 4116 4489 4671 4482 4294 4461 4059 4283 3961 4219 4236 3834 4389 4286 4384 4028 4451 3744 3915 4243 4273 3895 4045 4271 4271 3957 4456 3968 4314 3948 4179 4042 4123 4494 4271 4388 4420 4348 4078 4233 4085 4367 4372 4707 4234 4060 4332 4279 4226 4086 4488 4262 4424 4107 4083 4394 3760 4355 4209 4552 4074 4456 3866 4309 3914 4234 4326 4084 4251 3990 4120 4208 4269 3913 4284 4398 4305 4091 4315 4036 4054 4120 4225 4079 4128 4376 4497 4514 4190 3948 4070 4547 4582 4439 4211 4226 4138 4386 3942 4049 3749 4183 4016 4012 3994 4431 4173 3787 3957 4281 4141 4259 3999 4121 4685 3702 3800 4155 3932 4453 4401 4435 4230 4133 4037 3751 4308 4462 3979 4358 3945 3943 4298 4267
3962 3617 3880 3943 3653 3509 3349 3899 3678 3571 3804 4110 4005 4045 3834 4004 3602 3971 3993 3714 4317 3718 3878 3702 4153 3802 4356 3683 3911 3833 4155 3782 3929 4002 3859 3708 3351 3811 3573 3842 3835 4192 3719 3856 3863 3861 3935 4055 4278 4165 3690 3820 3619 3696 3600 3559 4175 3799 3512 3840 4217 3770 3408 3969 3773 3663 3773 3890 4264 3914 3656 4019 3742 4213 3899 3648 3775 3811 3581 4001 3858 3762 3920 3359 3580 3912 3746 3462 3606 3838 3926 3438 4012 3682 3866 3518 3684 4011 3509 4228 3657 3754 3764 3928 3800 3805 3783 3873 4057 4020 3675 3667 3884 3842 3740 3661 3952 3949 4077 3898 3786 4007 3641 3735 3874 3923 3818 3802 3849 4010 3759 3703 3871 3592 3794 3685 3755 3963 3907 3425 3861 3914 4023 3486 3958 3876 3808 3457 4184 3849 3857 3730 3992 4061 3813 3536 3356 3876 4021 3919 3840 3900 3954 3901 3660 3732 3232 3981 3660 3486 3849 3882 3707 3573 3581 3734 4147 4206 3642 3376 4342 3455 3561 3789 3842 4014 4126 3788 3779 3649 3706 3448 3977 4230 3425 4195 3706 3667 3804 3994
3983 3869 3881 4015 3805 3965 3724 4179 3830 4163 3803 4281 4208 4109 3963 4116 3842 4044 4154 3985 3880 4049 3935 3793 4219 3837 4265 3648 4070 3788 3987 3918 3850 3786 3947 3944 3790 3861 3505 4144 3734 4076 3689 4053 4040 4005 3920 4207 4202 3933 3813 3908 3555 3937 3752 3854 4222 3808 3545 4128 4371 3921 3601 3742 3752 3508 3863 3923 4172 3850 3953 4016 3914 4044 4069 3881 3952 3800 3823 4124 3834 3921 4091 3467 3576 3941 4057 3737 3647 3964 3921 3627 4182 3792 3880 3818 4014 3875 3722 4105 3981 3864 3928 4070 3818 4064 3740 4151 4146 4087 3928 3767 3933 3919 3900 4029 4079 3768 4192 4065 3665 4494 3718 4024 3723 3953 3799 4123 3596 3978 3709 3897 3902 3736 3853 3917 3858 4306 4141 3725 4097 4012 3911 3689 4073 3730 4081 3557 4056 4009 3924 3965 4250 4045 3838 3747 3668 4162 4162 4029 3872 4142 3923 4034 3794 3906 3753 3889 4073 3819 3855 4261 3914 3743 3773 3961 4127 4056 4047 3819 4226 3525 3567 3875 3903 4106 4154 3870 4170 4119 3743 3575 3951 3925 3973 4011 3608 3720 3952 3700
4077 4018 4029 4016 3894 4016 3812 4338 4035 4227 3968 4625 4285 4372 4270 4371 4280 4401 4372 4031 4334 4394 4215 3867 4576 3986 4706 3946 4443 4350 4303 3596 4121 4104 4052 3914 3998 4197 4016 4266 3829 4328 4463 4400 4703 4324 4441 4147 4305 4353 3875 3944 4048 4250 4287 4129 4599 4284 3984 4025 4645 4363 4079 4226 4185 3770 4330 4207 4415 4393 4546 4542 3838 4615 4226 4149 4062 3863 4346 4115 4625 4268 4372 3694 3803 4334 4319 4196 3945 4361 4315 3607 4238 4192 4195 4107 4162 4216 4376 4275 4176 4202 4513 4216 4377 4025 4241 4257 4286 4422 4262 3960 4416 4466 4266 4431 4246 3936 4171 3808 4028 4673 4159 4452 4342 4419 4189 4221 4036 4329 3951 4289 4182 3972 4139 4085 3994 4385 4099 3878 4259 4038 4051 4098 4472 4211 4263 4022 4395 4113 4154 4250 4448 4276 4299 4332 4133 4336 4427 4381 3759 4196 4187 4410 3977 4097 3863 4212 4122 3966 4054 4515 4104 3947 4086 4057 4232 4188 3989 4063 4460 3734 3860 4004 3898 4617 4414 4211 4159 4386 4086 3963 4132 4282 3731 4486 4221 4173 4493 4166
3735 3594 3486 3545 3366 3632 3359 3786 3561 3569 3649 3847 3998 3865 3749 3887 3565 3793 3539 3423 3781 3693 3677 3631 3949 3434 3883 3369 3800 3531 3576 3489 3783 3738 3589 3383 3395 3509 3389 3746 3520 3916 3666 3756 3769 3377 3677 3601 4129 3967 3611 3298 3294 3452 3324 3744 3860 3638 3348 3594 3916 3348 3476 3549 3519 3095 3574 3397 4039 3876 3784 3888 3575 3932 3543 3649 3788 3530 3697 3698 3743 3661 3841 3258 3567 3576 3474 3243 3525 3860 3723 3368 3845 3183 3514 3427 3479 3555 3329 3904 3811 3733 3850 3665 3532 3861 3429 3791 3704 3956 3570 3579 3646 3493 3496 3507 3896 3605 3939 3578 3527 3892 3370 3688 3790 3830 3648 3638 3418 3669 3394 3538 3549 3648 3465 3576 3544 3816 3833 3278 3661 3612 3675 3670 3753 3552 3778 3469 3695 3640 3467 3687 3923 3868 3544 3384 3359 3963 3684 3865 3657 3703 3500 3721 3350 3545 3102 3509 3528 3597 3336 3917 3556 3308 3579 3632 3841 3782 3543 3623 3831 3258 3282 3607 3618 3825 3756 3618 3758 3859 3603 3191 3571 3753 3253 3940 3263 3353 3805 3879
3969 3797 3904 3810 3655 3912 3694 4177 3947 3794 3755 4235 3962 4215 4107 4355 3484 4040 4007 3746 3999 4137 3929 3671 4172 3889 4487 3520 3998 4072 4030 3847 3992 3974 3875 3858 3690 3842 3776 4245 3828 4326 3835 4254 4008 3993 4108 3930 4163 4407 3739 3555 3715 3978 3798 3552 4237 4108 3777 3871 4210 3797 3783 4072 3775 3683 3793 4023 4502 3973 4117 4194 3905 4173 3908 3942 3846 4050 3974 3917 3985 4031 3965 3488 3545 3858 3908 3764 3903 3874 3965 3514 3890 3672 4022 3775 3864 3842 3680 4294 3911 3999 4036 3985 3853 4010 4094 4155 4010 4444 3812 4063 4038 3935 4025 3873 4036 3738 4195 3720 3827 4354 3591 4074 3846 4044 3890 3984 3459 4117 3647 3812 3990 3604 3894 3800 3904 4125 3999 3468 4094 3944 3955 3679 4108 3864 4051 3587 4107 4009 3894 3936 3884 4012 3738 3944 3580 4234 4194 4261 3709 4086 4171 4120 3688 3975 3694 3904 3908 3744 3949 4196 3836 3884 3818 4008 4164 3924 3640 4044 4103 3623 3631 3765 3774 4263 4118 4091 3976 4195 4000 3548 3899 4110 3526 4178 3850 3823 3991 4064
3869 3999 3762 3889 3523 4003 3638 4162 3878 4000 3958 4282 4080 4051 4111 4053 3797 4068 4076 4130 3869 3969 4023 3889 4015 3743 4592 3882 4256 3797 4081 3836 4046 4034 3882 3892 3818 4131 3805 4279 3994 4297 4166 4328 4364 4095 4274 4082 4532 4082 3841 3700 3645 3961 3817 4040 4297 3999 3758 4065 4437 4066 3838 4026 3960 3770 4174 4029 4142 4022 4235 3994 3794 4270 3836 3897 3908 3656 3971 3934 4035 4062 4064 3712 3807 3929 4038 3780 3952 3989 4162 3520 3877 3769 4036 3782 3930 3727 3888 4145 3930 4003 4326 4140 3910 4226 3882 4117 4185 4067 3890 3665 4069 3917 4166 3931 4157 3980 3979 4049 4060 4528 3696 3960 4039 4247 3818 4085 3637 4092 3820 3829 3979 3558 3957 3865 3893 4233 4136 3701 4134 3967 4121 3909 4129 4056 4053 3629 3948 3943 4114 3752 4363 3935 4016 4004 3890 4317 4227 4156 4005 4011 4092 4173 3798 3979 3770 3771 4193 3812 3954 4203 3785 3839 3795 3933 4142 4134 3821 3830 4141 3672 3778 3667 3890 4325 4298 4261 4048 4357 4067 3724 3924 4313 3779 3930 3818 3597 3886 3942
4398 4206 4104 4391 3899 3997 3886 4312 3947 4096 4163 4704 4311 4218 4260 4372 4100 4425 4179 4060 4518 4328 4325 3920 4673 3964 4474 3789 4218 4363 4197 3815 4116 4284 4082 4103 3838 4390 3981 4415 4033 4306 4293 4340 4240 4120 4285 4475 4556 4413 4067 4009 3942 3972 3918 4205 4592 4092 3766 4162 4974 3647 3730 4098 4285 3972 3828 4560 4358 4439 4181 4187 3978 4432 4306 4123 4097 4103 4036 4202 4137 4074 4341 3764 3807 4150 3991 3888 4071 4242 4529 3726 4366 3502 4122 4094 4300 4053 3933 4513 4142 4116 4342 4300 4142 4056 4212 4067 4286 4397 3855 4203 4244 4083 4174 4151 4157 3944 4451 4192 4026 4680 3618 4260 4030 4366 4206 4476 4019 4501 4027 4031 4308 4021 3919 4268 3832 4359 4330 3833 4033 4072 4181 3967 4360 3975 4277 3843 4384 4012 4063 4168 4290 4566 4164 4018 3798 4437 4427 4289 4025 4196 4081 4344 3899 4214 3724 3959 4113 3938 3980 4146 4124 4174 3843 4307 4096 4390 4051 3908 4300 3649 3747 4114 4119 4368 4133 4198 4364 4374 3962 3553 4100 4339 3910 4400 4022 3985 4237 4182
3622 3484 3652 3519 3358 3650 3435 3863 3599 3768 3731 4141 3881 3842 3819 3944 3596 3953 3917 3713 3867 3915 3646 3689 4015 3626 4239 3547 4041 3589 3588 3498 3711 3766 3799 3676 3668 3836 3484 3905 3446 3964 3743 3890 4006 3849 3944 3632 4225 3734 3615 3450 3519 3981 3434 3642 3982 3846 3539 3777 4450 3589 3229 3708 3729 3499 3534 3891 4054 3766 3840 3838 3510 3923 3813 3747 3626 3419 3704 3479 3814 3743 3824 3545 3437 3619 3666 3506 3714 3665 3986 3235 3853 3569 3886 3595 3920 3577 3782 3909 3704 3715 4119 3816 3744 3862 3824 3906 3955 4096 3731 3493 3998 3781 3876 3815 3669 3497 3798 3566 3438 4146 3470 3920 3785 3968 3673 3932 3511 3943 3677 3857 3634 3360 3775 3551 3214 4062 4034 3710 3790 3705 3865 3573 3726 3919 3745 3570 3836 3661 3796 3940 3848 3862 3767 3670 3555 3976 3921 4005 3548 3700 3548 3682 3539 3815 3679 3403 3741 3489 3489 3912 3695 3459 3547 3658 3798 3976 3712 3833 3861 3260 3460 3506 3601 4000 4004 3939 3814 3645 3596 3561 3806 3929 3473 3812 3751 3358 3922 3434
3993 3557 3667 3820 3650 3462 3634 4018 3770 3783 3756 3979 4020 3655 3730 4048 3498 3939 3730 3551 4196 3837 3811 3564 4194 3589 4101 3684 4170 3765 3838 3776 3766 3722 3849 3535 3610 3822 3589 3927 3801 4008 3930 4125 4236 3862 3903 3899 4118 4009 3734 3700 3609 3747 3638 3646 3989 3864 3602 3614 4264 3595 3428 3940 3609 3379 3726 3873 3943 3852 3607 3980 3583 4088 3669 3692 3809 3767 3715 3708 3901 3981 3719 3625 3678 3787 3655 3516 3843 3935 3924 3334 3823 3584 3889 3302 3780 3880 3545 4049 3713 3974 3714 3918 3815 4184 3624 3909 4013 4146 3742 3633 4064 3566 3520 3674 3655 3513 3844 3756 3516 3882 3579 3853 3820 4102 3830 3958 3629 3975 3698 3720 3451 3780 3659 3806 3421 4017 3823 3547 3905 3784 3849 3678 3914 3923 3947 3489 3985 3834 3478 3752 3957 4124 3991 3710 3594 3877 3899 4060 3571 3565 3730 3743 3642 3725 3495 3650 3789 3362 3520 3847 3679 3638 3579 3757 4107 3829 3530 3739 3986 3458 3411 3593 3609 4425 3984 3756 3707 3893 3653 3395 3739 3977 3518 4045 3462 3402 3871 4038
4179 3807 3788 3978 3684 3749 3655 4171 3661 3954 3864 4228 4202 4166 3982 3945 3792 4159 4208 3949 4166 4103 3885 3925 4165 3741 4300 3660 4093 3882 4088 3776 3862 4058 3901 3672 3760 3824 3736 4205 3838 4098 3912 4009 4083 3944 4149 4043 4269 3988 3737 3681 3781 3722 3784 3882 4431 3834 3427 3760 4691 3742 3740 3911 3848 3635 3717 3908 4304 3927 3963 4166 4043 3919 4111 4080 3958 3746 3757 3985 4150 4094 4223 3361 3548 4059 3932 3654 3941 4155 3840 3501 4137 3695 3714 3817 3769 3947 3742 4314 3739 3959 4054 3903 3980 4006 3927 3798 4290 4284 3948 3974 3916 3733 3823 3956 3909 3593 3977 3751 3699 4087 3697 3883 3998 4139 4031 4006 3819 3995 3814 3949 3841 3739 3852 3908 3643 4033 4092 3736 3921 3933 4075 3650 3996 3986 4004 3547 4101 3863 3738 3861 4192 4251 4241 3965 3852 4318 4256 4252 3648 3977 3994 4142 3720 3736 3676 3818 3957 3851 3678 4016 3832 3614 4006 3989 4279 4291 3961 3745 4080 3494 3455 3791 3908 4116 4048 3875 4013 3998 3676 3698 3819 4019 3773 4146 3687 3598 4104 3835
4067 3941 3843 3888 3745 3820 3863 3929 3949 3964 3790 4377 4052 4206 3978 4154 3841 3949 3954 3769 4098 4096 4098 3913 4347 3851 4252 3623 4080 3975 4342 3818 3886 4130 3969 3832 3664 4022 3692 4393 3979 4373 3963 4227 4222 4086 4174 4405 4281 4197 3640 3735 3794 4061 3785 3730 4342 3977 3811 3753 4590 3691 3755 3896 3951 3593 3712 4197 4359 4161 4019 4208 3754 4146 4023 4008 4142 3798 4107 3974 4141 3804 4053 3601 3729 4066 4013 3652 3973 3830 4065 3619 4270 3660 3885 3758 4136 3779 3895 4515 4065 4116 4313 4048 4152 3981 3951 4213 4268 4320 3859 4013 4185 4126 4218 3814 4043 3841 4177 3796 3835 4426 3534 3969 3848 3954 4117 4015 3639 4257 3659 3695 3753 3692 3985 3824 3878 4258 3981 3668 4168 3896 4082 3819 4094 4028 4186 3515 4149 3791 4013 4175 4147 4232 4006 3759 3688 4392 4511 4290 3648 4052 4084 4176 3869 4012 3730 4006 4087 3679 3722 4249 3677 3899 3804 4049 4247 4053 3787 3705 4207 3664 3527 3737 3718 4315 4179 4113 4105 4264 3800 3663 4012 4146 3517 4182 3911 3799 3960 4041
4082 3549 3691 3570 3352 3510 3482 3762 3538 3643 3496 3877 3824 3843 3878 4029 3643 3732 3829 3341 3782 3876 3530 3415 3825 3449 4037 3413 3711 3807 4014 3621 3740 3497 3817 3634 3438 3485 3497 4041 3603 3798 3955 3750 3936 3583 3880 3824 3959 3706 3580 3262 3539 3720 3537 3640 3969 3665 3687 3487 3946 3589 3396 3772 3677 3626 3385 3835 3807 3713 3671 3802 3449 4011 3779 3611 3636 3528 3786 3818 3946 3726 3662 3225 3327 3822 3788 3522 3529 3700 3688 3089 3951 3447 3790 3466 3565 3832 3284 3942 3676 3780 3803 3743 3806 3655 3783 3779 3856 3737 3679 3355 3971 3768 3752 3668 3662 3442 3725 3557 3574 3912 3526 3780 3655 3531 3820 3960 3573 3832 3510 3646 3598 3575 3557 3647 3358 3927 3620 3297 3739 3635 3677 3569 3878 3658 3731 3623 3641 3711 3472 3650 3902 3810 3506 3617 3287 3913 3822 3747 3409 3908 3811 3733 3512 3516 3348 3613 3461 3232 3462 3547 3769 3691 3553 3385 3804 3859 3388 3509 3823 3221 3290 3408 3174 3869 3725 3656 3767 3601 3710 3143 3529 4011 3401 3820 3629 3651 3516 3745
4394 4053 4122 4138 3981 4192 3983 4323 4134 4248 3964 4490 4428 4401 4126 4404 3838 4212 4490 4135 4344 4386 4089 3839 4234 4099 4869 3977 4321 4119 4507 4234 4098 4053 4136 4042 3929 4327 4090 4468 4068 4344 4098 4393 4620 4209 4332 4190 4614 4337 4108 3901 3949 4331 4166 4124 4308 4246 3765 3991 4751 4093 3714 4269 4173 3922 4035 4276 4560 4291 4194 4351 4039 4461 4234 4206 4094 3887 4109 4110 4483 4154 4309 3758 3650 4204 4135 4057 4102 4194 4388 3739 4108 3727 4164 3913 4176 4106 4078 4608 4010 4166 4266 4384 4177 4097 4288 4287 4371 4338 4340 3973 4109 4115 4227 4188 4003 3974 4313 4195 3992 4562 3731 4219 4469 4415 4126 4215 4036 4349 4001 3929 4265 4012 4138 4049 3964 4232 4323 4063 4213 4008 4487 3977 4359 4398 4105 3972 4469 4218 4176 4204 4400 4161 4399 4116 3940 4631 4399 4528 4025 4232 4301 4163 4077 3996 3939 4002 4103 3802 4174 4316 4189 3973 3962 4133 4451 4534 3978 4320 4399 3750 3919 3962 3924 4475 4261 4472 4207 4356 3973 3671 3897 4320 3893 4373 3959 4033 4176 4094
4037 3909 4007 3815 3875 4078 3683 4110 3947 3998 3896 4474 3971 4379 4173 4327 3848 4192 4149 3780 4123 4050 3849 3714 4175 3873 4540 3665 4085 4202 4271 3809 3923 4117 3874 3956 3681 3901 3916 4207 3945 4197 4313 4404 4159 4074 3947 4165 4336 4009 4012 3581 3850 4054 3853 3811 4352 3934 3815 3809 4505 3820 3597 3893 3999 3625 3682 4037 4331 4091 4152 4043 3823 4180 4109 4095 3879 3736 4046 3876 4261 4143 3816 3557 3723 4192 3824 3850 3656 3908 4223 3576 3946 3660 3974 3711 4146 3932 3768 4247 4017 4079 4165 3959 3859 3791 4057 4089 4057 4327 4040 3942 4035 3999 4007 3821 4062 3893 4120 3901 3806 4318 3595 4201 4012 3995 3916 4090 3868 4097 3809 3890 3966 4041 3980 3865 3486 4131 3774 3791 3944 3985 3996 3826 4178 4153 4224 3656 4112 3839 3868 3981 4155 4250 3883 3967 3715 4375 4296 4168 3577 4151 4103 3972 4019 4017 3350 3887 3869 3604 3822 4404 3956 3772 3881 3890 3925 4314 3704 3765 4209 3667 3697 3822 3595 4209 4595 3966 4174 4141 3948 3703 4017 4236 3794 4305 3881 3988 4043 3961
3758 3907 3911 3813 3703 3825 3607 3903 3892 3773 3898 3906 3766 3860 3867 4329 3579 3934 3999 3619 4129 3830 3746 3896 4294 3830 4258 3502 3708 3579 4017 3741 3993 4102 4090 3633 3612 3672 3679 4120 3711 4075 3980 4068 4297 3726 3862 3899 4053 3950 3684 3570 3388 3812 3744 3807 4166 3986 3863 3771 4081 3832 3543 4075 3770 3456 3800 3917 4231 3778 3854 3950 3821 4389 3981 3932 3878 3846 3886 3733 3926 3483 3742 3386 3484 4117 3789 3329 3816 3934 3842 3376 4046 3571 3853 3425 3914 3682 3406 4104 3759 3977 4063 3994 4009 3850 3738 3797 3771 4328 3923 3835 4277 3994 3859 3604 3744 3589 4043 3754 3612 4175 3682 4027 4176 4094 3644 3986 3547 3953 3459 3664 3911 4029 3779 3932 3568 3845 3989 3400 3936 3644 3917 3563 3864 3588 3855 3682 3863 3888 3906 3652 3949 3926 3913 3744 3680 4185 4032 3909 3685 3843 3942 3873 3668 3736 3621 3809 3884 3356 3906 4183 3688 3768 3627 3899 3856 4227 3487 3593 4138 3555 3492 3584 3616 4306 4074 3884 3793 3894 3797 3386 3935 4000 3628 4137 3670 3479 3788 3934
4146 4107 4035 3909 3866 4046 3763 4085 3998 4058 4171 4433 4088 4210 4058 4320 4213 4329 4174 3824 4304 4258 4131 3775 4474 4148 4618 3752 4281 4222 4178 4103 3959 4203 4038 4237 3676 4215 3947 4450 4078 4463 4245 4341 4337 4198 4278 4276 4526 4222 3810 3756 3858 4106 3983 4187 4290 4073 3781 4041 4548 3999 3952 4351 4094 3822 4206 4211 4358 4255 4432 4331 3937 4381 4135 4254 4135 4028 4112 4174 4385 4102 4109 3681 3854 4091 4002 3786 4063 4230 4259 3614 4283 3769 4111 3830 4119 4203 3866 4484 3934 3990 4211 3966 3919 4054 4008 4126 4420 4452 3881 4089 3998 4016 3912 4013 4069 4096 4328 4054 4000 4529 3772 4064 4086 4419 3905 4250 3939 4267 3882 3969 4148 3958 4033 4110 3941 4066 4120 3746 4274 4076 4230 3867 4482 4190 4158 3592 4386 4126 4099 4305 4415 4274 4013 4051 3936 4548 4235 4123 3704 4021 4188 3999 3846 4193 3688 3914 4259 3960 4098 4316 4169 3859 3967 4165 4357 4264 3954 4064 4238 3608 3728 4134 4092 4446 4291 4260 4390 4123 3927 3737 4339 4085 3867 4395 3736 3925 4210 4121
4352 3838 3762 3923 3720 3819 3835 4090 4073 3947 4118 4406 4267 3991 3925 4531 3847 4277 4035 3796 4320 4260 3961 3768 4537 3789 4389 3605 4189 3981 4515 4075 3910 3927 4156 3888 3831 3987 3790 4302 3971 4357 4075 4270 4374 3997 4048 3996 4185 4307 3762 3942 3975 3990 3911 3813 4402 4100 3911 4015 4613 3722 3776 4058 4124 3847 3705 4200 4252 4278 4121 4187 3929 4076 4109 4099 4128 3861 3985 4043 4064 4088 4144 3747 3736 4311 3892 3826 4022 4100 3970 3569 4309 3437 4221 3690 3968 4107 3858 4382 4098 4136 4228 4026 3936 4238 3960 4150 4406 4209 4088 4025 4030 4055 4148 4008 3848 3911 4129 4253 3793 4238 3799 4300 4151 4094 4169 4366 4039 4181 3832 3940 3766 3963 3843 4130 3909 4201 4062 3732 4118 3938 4128 3598 4148 3943 4296 3820 4223 3983 3821 4111 4238 4209 3903 3964 3514 4235 4257 4393 3728 3997 4005 4100 3930 4049 3641 4068 4064 3484 3674 4292 4062 4030 4008 3962 4306 4244 3850 3902 4142 3868 3937 3824 3984 4318 4239 4114 4241 4143 3964 3627 3976 4346 3784 3967 3850 3670 4058 4109
4345 4164 4107 4355 4043 4087 3981 4323 4151 4277 4222 4600 4406 4205 4403 4480 4014 4412 4378 4157 4394 4257 4171 4421 4596 4026 4710 3812 4476 4073 4291 4205 4260 4240 4162 4005 4179 4242 4126 4414 4263 4538 4204 4299 4777 3996 4543 4329 4683 4290 4017 3951 3932 4301 4074 4093 4638 4397 4154 4043 4668 3761 3991 4231 4189 3930 4332 4244 4460 4084 4377 4458 4216 4558 4318 4237 4159 4203 4170 4317 4498 4356 4401 3851 3627 4343 4240 3843 4287 4306 4377 3876 4315 3797 4054 3936 4224 4208 4059 4494 4025 4478 4490 4307 4310 4270 4369 4263 4458 4637 4099 4193 4386 4382 4364 4298 4296 4009 4316 4163 3977 4461 3959 4264 4447 4470 4252 4394 4090 4509 3991 4080 4095 4138 4226 4172 3906 4471 4287 3862 4259 4124 4278 4112 4557 4424 4178 3933 4413 4125 4425 4158 4548 4577 4229 4186 3986 4604 4241 4389 4018 4274 4257 4303 3941 4150 3925 4062 4374 3992 4188 4517 4169 4257 4026 4148 4438 4436 4127 4149 4303 3968 4178 3982 4100 4565 4362 4092 4169 4322 4000 3696 4244 4246 3937 4611 3944 4042 4310 4309
4007 3866 3683 4005 3771 3899 3534 4232 3917 3932 3798 4266 4092 3873 4040 4525 3494 4088 4003 3731 4126 4083 4015 3725 4444 3791 4232 3555 3906 3810 4027 3707 4052 3862 4235 3758 3845 3940 3839 4175 4188 4285 3808 4049 4408 3910 4218 4093 4138 4125 3891 3557 3713 3729 3875 3869 4209 4007 3746 3701 4475 3615 3784 4006 3713 3681 3991 3981 4222 4070 4035 4043 3575 4240 3861 3922 4115 3874 3939 3797 3926 3951 4053 3450 3693 4071 3908 3712 3790 3907 3998 3641 4064 3264 3882 3763 3916 3908 3657 4125 4148 3985 4236 4212 3738 4123 4023 4035 4174 4118 3970 3855 4240 4164 3656 3890 3949 3704 4150 3884 3726 4267 3666 4011 4159 4239 3957 4158 3755 3966 3829 3870 4064 3782 3773 3918 3971 4137 3868 3420 4030 3922 4231 3675 3976 3696 3944 3632 4087 3922 3775 3800 4030 4007 3867 3967 3520 4403 4043 4080 3765 4121 3880 4155 3979 3947 3652 3729 4148 3611 3760 4158 3663 3754 3600 3840 3977 4207 3535 3704 4238 3656 3706 4053 3749 4148 3989 4076 3852 4066 4007 3409 4062 3929 3585 4129 3716 3741 3817 3871
4264 4020 4105 4031 3957 4160 4021 4112 3986 4202 3920 4502 4219 3964 4135 4234 4031 4342 4274 3955 4564 4341 3887 4028 4398 4030 4572 3704 4209 4208 4433 4060 4047 4107 4104 3927 4021 4364 4106 4486 4239 4548 4394 4309 4593 4176 4451 4385 4644 4300 4168 4005 3963 4025 3835 4227 4492 4068 3859 4002 4749 4083 3832 4085 3919 3926 4050 4374 4532 4191 4307 4264 3915 4251 4143 4107 4188 3970 4008 3884 4154 4120 4065 3670 3757 4091 3944 3959 4226 4181 4357 3810 4323 3629 4151 3729 4054 4148 3842 4402 4186 4207 4269 4333 3972 4303 4197 4203 4427 4271 4221 3974 4339 4000 3955 3957 4051 3979 4248 4056 3999 4199 3723 4207 4154 4153 4346 4387 3971 4278 3786 3905 4218 3924 3956 4148 3885 4136 4124 4003 4296 4023 4474 3874 4276 4181 4330 3817 4360 4075 4017 4289 4165 4353 4083 4175 3942 4485 4294 4442 3906 4409 4265 4061 4010 4107 3937 4050 4188 3829 3972 4183 3973 3920 3852 4109 4198 4253 3663 4030 4329 3879 3880 3797 3875 4500 4292 4108 4197 4203 3924 3582 4221 4044 3724 4160 3862 3748 4067 4067
4042 3795 4028 4104 3552 3907 3621 4265 3960 3926 3915 4299 4177 4026 3671 4242 4025 4188 4196 3967 4512 4124 3991 4026 4269 3994 4561 4094 4189 3953 3976 3743 3812 4035 4105 4038 3854 3952 3751 4330 3879 4370 4383 4272 4412 4169 4085 4202 4371 4039 3836 3692 3802 4085 3897 3928 4409 4102 3649 3880 4520 3892 3809 4093 3996 3915 4103 4201 4277 3957 4123 4179 3966 4399 3916 4156 3928 3872 3913 4148 4380 3948 3850 3685 3874 4137 3986 3646 3786 4186 4082 3353 4036 3740 4140 3761 4056 4063 3984 4384 4158 4195 4087 4082 4096 4083 4015 3971 4238 4285 4051 3852 4256 3980 3998 3720 4108 3942 4274 3846 3935 4497 3679 4154 4112 4119 3990 4310 3669 4248 4113 3865 3960 3642 3992 3791 3665 4233 4203 3604 4045 3999 4012 3790 4298 4053 4138 3667 4137 3632 4148 3948 4198 4285 4154 3988 3880 4306 4356 3889 3926 4121 4010 4133 4008 3604 3879 3901 4052 3824 3926 4354 3926 3944 3939 3866 4074 4087 3762 3846 4167 3669 3693 3940 3892 4410 4370 4124 4128 4187 3996 3655 4062 4181 3845 4196 3845 3934 4140 4349
4379 4225 4018 4260 4080 4034 3958 4283 4308 4111 4057 4542 4288 4059 4358 4427 4064 4344 4570 4142 4555 4553 4257 4215 4686 4214 4665 4010 4311 4236 4531 4094 4321 4332 4191 4050 4071 4509 4175 4524 4255 4270 4480 4415 4765 4037 4343 4598 4630 4547 4070 4011 3844 4292 4177 4259 4592 4308 4277 4330 4689 3866 4086 4344 4157 4063 4108 4352 4495 4425 4533 4368 3925 4572 4435 4362 4097 3994 4207 4256 4377 4231 4034 3757 3845 4238 4213 3983 4268 4270 4467 3712 4545 3838 4231 3870 4320 3978 3804 4501 4028 4416 4456 4278 4325 4280 4323 4108 4361 4639 4298 4149 4413 4363 4473 4268 4119 4122 4322 4318 4012 4498 3896 4576 4278 4553 4227 4471 4090 4593 3934 4154 4415 4125 4319 4357 4042 4390 4145 3935 4326 4204 4350 3944 4417 4080 4187 4101 4361 4282 4228 4267 4431 4593 4269 4212 4141 4563 4577 4549 4140 4106 4316 4347 4058 4190 4035 4159 4213 3836 4391 4163 4208 4169 4028 4335 4243 4546 4006 3924 4365 3678 4000 4037 4092 4585 4633 4379 4430 4183 4066 3719 4170 4274 3928 4325 4161 3989 4216 4178
3955 3690 3988 3916 3576 3755 3588 4007 3788 3913 4019 4206 3963 4112 4006 4019 3746 3990 3913 3768 4256 4144 3730 3941 4161 3973 4333 3870 4060 3581 4075 3804 3927 3886 3930 3979 3722 3806 3847 3968 3997 4192 4174 3967 4355 3901 4227 4199 4194 4174 4077 3759 3513 3954 3662 3822 4158 4017 3721 4056 4488 3613 3569 3986 3841 3559 3845 3892 4174 3940 4042 4001 3767 4265 4094 3802 4126 3575 3889 3896 4076 3967 3776 3646 3462 3946 3867 3543 3885 3860 3925 3352 4072 3787 4057 3709 3949 3906 3728 4128 3953 3925 4013 4240 3630 3956 4092 4088 3999 4130 3930 3853 4128 3947 4009 3901 3860 3885 4075 3764 3911 4283 3654 4056 4247 4194 3801 4111 3640 4085 3887 3802 3982 3832 3859 3878 3728 4111 4127 3536 4070 4088 3952 3843 3953 3885 3967 3798 4217 3809 3943 4080 4139 4117 3833 3774 3769 4220 4128 4238 3863 4075 4030 3959 3850 3681 3721 3729 3971 3639 3709 3985 3787 3566 3666 3733 4090 4140 3858 4018 4386 3569 3685 3985 3631 4251 4122 3971 4092 3894 3897 3732 3922 4169 3594 4231 3799 3618 3968 3639
4237 3955 4082 4011 3700 3988 3875 4198 3843 4048 4196 4494 4394 4262 4311 4312 4094 4316 4364 4117 4229 4081 4119 4223 4275 4112 4754 3733 4169 4100 4316 4134 4055 4415 4137 3983 3905 4377 3939 4313 3975 4435 4301 4226 4420 4035 4222 4402 4321 4370 3996 4037 3962 4102 3944 4075 4410 3989 3924 4031 4667 4211 3815 4297 4302 3693 3887 4247 4224 4175 4120 4222 4007 4474 4151 4258 4176 3923 4113 3915 4508 4296 4506 3690 3875 4488 4297 3793 3929 4173 4190 3728 4025 3863 4385 3643 3992 3934 3902 4242 3929 4219 4354 4281 4302 4072 4006 4364 4354 4532 4178 3891 4344 3887 4166 4111 4082 3980 4311 4247 4027 4659 3741 4200 4174 4163 4083 4321 4074 4295 3902 3999 4032 4044 3853 3938 4032 4250 4355 3759 4264 4224 4404 3898 4313 4138 4416 3816 4022 4157 4090 4094 4589 4347 4135 3918 3870 4533 4319 4544 3943 4237 3971 4273 4023 4176 3476 4017 4138 3841 3944 4156 4100 4158 3907 4289 4200 4314 4037 4128 4290 3715 4031 3961 4216 4518 4484 4094 4161 4239 4263 3748 4152 4488 3898 4290 3953 3971 4201 4135
4434 4176 4300 4250 4082 4193 3872 4691 4219 4544 4247 4482 4483 4596 4541 4722 4243 4309 4427 4197 4420 4507 4240 4309 4581 4468 4843 4258 4419 4365 4545 4081 4211 4595 4218 4401 4148 4415 4065 4702 4074 4885 4243 4543 4779 4258 4540 4489 4387 4665 4168 4145 3982 4373 4327 4287 4790 4353 4289 4101 4705 4321 4126 4372 4330 4037 4508 4382 4809 4365 4408 4577 4142 4630 4407 4263 4458 4160 4519 4369 4509 4240 4489 3967 3833 4308 4457 4005 4054 4590 4319 3748 4547 4129 4364 4217 4262 4343 4056 4676 4347 4242 4585 4437 4250 4715 4176 4656 4473 4624 4283 4088 4465 4329 4472 4097 4348 4317 4585 4199 4193 4778 3886 4508 4462 4524 4341 4554 3990 4316 4318 4126 4368 4327 4205 4276 4161 4491 4410 3991 4628 4156 4343 4287 4683 4341 4727 3985 4572 4181 4424 4386 4476 4626 4405 4264 4067 4545 4344 4750 4116 4255 4215 4355 4249 4155 3779 4268 4392 4122 4264 4496 3989 4227 4167 4355 4513 4570 4224 4324 4741 4030 4124 4107 4313 4579 4552 4464 4439 4405 4158 3967 4331 4361 3978 4686 4340 4248 4373 4292
3503 3471 3564 3724 3347 3381 3523 3631 3625 3533 3495 3861 3539 3550 3438 3874 3581 3620 3668 3504 3615 3717 3541 3545 3753 3246 3935 3353 3652 3348 3735 3595 3214 3695 3583 3309 3231 3678 3465 3920 3779 3777 3644 3649 3797 3372 3702 3640 3666 3560 3437 3290 3071 3671 3508 3348 3838 3526 3356 3449 3863 3193 3412 3592 3394 3216 3356 3528 3740 3809 3633 3523 3353 3507 3690 3538 3513 3500 3776 3576 3572 3605 3571 3063 3265 3613 3335 3216 3563 3420 3520 3115 3592 3147 3602 3138 3484 3590 3420 3649 3288 3601 3475 3623 3456 3512 3648 3587 3834 3765 3322 3590 3650 3414 3323 3213 3691 3530 3878 3450 3425 3884 3387 3540 3609 3730 3509 3613 3331 3591 3254 3575 3490 3678 3444 3432 3554 3693 3619 3193 3534 3561 3574 3518 3822 3359 3694 3232 3452 3470 3586 3616 3700 3698 3473 3406 3324 3840 3821 3634 3247 3662 3630 3700 3508 3456 3146 3573 3477 3176 3389 3734 3448 3445 3505 3368 3748 3456 3426 3509 3825 3204 3310 3469 3370 3666 3616 3480 3709 3596 3305 3155 3593 3681 3219 3902 3383 3441 3580 3342
4257 3864 4042 4019 3844 3953 4019 4102 3735 3926 4186 4430 4187 3979 4249 4227 3958 4344 4116 3954 4092 4112 4017 4005 4378 3949 4567 3786 4197 4091 4183 3778 4040 4266 4058 3944 3885 4123 3832 4386 4295 4400 4178 4486 4335 4220 4451 4402 4429 4383 3964 3911 3869 4172 3945 3939 4368 4244 3888 3945 4541 3795 3846 4152 4200 3901 3974 4084 4303 4448 3914 4242 3869 4240 4088 4187 4020 3786 4253 4097 4283 4105 4279 3618 3969 4225 4032 3887 4056 3863 4275 3742 4325 3646 3989 3838 4247 4187 3870 4301 3870 4179 4308 3933 3984 4191 3904 3898 4347 4351 3811 3916 4038 3955 4155 3896 4161 4021 4416 4006 3846 4226 3589 4193 4040 4129 4198 4320 3990 4202 3870 3973 4203 4088 4042 4018 3862 3988 4035 3696 4342 4105 4198 3936 4325 4171 4270 3754 4142 4077 4106 3877 4297 4490 4038 3970 3773 4489 4455 4311 3772 4043 4259 4260 3782 4025 3569 3986 4209 3676 3805 4049 3988 4082 3911 4185 4312 4094 3875 3691 4225 3577 3753 3919 3702 4320 4355 4242 4271 4161 3776 3673 4011 4068 3893 4223 3985 3800 4047 4070
3921 3820 3947 3849 3586 3651 3792 4207 4082 3941 3894 4274 4140 3854 3925 4289 4030 3875 3975 3747 4341 4135 3899 4004 4120 3803 4445 3643 4067 3960 3854 3926 4026 4128 3980 3863 3742 3957 3795 4413 3890 3940 4219 4096 4117 4086 4155 4375 4413 4272 3930 3599 3905 4076 3835 3987 4276 4041 3738 4036 4485 3840 3740 4099 3755 3578 4079 4042 4308 3976 3849 3980 3774 4140 4181 4175 3947 3860 3879 3863 4398 3986 4121 3496 3500 3914 3973 3753 3943 4057 3859 3603 4270 3746 3939 3699 3923 3758 3643 4413 3783 4097 4057 3969 4046 3941 3806 4006 4376 4325 3984 4080 4090 3865 3919 3772 3917 3862 4197 3804 3803 4254 3814 3985 4058 4231 3853 4123 3806 4055 3696 3910 4031 4044 3847 3971 3868 3860 4098 3618 4132 4054 4443 3718 4354 3953 3894 3570 3939 3928 3895 3722 4148 4144 4082 3913 3619 4385 4035 4128 3983 4088 4133 4112 3888 3842 3650 3811 3849 3813 4022 4273 3873 3728 4044 4075 4025 4127 3685 3850 4283 3646 3939 3826 3778 4029 4396 4172 3967 3962 3945 3661 4055 4103 3891 4222 3942 3906 4244 4079
4142 3966 3926 4050 3890 3897 3795 4145 4203 4085 4309 4624 4239 4063 4104 4155 3800 4270 4146 3978 3968 3861 4094 3810 4305 3881 4459 3834 4120 3925 3989 4057 4087 4204 3914 4059 3607 4211 3909 4128 4089 4344 4286 4282 4298 4034 4195 4137 4379 4239 3641 4008 3779 3890 4030 4024 4321 4051 3825 4074 4493 3939 3731 4040 4136 3598 4017 4247 4222 3965 4304 4241 3959 4415 4043 3986 3973 4021 4024 4058 4272 3931 4113 3777 3784 4376 3995 3670 4156 3916 4176 3627 4400 3913 4063 3780 4002 4079 3787 4457 4066 4349 4247 4188 4130 4115 3902 4106 4178 4259 3899 4023 4185 3971 4268 4000 4014 3827 4171 3943 3709 4328 3775 4160 4295 4323 4003 4272 3813 4372 3802 3834 3999 3874 3889 4345 3487 4081 3946 3562 4049 4015 4150 3737 4219 4109 4132 3708 4179 3958 3980 4109 4313 4350 4119 3911 3782 4383 4315 4219 3869 4078 3973 4143 3962 3942 3591 3849 4290 3914 4069 4291 3847 3980 3554 4005 4151 4120 3860 4028 3986 3614 4010 3911 3997 4361 4309 4000 4072 4030 3998 3776 4103 4267 3765 4345 3880 3984 4195 4236
4574 4315 4598 4317 4132 4341 4147 4576 4235 4569 4408 4793 4472 4581 4411 4708 4657 4679 4616 4253 4739 4510 4498 4402 4890 4233 5017 4150 4653 4500 4695 4261 4409 4452 4287 4470 4411 4474 4293 4840 4338 4847 4588 4619 4737 4458 4578 4632 4824 4782 4364 4345 4152 4403 4456 4287 4738 4682 4159 4292 5092 4110 4288 4448 4670 4077 4225 4487 4601 4677 4556 4865 4227 4739 4791 4432 4363 4361 4633 4381 4740 4512 4658 4047 4155 4612 4440 4053 4517 4578 4690 3839 4737 4085 4716 4114 4342 4652 4308 4856 4344 4364 4629 4486 4536 4310 4547 4677 4849 4903 4346 4476 4703 4591 4099 4404 4603 4230 4704 4481 4426 4905 4061 4555 4651 4591 4474 4604 4260 4466 4163 4491 4411 4272 4475 4336 4181 4815 4592 3974 4666 4404 4685 4381 4735 4422 4463 4331 4451 4406 4216 4514 4890 4488 4377 4397 4133 5107 4660 4676 4145 4517 4662 4528 4187 4623 4049 4369 4511 4115 4384 4709 4258 4255 4202 4447 4778 4722 4346 4381 4582 4171 4231 4482 4260 4940 4566 4644 4610 4638 4340 4134 4582 4693 4015 4713 4223 4332 4645 4384
4255 4034 4111 4013 3815 4062 3578 4536 3838 4035 4058 4399 4376 4181 3978 4392 3841 4034 4328 4022 4338 4431 4093 3972 4403 3928 4551 3903 4367 4393 4181 3949 4081 3816 3966 4024 3804 4218 3933 4451 3871 4537 4389 4386 4534 3859 4330 4243 4507 4271 3823 4013 3710 3892 4104 4100 4454 4018 3980 3887 4639 4190 3694 4097 4164 3680 4293 4291 4278 4116 4311 4239 3964 4511 4232 3969 4145 4008 4272 3923 4219 3954 4235 3871 3777 4255 4125 3933 3850 4230 4143 3485 4146 3973 4200 4098 3970 4110 4029 4313 4353 4103 4212 4419 3920 4300 3912 4264 4028 4121 4197 4285 4359 4358 3968 3904 4229 4067 4340 3958 4018 4682 3935 4128 4180 4193 4140 4278 3871 4300 4136 4032 4064 4112 3815 4030 3892 4487 4262 3813 4246 4015 4103 3765 4273 4000 4139 3735 4292 4016 4125 4104 4514 4311 3980 4120 3874 4177 4323 4345 3913 4114 4053 4298 4090 4055 3816 4235 3860 4186 3902 4508 3963 4017 3913 3988 4272 4433 4186 4288 4379 3862 3826 4030 4125 4302 4395 4175 4092 4252 4047 3700 4089 4236 3868 4280 4099 4111 4201 4313
4075 3881 4024 4275 3912 4103 4010 4309 4027 4276 4214 4649 4484 4258 4201 4328 4108 4447 4005 3981 4197 4167 3961 4039 4539 3906 4423 3901 4254 3728 4085 4072 3973 4146 4242 3949 3781 4072 4049 4404 4116 4156 4085 4039 4176 4109 4359 4343 4447 3949 4055 3839 3957 4003 3998 3856 4518 4084 3842 3859 4706 4171 3843 4168 3999 3694 3937 4009 4349 4120 4147 4250 4094 4589 4057 4143 4300 3620 4092 4207 4280 4100 4362 3297 3843 4079 4170 3783 3928 4127 4001 3715 4270 3778 4013 4169 4183 4125 4025 4459 4052 4119 4446 4261 3943 4094 4089 4263 4358 4633 4092 3860 4231 3938 4261 4311 3995 3882 4362 4140 3802 4718 3853 4353 4289 4296 4159 4216 3769 4167 3907 4059 4240 4174 3880 4119 3873 4270 4182 3747 4268 4320 3980 4117 4208 4171 4238 3888 4341 4187 4193 4327 4242 4270 4188 4004 3816 4446 4424 4184 4111 4109 4106 4267 3871 3947 3852 4051 4350 3942 3804 4308 4017 3775 3877 3996 4172 4382 4127 3959 4487 3770 3989 4058 4041 4533 4315 4098 4185 4281 3907 3881 4157 4234 3919 4532 4041 4013 4304 3940
3926 4129 4067 3995 3611 3905 3882 4225 3985 4034 3915 4461 4232 4182 4193 4311 3870 4012 4126 3967 4147 4195 4055 3749 4344 3958 4551 3891 3930 3998 4384 3868 4010 3978 4167 3874 3757 4035 3839 4260 4242 4617 4089 4150 4394 4084 4048 4218 4419 4127 3844 3773 3874 4183 3933 3983 4386 3885 3848 4067 4483 4309 3666 4053 4048 3821 3922 4266 4367 3930 4390 4025 3773 4339 4178 4080 4044 3934 4167 3868 4051 4102 4044 3545 3744 4486 3941 3805 3960 3886 4327 3752 3965 3786 3826 3978 4178 4010 3950 4331 4032 4037 4176 4273 3861 4309 4146 4159 4142 4241 4061 3780 4080 4059 4115 4130 4223 3998 4065 4052 3874 4542 3727 3888 4036 4259 4084 4152 3778 4168 3842 4053 3803 3888 4085 3949 4136 4462 4056 3581 4090 3964 3913 3792 4074 3962 4001 3591 4113 4003 4043 4001 4398 3961 4068 4111 3968 4564 4296 4206 3880 4241 3995 4097 3858 3983 3659 3919 3987 3840 3864 4235 3814 3589 3690 3862 4286 4274 3870 3697 4388 3499 3775 3790 3539 4258 4058 4143 4165 4127 3834 3814 3808 4183 3694 4344 3997 3748 3944 3863
4388 4085 4290 4125 4020 4044 3863 4338 4311 4195 4252 4539 4057 4524 4324 4440 3910 4226 4248 4113 4206 4136 4138 3901 4544 3914 4727 3753 4313 3928 4465 4220 4027 4308 4009 4032 3959 4211 4156 4450 4140 4252 4308 4373 4510 4069 4081 4141 4322 4285 3970 3953 3887 4305 4075 4043 4499 4201 3941 4066 4757 4086 3763 4080 4147 3773 3886 4406 4529 3861 4211 4199 4226 4539 4385 3835 4105 4057 4291 4138 4118 4308 4187 3712 3636 4369 4213 3791 4097 4295 4113 3648 4273 3929 4179 3793 4003 4099 3871 4398 4165 4277 4215 4151 4347 3944 4487 4148 4263 4567 4296 4009 4635 4119 4104 4354 4276 3890 4286 4223 4029 4514 3931 4351 4225 4570 4397 4228 3836 4312 3994 3989 4230 3968 3938 4154 3796 4459 4291 3973 4300 3990 4151 3867 4229 4122 4215 3887 4413 4069 4175 4082 4462 4139 4133 4073 3928 4747 4443 4329 3788 4240 4586 4305 4073 4083 3893 4201 4108 3821 4181 4390 3943 3985 3885 3888 4519 4621 3855 3886 4473 3926 3967 3990 3712 4573 4344 4226 4230 4246 3982 3685 4260 4488 3770 4280 3946 3928 4058 4153
3666 3581 3738 3609 3822 3552 3586 3891 4022 3861 3601 4276 4028 3673 3844 3906 3639 4041 3621 3587 3853 4003 3652 3554 4125 3641 4064 3539 3998 3866 3949 3691 3744 3908 3986 3562 3687 3789 3852 3960 3710 3942 3721 4033 3894 3960 4060 3766 4357 4092 3551 3733 3694 3579 3540 3564 3962 4011 3572 3684 4403 3569 3604 3748 3820 3488 3850 3974 4057 3824 4050 4036 3526 4148 3973 3748 3831 3605 3802 3635 3874 3731 3889 3271 3567 4093 3685 3770 3773 3627 3896 3257 3921 3493 4037 3558 3761 3774 3999 4200 3635 3933 4102 4005 3462 3599 3987 3681 3731 3908 3856 3772 3965 3651 3689 3835 3645 3498 3827 3629 3760 4080 3511 4045 4127 3930 3834 3864 3417 3953 3698 3915 3873 3550 3800 3892 3607 3967 3758 3676 3730 3947 3834 3581 3943 3824 3695 3502 3914 3784 3578 3959 3693 3763 3592 3789 3486 4124 3988 4042 3775 3939 3813 4028 3452 3833 3598 3652 4026 3735 3623 3915 3585 3450 3696 3651 3929 4108 3609 3792 3876 3288 3683 3613 3663 4125 4181 4093 3917 3804 3854 3424 3826 4002 3302 3923 3752 3463 3983 3832
4309 4013 4104 4117 4064 3930 3966 4282 4180 4105 4257 4877 4223 4160 4179 4468 3954 4338 4273 3808 4258 4316 4186 4073 4577 4131 4595 3999 4403 4096 4492 4336 4101 4370 4274 3824 3904 4350 4231 4626 4195 4491 4174 4431 4380 4050 4197 4159 4331 4041 4014 3826 3881 4004 3976 3940 4540 4311 4112 4025 4710 4088 3899 4330 4313 3833 3820 4316 4644 4558 4271 4283 3912 4541 4247 4043 4207 4121 4018 4095 4160 4238 4554 3652 3931 4524 4091 3892 4272 4216 4188 3762 4306 3896 4161 3852 4221 4115 3739 4364 4294 4206 4339 4175 4267 4168 4241 4198 4298 4366 4313 4196 4242 4245 4165 3929 4101 4149 4556 3954 3872 4346 3942 4245 4396 4398 4304 4040 4157 4276 3886 4039 4010 4179 3994 4053 4053 4521 4179 3895 4249 4268 4333 4126 4233 4230 4239 3985 4399 4040 3980 4314 4296 4285 4179 3996 3925 4631 4516 4323 3819 4297 4136 4242 4013 4304 3832 4214 4160 3775 4100 4397 4036 3912 4071 3968 4421 4633 3936 4132 4600 3885 3939 4075 3944 4523 4574 4297 4233 4339 3963 3699 4217 4224 3934 4239 4065 3720 4103 4142
4063 3750 3983 3929 3559 3916 3466 4103 3962 3919 3720 4332 3808 4006 3831 4177 3821 3873 4030 3667 4235 4071 3835 3860 4457 3768 4362 3671 4079 3828 3981 3974 3808 3776 3841 3894 3706 4039 3517 4375 3904 4004 3986 3917 4012 3811 3914 4050 4203 3965 3761 3501 3580 3920 3808 3811 4135 3969 3541 3707 4673 3539 3761 3929 3840 3364 3621 3825 4314 3725 4147 4102 3653 4221 3884 3931 3962 3774 3843 3870 4085 3719 4002 3427 3621 4048 3913 3455 3810 3927 3944 3325 4089 3483 3955 3794 3923 3755 3513 4223 4117 4112 3980 4104 3760 3799 3961 3932 4042 4422 3927 3893 4244 3873 3998 3918 3949 3846 3875 3844 3827 4265 3660 4029 3901 4122 4034 3816 3697 4112 3758 3780 3815 3803 3801 3708 3704 4092 3854 3694 4069 3940 4076 3839 4025 3885 3891 3693 4062 3726 4098 4179 4312 3810 3867 3682 3387 4330 4179 4021 3891 3965 4121 3943 3590 3879 3603 3939 3902 3604 3772 4121 3906 3661 3653 3956 4169 4217 3705 3852 4053 3496 3653 3931 3686 4172 3972 3875 3921 3888 4177 3606 3782 3999 3754 4225 3620 3667 3917 3999
4151 4132 4091 4173 3948 4064 3829 4375 4077 3970 4247 4383 4281 4167 4078 4596 3978 4355 4350 4032 4476 4223 4175 4052 4438 4179 4618 3900 4138 4171 4301 4268 4205 4010 4103 4084 3929 4447 3847 4352 4134 4502 4190 4364 4411 4067 4366 4512 4226 4419 3850 4005 3769 4129 3925 4101 4487 4131 4092 4038 4701 3810 3806 4282 4030 3907 4312 4215 4263 4190 4298 4222 3877 4578 4129 4187 4032 3845 4226 4050 4276 4087 3997 3807 3641 4138 4036 3865 4104 4224 4446 3763 4286 3741 4337 4015 4292 4250 3748 4521 3961 4147 4149 4326 4150 4219 4144 4204 4414 4527 4056 4245 4547 4279 4123 3987 4163 4032 4119 4060 3975 4667 3897 4136 4265 4372 3959 4251 4005 4285 4161 4274 4316 4092 4152 4169 3871 4281 4118 3605 4163 4102 4175 3909 4362 3944 4330 3630 4291 4022 4140 4072 4290 4285 4197 4142 3932 4205 4524 4241 4096 4292 4437 4312 4150 4062 3845 3969 4083 3764 4149 4216 3951 3932 3718 4258 4155 4329 3859 3977 4603 3820 3813 4084 3951 4428 4209 4281 4262 4106 4034 3778 4215 4344 3732 4344 4270 3838 4025 4026
4330 4055 4083 4334 3922 4121 3717 4481 3981 4255 4106 4485 4384 4322 4201 4470 4084 4311 4304 4014 4443 4212 4139 4035 4697 4063 4534 3891 4568 4146 4228 4183 4224 4128 4110 4098 3854 4282 3758 4502 4162 4536 4323 4139 4255 3981 4112 4183 4390 4382 4083 3843 3657 4136 3900 4312 4425 4386 3915 3951 4759 3678 3847 4108 4170 3944 4054 4254 4696 4256 4311 4391 3903 4548 4137 4073 4094 3991 4269 4136 4211 4129 4361 3909 3618 4078 4013 3784 4407 4456 4418 3913 4214 3863 4255 3844 4155 4136 3901 4526 4380 4371 4263 4326 4139 4333 4121 4534 4367 4671 4231 4079 4418 4018 4111 3998 4298 4153 4219 4185 4025 4498 3863 4021 4306 4573 4230 4209 3981 4324 4099 4086 4145 3950 3982 4030 3803 4273 4099 3766 4033 4021 4223 3978 4307 4065 4197 3831 4459 4176 4246 4266 4427 4289 4250 4033 3761 4505 4298 4426 4091 4135 4179 4123 3960 4128 3751 4042 4102 3833 4152 4216 4038 3958 3875 4258 4434 4380 3773 4111 4480 3800 3997 4042 4151 4497 4390 4040 4243 4210 4137 3648 4123 4333 3786 4316 4155 4034 4088 4032
4451 4132 4369 4396 3966 4123 4157 4328 4084 4155 4095 4610 4466 4304 4123 4272 4127 4421 4258 4125 4553 4338 4095 4237 4605 4137 4668 4050 4422 4228 4374 3949 4251 4248 4319 4107 4082 4537 4069 4578 4278 4590 4437 4663 4617 4433 4493 4465 4610 4614 4073 3983 3791 4313 4257 4016 4701 4383 4098 4291 4801 4085 3945 4370 4201 3757 4331 4493 4705 4373 4424 4398 4090 4669 4193 4062 4213 4192 4203 4219 4355 4141 4152 3850 3867 4500 4294 4016 4045 4297 4460 3967 4336 4055 4525 4094 4252 4250 4076 4577 4292 4371 4276 4356 4151 4401 4202 4255 4455 4612 4240 4065 4384 4249 4120 4112 4428 4004 4448 4094 4307 4499 4110 4485 4424 4517 4162 4184 4199 4363 4104 4126 4272 4287 4115 4104 4088 4291 4486 3992 4147 4278 4283 4308 4478 4316 4286 3876 4487 4211 4196 4232 4434 4497 4338 4264 4217 4559 4462 4298 3981 4221 4505 4369 3994 4135 3953 4438 4253 4253 4011 4880 4245 3831 4134 4274 4466 4495 3916 4116 4639 3916 4024 4038 3990 4456 4481 4269 4258 4377 4176 3821 4455 4414 3866 4540 4235 4003 4376 4261
4212 3954 4008 4008 3941 3781 3682 3993 3986 3919 4171 4444 4263 4053 3925 4443 3762 4206 4304 3921 4149 4099 4204 3931 4390 4112 4553 3933 4105 3887 4019 3890 4006 4090 4047 3856 3774 4078 3833 4308 3982 4353 4219 4396 4429 4422 4271 4263 4402 4217 4061 3845 3735 4046 3910 4019 4451 4331 3847 3830 4500 4071 3715 4188 4242 3704 3829 4040 4481 4476 4242 4241 3927 4414 3916 4076 3983 4046 4017 4054 4298 4161 4115 3740 3994 4352 4098 3717 4114 4297 4306 3635 4183 3724 4010 3931 4323 3964 3797 4242 4143 4239 3977 4164 3952 4449 4047 4140 4384 4359 4103 3894 4427 3871 3992 3929 4258 3895 4321 3892 3688 4437 3943 4205 4178 4394 3987 4140 3654 4238 3890 4065 4099 3871 4035 3947 3799 4163 4178 3729 3963 3926 4211 3913 4098 3929 4213 3787 4291 3935 3975 3996 4346 4459 3970 4021 3877 4244 4334 4184 3811 4120 4011 4071 3949 4095 3946 3990 3907 3752 4037 4284 4018 3922 3761 4055 4144 4155 3820 3843 4270 3760 3556 4023 4036 4598 4145 4337 4082 4345 4110 3688 4040 4316 3902 4234 3737 3921 4134 4043
3985 3825 3727 3653 3691 3735 3563 4054 3710 3743 3979 4165 4046 4041 4062 4104 3544 4000 4192 3742 4074 4067 3952 3799 4214 3571 4200 3571 3979 3990 4158 4009 3876 3972 4056 3930 3737 3943 3658 4122 3867 4065 3658 4115 4209 3733 3791 4122 4133 3880 3729 3848 3628 3871 3737 3725 4082 4138 3840 3792 4604 3597 3534 3657 3560 3444 3782 4197 4309 3819 3976 4130 3607 4265 3836 3777 3981 3694 3797 3815 4164 3902 3919 3335 3648 4250 3885 3614 3861 3862 3877 3349 4096 3408 3851 3471 3949 3866 3568 4204 3759 3943 4062 3869 3880 3876 3711 4041 4055 4237 4024 3746 4052 4012 3942 3865 3774 3682 3963 4056 3770 4138 3650 4015 4045 3978 3730 3954 3830 4078 3793 3681 4009 3861 3904 3821 3660 3997 3893 3605 4041 3780 3808 3558 3922 3663 3970 3579 3884 3867 3830 3869 4130 3960 4023 3930 3678 4293 3979 4068 3869 3823 3763 3883 3725 3788 3726 3688 3765 3386 3764 4026 3585 3640 3776 4004 4081 4204 3771 3717 3967 3552 3662 3768 3730 4179 4132 3863 4125 3862 3903 3500 3859 3939 3596 3939 3786 3671 3785 4003
4370 4021 4065 4375 4034 4106 4146 4459 4215 4250 4354 4698 4444 4535 4432 4755 4334 4503 4527 4087 4750 4602 4414 4225 4776 4394 5012 4168 4373 4216 4675 4230 4526 4431 4347 4199 4033 4495 4433 4723 3932 4445 4529 4403 4580 4296 4409 4643 4889 4536 4190 4226 4132 4269 4109 4336 4932 4461 4068 4365 4841 4396 3901 4376 4254 4220 4185 4380 4658 4755 4433 4527 4233 4727 4489 4409 4537 4230 4437 4391 4745 4434 4420 3894 4061 4344 4234 4094 4325 4384 4566 3795 4585 4010 4231 4208 4393 4304 4271 4850 4277 4323 4641 4338 4408 4517 4181 4460 4765 4772 4350 4344 4576 4411 4467 4332 4344 3966 4707 4386 4319 4829 4144 4661 4473 4549 4384 4422 4179 4592 3900 4239 4165 4189 4311 4292 4356 4322 4440 4100 4499 4366 4518 3987 4423 4215 4348 4263 4450 4149 4331 4346 4797 4546 4426 4300 4218 4520 4899 4613 4142 4342 4554 4332 4386 4108 3964 4215 4093 4066 4236 4476 4254 4261 4289 4565 4581 4523 4213 4250 4599 3964 4048 4028 4073 4843 4366 4437 4561 4401 4006 3904 4409 4595 4125 4662 4186 4155 4660 4327
4094 3904 4059 4150 3938 3956 3730 4309 3932 4077 3939 4396 4192 4349 4205 4366 3977 4254 4188 4031 4329 4052 4078 4183 4688 3971 4491 3654 4239 4044 4179 3802 3979 4170 4020 3796 3760 4394 3809 4448 3929 4349 4098 4329 4316 4212 4124 4033 4358 4285 4116 3764 3601 4089 3747 3966 4277 4381 3657 3921 4712 3886 3764 3979 4135 3952 3815 4155 4531 4101 4203 4202 4069 4421 3894 4092 4078 4078 4087 3910 4049 4128 4382 3795 3741 4136 3938 3819 4101 3972 4320 3794 4263 3844 4170 3773 4061 3912 3829 4304 4049 4133 4469 4056 4249 4119 4134 4322 4321 4528 4020 4014 4162 4028 4149 3843 4313 3987 4296 3860 3900 4423 3789 4273 4220 4115 4198 4236 3868 4295 3775 4158 3992 3883 4095 3847 3668 4176 4049 3663 4320 4154 4189 3992 4252 3939 4202 3761 4089 4250 4151 4265 4283 4313 3820 4082 3890 4437 4389 4304 3999 4151 4232 4163 3824 4188 3520 4327 3944 3838 4203 4367 3842 4071 3980 4168 4264 4412 3708 3953 4401 3613 3700 3826 3745 4303 4383 4059 3987 4062 4276 3724 4129 4237 3848 4274 3924 3846 4271 4118
4213 4031 4160 4199 3926 3991 3967 4453 4329 4197 4226 4513 4282 4473 4349 4584 4111 4160 4464 4084 4344 4139 4421 3882 4401 4039 4904 3926 4427 4248 4243 4150 4263 4262 4110 4296 3961 4434 3848 4308 4176 4616 4278 4248 4653 4319 4349 4311 4532 4380 4182 3958 3848 4263 4207 4177 4539 4348 3984 3985 4711 4030 4017 4260 4274 3898 4061 4442 4704 4239 4272 4361 4159 4553 4375 4030 4087 4000 4378 4084 4474 4402 4403 3897 3748 4213 4169 4085 4169 4291 4471 3819 4323 4082 4371 3859 4227 4091 4114 4366 3945 4151 4367 4410 4235 4176 4330 4436 4163 4503 4285 4011 4480 4131 4253 4291 4315 4227 4542 4063 4167 4618 4078 4297 4241 4432 4318 4396 4023 4442 4019 4101 4130 3963 4172 4127 4046 4372 4310 3734 4275 4157 4321 3947 4367 4358 4201 3956 4430 4226 4221 4214 4518 4353 4024 4121 4058 4551 4528 4723 4043 4180 4310 4369 3980 4185 3847 4150 4098 3954 4250 4263 4084 3932 4167 4159 4454 4389 3929 4215 4664 3887 3887 4062 3921 4597 4471 4256 4303 4347 4147 3865 4307 4539 3852 4354 4173 3991 4189 4032
4267 3935 4057 4157 3968 4002 4014 4324 4202 4189 4036 4679 4191 4390 4118 4230 4226 4304 4153 3823 4423 4385 4196 3999 4689 3820 4579 3790 4399 4143 4362 4111 4183 4206 4175 4190 3993 4193 3966 4427 4117 4387 4198 4202 4329 4287 4392 4203 4570 4296 4056 3857 3990 4393 3877 3966 4550 4184 3587 4135 4977 4046 3764 4212 4091 3580 4006 4487 4486 4489 4260 4479 4023 4353 4173 4227 4176 3896 4177 4092 4530 3933 4399 3826 3798 4388 3981 3897 4202 4093 4322 3579 4505 3734 4183 3842 4062 4231 4133 4581 4258 4224 4531 4333 4029 3933 4231 4252 4330 4614 3957 4140 4261 4272 4416 4104 4187 3897 4409 4136 4110 4620 4082 4398 4426 4198 4036 4087 4124 4518 3985 4331 4231 3990 4150 4015 4020 4348 4344 3959 4212 4294 4361 3916 4396 4077 4139 4115 4397 4242 4086 4360 4450 4506 4169 4116 3855 4511 4508 4348 4015 4183 4113 4510 3819 4150 3762 4115 4232 3748 3798 4310 4040 4008 4083 4256 4233 4278 4002 4247 4285 3556 3910 4111 4032 4573 4405 4384 4482 4210 4219 3757 4161 4230 3987 4433 3892 3896 4302 4228
4545 4384 4228 4491 4167 4396 4120 4723 4284 4461 4133 4953 4379 4737 4330 4703 4350 4552 4465 4211 4428 4530 4339 4098 4674 4089 4843 4169 4414 4357 4518 4473 4397 4261 4322 4100 3967 4388 4438 4512 4373 4506 4578 4608 4500 4434 4614 4491 4764 4518 4255 4047 4038 4316 4293 4045 4593 4503 4140 4335 4865 4276 3984 4480 4409 3789 4162 4492 4585 4461 4548 4475 4128 4664 4352 4450 4148 4246 4435 4471 4590 4481 4388 3920 3891 4404 4223 4277 4070 4264 4441 3690 4368 4255 4349 3959 4345 4232 4035 4584 4365 4241 4436 4515 4145 4174 4303 4367 4520 4577 4186 4139 4617 4558 4369 4303 4507 4273 4571 4271 4120 4724 4185 4480 4704 4607 4338 4363 4280 4363 3962 4368 4468 4423 4335 4536 4057 4550 4342 4098 4380 4362 4488 4439 4585 4306 4681 4061 4582 4475 4112 4452 4627 4482 4489 4356 3956 4571 4367 4343 3903 4313 4437 4572 4332 4312 3872 4390 4288 4180 4187 4735 4250 4106 4135 4119 4263 4463 4103 4214 4813 3711 3930 4333 4121 4643 4582 4347 4204 4351 4291 3994 4419 4629 4103 4664 4363 4119 4357 4331
4241 3937 3996 4054 4017 3771 3767 4323 3949 4157 4081 4428 4168 4071 4118 4374 4062 4261 4067 4014 4317 4301 4178 4047 4286 3980 4558 4031 4186 4024 4221 4034 4131 4214 4275 3946 3804 4289 4113 4501 3906 4386 4080 4512 4550 4037 4257 4208 4626 4237 3984 4023 3906 4254 3948 3940 4346 4177 3922 3953 4689 3989 3889 4264 4177 3920 4124 4196 4543 4072 4061 4457 3763 4512 4206 4176 4222 3997 4159 3992 4097 3863 4412 3629 3856 4185 3983 3789 3966 4211 4107 3551 4119 3792 4217 3741 4134 3935 3974 4388 3956 4116 4247 4104 4112 4118 4123 4249 4554 4605 4162 3807 4310 4239 4148 3941 4176 4088 4199 4168 3947 4431 3709 4199 4291 4331 4180 4404 3964 4209 3940 4009 4152 3938 3969 4067 3878 4237 4143 4031 4193 3999 4168 3850 4300 4226 4299 3827 4008 4031 3907 4142 4139 4499 4378 4129 3806 4459 3990 4451 3855 4074 3846 4224 3940 4016 3693 3972 4168 3726 4088 4393 3844 3739 3908 4207 4186 4450 4004 4035 4390 3743 3826 3940 4013 4480 4396 4218 4142 4300 3974 3745 4273 4206 4045 4398 4043 3903 4243 4018
3882 3690 3657 3611 3436 3643 3402 3968 3609 3776 3808 3961 3758 4046 3716 3961 3624 3899 3831 3517 3959 3915 3509 3486 3873 3603 4254 3371 3976 3615 3650 3522 3636 3588 3698 3546 3500 3765 3509 3927 3556 3987 4058 3882 3931 3637 3874 3629 4171 3800 3690 3125 3533 3555 3682 3667 3698 3862 3448 3539 4208 3604 3443 3805 3636 3364 3520 3686 3960 3711 3717 3848 3482 4028 3589 3658 3831 3434 3679 3503 3709 3845 4047 3361 3494 3698 3700 3407 3657 3701 3729 3503 3622 3531 3792 3421 3606 3618 3463 4012 3760 3829 3729 3830 3695 3847 3834 3823 3904 3975 3724 3685 3794 3500 3546 3809 3635 3573 3831 3567 3578 4082 3437 3731 3782 4075 3601 3743 3501 3693 3546 3728 3481 3628 3503 3700 3505 3860 3741 3325 3719 3487 3811 3787 3658 3763 3726 3540 3653 3767 3633 3674 3943 3760 3672 3765 3600 3975 3800 3981 3342 3614 3623 3791 3522 3632 3337 3563 3657 3478 3521 4094 3796 3475 3719 3555 3902 3839 3772 3773 4014 3238 3384 3628 3602 3939 3961 3668 3549 3822 3752 3380 3489 3785 3366 3842 3661 3610 3792 3623
4368 4071 4326 4126 4029 3914 3896 4421 4202 4249 4067 4702 4322 4330 4249 4322 4085 4359 4031 3965 4301 4452 4038 4210 4450 3951 4524 4075 4282 4009 4304 4136 4224 4096 4162 4121 4001 4005 3822 4253 4045 4334 4286 4325 4396 4035 4244 4311 4320 4340 4070 3786 4023 4304 4136 4066 4439 4172 3735 4211 4692 3947 4013 4324 4216 3831 4047 4392 4324 4418 4040 4395 4080 4409 4161 4152 4311 4087 4155 4314 4366 3922 4271 3641 3674 4351 4163 3833 4074 4226 4182 3713 4405 3943 3982 3859 4154 4158 4011 4437 4170 3928 4186 4379 3924 4146 4351 4270 4283 4424 4084 4089 4282 4192 4236 4182 4088 3946 4323 3988 3946 4382 4022 4232 4133 4384 4134 4266 4108 4415 4118 4087 4111 4096 4008 4094 3835 4347 4395 3739 4107 4208 4105 4005 4287 3965 4167 3847 4206 4161 4285 4311 4368 4319 4201 4141 3914 4617 4477 4370 4001 4102 4270 4249 3880 4152 3693 4180 4171 4002 4086 4275 4118 4201 4105 3967 4350 4179 4181 4004 4227 3509 3814 4132 3994 4421 4136 4248 4026 4197 4257 3866 4023 4225 3879 4248 4043 4082 4104 4282
4394 4145 4267 4293 4015 4266 4042 4411 4185 4440 4243 4762 4533 4353 4379 4637 4180 4305 4194 3915 4426 4424 4065 3887 4756 3965 4720 4065 4457 4264 4417 4100 4447 4104 4152 4023 4213 4176 4113 4547 4259 4576 4473 4229 4447 4285 4511 4308 4486 4311 4306 3803 4254 4283 4362 4354 4626 4426 3822 4094 4849 4021 3947 4252 4280 3824 4239 4516 4730 4434 4591 4459 3889 4419 4431 4473 4295 4232 4384 4286 4197 4295 4352 4098 4020 4173 4360 3995 4063 4431 4610 3756 4333 3877 4447 4178 4169 4211 4230 4624 4342 4513 4713 4462 4268 4294 4226 4427 4264 4572 4345 4146 4421 4333 4372 4271 4311 3935 4416 4386 3924 4638 4172 4304 4533 4551 4381 4328 3974 4446 3907 4359 4345 4512 4256 4262 4048 4475 4439 3793 4270 4111 4180 4084 4432 4542 4377 4020 4384 4162 4116 4247 4540 4480 4249 4189 3971 4714 4512 4486 3990 4243 4099 4457 4232 4342 3796 4039 4329 3786 3899 4620 4268 4028 4124 4141 4439 4693 4103 4121 4452 4013 4194 4028 4140 4743 4517 4292 4112 4277 4225 3930 4158 4718 4067 4668 4160 3948 4289 4302
3803 3858 3982 3702 3730 3688 3799 4252 3835 3642 3564 4197 4074 3961 3657 4281 3808 4089 3816 3712 3904 3935 3871 3688 4246 3745 4241 3548 4034 3895 4125 3859 3695 3755 4008 3789 3671 4207 3597 4176 3711 4254 4008 3917 4059 4014 4122 3996 4182 4133 3706 3580 3649 3626 3741 3766 4437 3769 3649 3627 4194 3829 3629 3897 3963 3578 3647 3966 4251 3936 4067 3898 3722 4268 3883 4029 3889 3829 3903 3837 3760 3738 3918 3451 3487 4101 3816 3610 3800 3822 3958 3350 4031 3680 4030 3332 3785 3742 3601 4155 3813 3876 4041 3855 3777 4102 3712 3993 4084 4164 3622 3815 4095 3757 3750 3491 4020 3632 4077 3584 3739 4116 3656 3783 4094 4003 3691 4002 3515 3955 3736 3836 3932 3595 3732 3778 3787 4015 3992 3458 3892 3869 4208 3507 4049 3544 4057 3262 4140 4052 4002 3973 3877 3970 3838 3697 3749 4059 4115 3975 3623 3883 3905 4141 3587 3837 3603 4006 3840 3636 3704 4137 3847 3584 3721 3813 4047 3918 3634 3720 4024 3434 3590 3672 3755 3989 3951 4191 3877 4060 3666 3555 3842 3963 3505 3932 3809 3661 3881 3662
4208 3946 4040 3973 3673 4109 3832 4073 3916 3891 3910 4531 4266 4158 4172 4382 3856 3800 4074 3903 4320 4195 4170 3939 4547 3808 4445 3673 4176 3947 4184 3848 3776 3984 4363 3930 3830 3958 3998 4353 4091 4258 4075 4271 4466 4168 4193 4153 4243 4052 3975 3851 3870 4096 4034 4125 4252 4071 4008 3744 4524 3842 3760 4103 4011 3782 3855 4256 4310 3999 4248 4178 3654 4326 4232 3939 4092 4160 4131 4100 4199 3968 4182 3693 3568 4251 3956 4134 4019 4306 3902 3591 4159 3793 3940 3742 4056 4120 3701 4356 3964 4042 4182 4080 4007 4138 4102 4207 4221 4504 4032 4002 4082 4191 4058 3903 4086 3904 4095 3908 3863 4302 3667 4328 4080 4209 4209 4161 3725 4151 3948 3974 3975 4057 3930 4053 4005 4483 4132 3665 4270 3971 4082 3835 4312 4050 4232 3685 4134 4069 3991 4056 4219 4201 4203 4073 3609 4584 4119 4287 3606 4094 3812 4137 4025 3990 3808 4068 3934 3748 3719 4347 3975 3700 3846 4142 4429 4282 3881 3967 4405 3670 3551 3838 4029 4349 4294 4206 4305 4205 3941 3556 3937 4089 3939 4506 3741 3846 4291 4034
4309 4065 3787 4227 3806 4108 3856 4239 4049 4090 4166 4639 4246 4489 4125 4287 4006 4349 4023 3888 4271 4230 3942 3934 4231 3978 4656 4062 4244 3874 4416 4070 3976 4178 4137 4073 3704 4054 4196 4390 4180 4201 4083 4297 4217 4155 4180 4195 4380 4074 4197 3773 3992 4215 3854 4162 4431 4318 3650 4004 4603 4021 3767 4172 4080 3949 3682 4107 4427 4186 4138 4128 4132 4384 4000 4136 4039 3871 4025 4120 4389 4149 4177 3615 3865 4165 4345 4033 4026 4051 4170 3631 4348 3833 4074 3826 4104 4235 3783 4805 4051 4192 4268 3983 4084 4170 4054 4110 4427 4357 4102 3893 4187 4139 4215 4094 4094 3900 4417 3947 3898 4519 3762 4328 4372 4402 4150 4325 3815 4038 3848 3888 3992 4132 3929 4082 3894 4236 4129 3731 4331 4004 4262 4215 4224 4112 4068 4056 4031 3954 4199 3961 4403 4310 4168 4166 3789 4507 4337 4165 4026 4035 4154 4105 4002 3951 3594 3995 4175 3849 3914 4169 4127 4069 4059 4068 4108 4306 3972 3897 4337 3806 3710 3964 3894 4360 4379 4412 4454 4143 3894 3822 3968 4319 4013 4335 3847 3848 4304 4038
4124 3959 3886 4142 3907 3972 3768 4026 3981 4096 4116 4382 4082 4125 4086 4356 3918 4149 4105 3812 4177 4110 4065 4009 4199 3926 4433 3819 4315 3971 4151 3950 3891 4015 4056 4154 3866 4293 3842 4247 3932 4278 4015 4213 4337 4002 4271 3974 4127 3971 3832 3762 4108 4235 4152 3688 4186 4116 3771 3860 4526 4113 3679 4264 4104 3645 3896 3971 4324 4109 4133 4329 4104 4405 4048 3940 3755 3832 3999 4185 4208 4231 4096 3992 3804 4292 4079 3889 4172 4031 4214 3540 4240 3805 3983 3577 4007 4122 3669 4347 4173 4032 4017 3974 4138 4146 4114 4034 4220 4330 4037 3878 4176 4079 3970 3912 4045 3728 4195 4007 3833 4305 3979 4190 3957 4333 4088 4297 3868 4222 3764 3877 3875 4031 3909 3897 3758 4129 4005 3885 4199 4017 4126 3747 4235 3985 4353 3830 4109 3897 3956 3837 4505 4247 4168 4068 3826 4392 4239 4252 3521 3988 4087 3884 3922 4208 3552 3995 4055 3752 3913 4294 4065 4056 4186 3851 4114 3996 3711 3915 4215 3506 3616 4025 3923 4506 4392 4218 4088 4142 3815 3535 4088 4011 4036 4147 3636 3880 4105 4324
4201 3617 3885 3976 3760 3757 3950 4149 4101 3994 4141 4277 4194 4134 4177 4174 3927 4125 4180 3922 4223 4250 4001 4001 4159 4132 4184 3768 4120 4162 4212 3780 3788 4123 4007 3829 3858 4383 3991 4234 3796 4318 4060 4144 4252 3858 3857 4076 4117 4128 3806 3833 3656 4037 3855 3841 4250 4130 3686 3965 4466 3857 3951 3980 3971 3704 3991 4141 4132 3931 3971 4067 3811 4146 4099 3947 3891 3707 4219 3996 4198 4316 4318 3723 3512 4416 4036 3655 3890 4220 3999 3594 4006 3597 4218 3732 4083 3942 3787 4282 3879 4116 4381 4111 4229 3869 4170 4030 4209 4156 4052 4135 4138 3879 3851 3884 4005 3862 4224 3923 3814 4365 3587 4016 4076 4088 3827 4211 3884 4196 4171 3759 4028 4036 3716 3911 3763 4136 4191 3446 3981 3844 3890 3788 4137 3843 4259 3481 3877 3753 4004 4093 4095 4123 3905 3969 3810 4470 4181 4172 3748 3956 3772 4192 3770 3932 3660 3854 3899 3661 3956 4152 3838 4023 3963 3961 4142 4057 3977 4028 4108 3695 3902 3764 3868 4234 4248 3864 4189 4045 3903 3331 3868 4132 3767 4228 3970 4059 3877 3956
3927 3611 3769 3682 3374 3632 3354 3881 3754 3523 3668 4048 3735 3955 4061 3829 3604 3729 3770 3694 3915 3961 3873 3748 3884 3721 4052 3540 3937 3957 3779 3527 3511 3653 3577 3762 3651 3872 3531 4023 3522 3956 3614 3985 3918 3680 3856 3880 3976 3810 3729 3426 3559 3645 3712 3720 3892 3882 3483 3664 4106 3507 3457 3529 3715 3406 3687 3796 4129 3881 3806 3858 3580 3940 3779 3622 3681 3684 3801 3930 3826 3862 3897 3617 3757 3934 3698 3549 3820 3603 3743 3361 3698 3371 3850 3680 3819 3447 3519 3791 3620 3944 3788 3903 3707 3778 3834 3765 3848 3949 3655 3834 3879 3653 3634 3689 3888 3589 3888 3666 3613 3927 3191 3864 3583 3740 3783 3907 3572 4018 3539 3642 3516 3498 3783 3682 3485 3858 3626 3413 3649 3763 3595 3623 3947 3600 3797 3228 3933 3442 3751 3907 4119 3994 3669 3432 3494 4129 4067 3966 3566 3877 3808 3755 3456 3764 3395 3776 3592 3658 3625 3901 3620 3596 3494 3578 3807 3596 3543 3547 3914 3347 3572 3613 3469 3898 4060 3736 3907 3944 3681 3455 3652 3792 3610 3961 3557 3748 3866 3839
4190 3872 4070 4021 3963 3726 3647 4129 3897 3703 4184 4685 4106 4045 4034 4496 3686 4103 4079 3875 4392 4067 4187 4009 4373 3778 4407 3879 4475 4041 4156 3850 4084 4087 4123 3876 3884 4257 4042 4382 4022 4379 3992 4291 4457 4041 4309 4210 4396 4091 3761 3808 3648 3944 3969 3800 4275 3990 4000 3828 4757 3807 3816 4042 4054 3665 4091 4197 4453 4022 4254 4263 3672 4425 4053 3931 4076 4066 3961 3809 4212 3987 4024 3799 3795 4216 4038 3975 4123 4050 4017 3594 4123 3707 4144 3767 4154 3935 3833 4289 3890 4030 4100 4216 3913 4134 4045 4168 4225 4310 3928 4218 4372 4122 4014 4019 3955 3790 4323 4115 3828 4410 3963 4201 4298 4234 4242 4014 3766 4033 3971 3907 4011 3767 3915 4036 3730 4280 4039 3614 4264 4070 4015 3918 3940 3990 4142 3924 4250 4054 4265 4110 4254 4232 4108 3990 3981 4414 4411 4411 3907 4208 4146 4266 3845 4020 3915 4180 3922 3898 3821 4239 3814 3672 3917 3948 4217 4234 3764 4003 4377 3799 3743 3864 4032 4315 4033 4355 4086 4425 3944 3673 4132 4124 3737 4260 4056 3631 4183 4205
4183 3862 3937 4047 3837 3939 3615 4219 3996 3976 4147 4389 4220 4081 4080 4340 3920 4227 4241 3891 4492 4257 3965 3777 4268 3997 4488 3756 4298 3973 4186 3991 4064 3847 3909 4037 3634 4236 3893 4360 3736 4324 4236 4327 4419 4109 4130 4263 4286 4365 3758 3866 3789 4378 4029 3956 4403 4145 3996 3900 4489 3709 3670 4234 3952 3749 3975 4266 4338 4118 4302 4144 3869 4663 4100 3894 3922 4041 4135 3933 4337 4145 4075 3675 3604 4177 3965 3865 3998 4333 4085 3532 4210 3645 4232 3892 4061 4032 3687 4550 4088 4026 4217 4136 4312 4078 4302 4060 4183 4386 4235 4073 4163 4159 4048 4094 3968 3654 4146 3982 4038 4539 3756 4262 4200 4560 4023 4301 3939 4184 3752 3960 4038 4138 3904 4112 3722 4089 3997 3770 4176 3971 4365 3916 4117 4069 4132 3758 4212 3799 3981 4126 4289 3970 4193 4195 3795 4254 4244 4466 3852 4031 4148 4175 3938 3870 3727 4064 3980 3791 3999 4319 3845 3980 3991 4123 4081 4284 3635 4037 4327 3943 3923 3915 3782 4245 4211 4284 4144 3933 4107 3655 4091 4269 3635 4303 3898 3924 4035 3996
4461 4427 4628 4395 4409 4490 4115 4773 4417 4692 4284 4798 4795 4810 4617 4873 4442 4847 4692 4497 4679 4748 4687 4616 4929 4422 4911 4374 4538 4549 4692 4334 4511 4706 4457 4340 4343 4600 4583 4754 4473 4894 4655 4530 5053 4643 5010 4771 4924 4725 4511 4174 4465 4727 4545 4372 4861 4791 4431 4475 5173 4439 4032 4869 4747 4143 4420 4413 5100 4730 4490 4851 4282 4879 4290 4670 4721 4386 4605 4623 4614 4473 4634 4097 4118 4668 4328 4420 4527 4561 4447 4086 4872 4365 4541 4270 4520 4669 4441 4790 4553 4608 4610 4609 4497 4565 4444 4659 4787 4891 4494 4439 4773 4729 4520 4261 4739 4533 4966 4490 4364 4977 4260 4827 4496 4837 4681 4599 4360 4764 4123 4582 4764 4433 4413 4371 4276 4725 4566 4236 4650 4611 4901 4349 4498 4404 4822 4206 4632 4706 4425 4852 4895 4951 4640 4527 4466 4885 4783 4830 4500 4627 4547 4701 4674 4391 4319 4444 4735 4286 4344 5038 4541 4299 4357 4346 4688 4726 4383 4417 4936 4011 4216 4668 4332 4910 4891 4649 4372 4845 4397 4072 4699 4721 4183 4772 4593 4386 4731 4370
4012 3857 3964 3911 3745 3994 3597 4162 4043 4133 3789 4451 3951 4101 3964 4214 3963 4125 4081 3873 4165 4218 4066 3931 4321 3864 4519 3796 4381 3948 4135 4014 4022 3907 4075 4102 3827 4101 3930 4321 3734 4127 4059 3995 4395 3857 4179 4064 4160 3830 3993 3885 3716 3998 3825 3888 4196 3950 3814 3825 4490 3804 3637 3963 3966 3828 3869 4184 4262 3900 4113 4324 3670 4465 4163 3848 4103 3519 4036 3787 4287 3815 4112 3521 3620 4191 3962 3791 4085 4164 3728 3443 4259 3518 3901 3710 3992 3945 3600 4414 3981 3881 4037 4078 3933 4044 4195 4127 4239 4507 4202 3858 4073 3955 3977 3894 3933 3899 4016 3838 3760 4119 3873 4167 4213 4144 4079 3921 3781 4106 3805 4055 3872 3909 3903 3962 3765 4227 4072 3705 4094 4144 4173 3897 4115 4084 4048 3868 4086 3859 3874 4149 4352 3989 4022 3928 3712 4263 4189 4287 3746 4057 4116 3877 3829 4041 3720 3877 3981 3599 3706 4110 3824 3829 3648 3809 4068 4330 3837 4003 4169 3651 3719 3826 3614 4153 4089 4153 4070 4165 3784 3511 3875 4137 3802 4150 3955 3746 3912 3661
4236 4118 4208 4335 3913 4219 3987 4417 4043 4213 4225 4732 4561 4346 4169 4464 4045 4398 4225 3925 4040 4251 4228 4168 4501 4085 4674 3776 4326 4161 4278 4095 4016 4090 4148 4013 3825 4319 4084 4307 4144 4421 4230 3998 4605 4212 4430 4300 4554 4522 3982 3893 3978 4118 4000 4125 4570 4289 3638 3942 4828 4104 3793 4133 4435 3903 3951 4420 4555 4073 4112 4278 4218 4365 4017 4052 4307 4007 4261 4278 4178 4303 4367 3740 3600 4248 4206 3792 3971 4273 4159 3920 4469 3745 4302 3891 4082 4098 3812 4486 4195 4220 4541 4078 4438 4285 4139 4182 4580 4286 4243 4007 4374 4356 4160 4181 4442 3898 4457 3952 3888 4781 3822 4066 4329 4288 3974 4334 3783 4196 3953 4130 4413 3936 4046 4113 3939 4381 4431 3607 4390 4227 4338 3932 4266 3916 4169 4008 4106 4211 4230 4135 4137 4293 4225 4137 4104 4474 4358 4245 4100 4331 4031 4536 4057 3887 3983 3921 4359 3821 3907 4548 4176 3984 3972 4088 4339 4479 4054 3961 4493 3866 3857 3901 4148 4250 4426 4337 4226 4314 3971 3824 4180 4237 3640 4474 4068 4003 4418 4135
4204 4049 4001 4130 3959 4224 3990 4404 4316 4129 4097 4571 4365 4369 4428 4557 3669 4281 4380 4144 4542 4488 4380 4156 4486 4049 4768 4074 4278 4153 4302 4189 4339 4301 4285 4136 4137 4330 3952 4581 4217 4512 4409 4266 4545 4291 4500 4364 4470 4527 4003 3983 3917 4212 4273 4052 4755 4165 3904 4058 4733 4344 4061 4401 4223 3822 4135 4188 4692 4452 4384 4377 4091 4601 4151 4180 4373 4063 4306 4244 4419 4240 4474 3991 3904 4388 4231 4097 4281 4051 4350 3922 4256 3983 4195 4305 4174 4154 4101 4682 4260 4380 4505 4624 4103 4370 4440 4248 4365 4450 4152 4335 4368 4285 4429 4215 4408 4083 4381 4011 3875 4543 4088 4171 4480 4571 4232 4181 4173 4406 3975 3957 4255 4201 4368 4186 4086 4377 4159 3789 4234 4213 4348 4088 4427 4117 4284 3927 4616 3940 4284 4301 4478 4412 4357 4214 3999 4621 4733 4474 3934 4331 4220 4282 4171 4310 3859 4328 4294 3948 4079 4426 4023 4384 3996 4191 4536 4557 4115 3975 4644 3725 3999 3958 4134 4373 4194 4350 4031 4274 4130 3979 4057 4352 4028 4579 4141 4055 4358 4175
4434 4289 4038 4215 3781 4256 4086 4487 4376 4204 4213 4757 4647 4511 4288 4529 4144 4373 4369 4059 4552 4746 4317 3906 4536 3969 4808 4171 4661 4285 4410 4357 4491 4231 4024 4172 3893 4366 4288 4660 4501 4482 4303 4288 4574 4364 4476 4363 4812 4552 4040 3812 3831 4264 4236 4040 4479 4393 4037 4349 4926 3996 3940 4213 4311 4095 4177 4598 4697 4319 4595 4345 4066 4597 4047 4164 4230 4251 4267 4134 4527 4365 4389 3926 3958 4426 4275 4077 4084 4279 4524 3608 4373 3982 4392 3919 4290 4239 4365 4610 4171 4405 4409 4529 4269 4202 4159 4636 4538 4527 4355 4214 4333 4284 4289 4353 4132 4247 4355 4054 4001 4739 4069 4333 4286 4464 4471 4190 4066 4542 4002 4193 4350 4140 4314 4151 3916 4508 4128 3935 4358 4353 4437 3865 4323 4374 4282 4036 4443 4282 4254 4224 4472 4583 4205 4374 3944 4550 4647 4530 3986 4040 4196 4356 4026 4392 4100 4237 4150 3938 4221 4545 4280 4102 4190 4133 4555 4507 3836 4147 4516 4035 3949 4227 3813 4552 4641 4271 4437 4149 4217 4060 4137 4613 4120 4463 4136 4040 4206 4266
4020 3833 3949 3879 3794 3677 3584 3902 3964 3875 3731 4145 3839 3972 3784 4338 3760 4130 4074 3722 4080 4000 4139 3651 4190 3708 4343 3711 3952 3884 4147 3853 4025 4005 3933 4103 3672 4000 3699 4126 3847 4168 3915 4164 4146 4106 3973 3721 4056 4173 3588 3707 3780 4083 3862 3741 4318 3970 3726 3865 4510 3757 3705 4204 3907 3672 3603 4054 4428 4010 4081 4108 3577 4453 3984 3924 3889 3794 4056 3838 4350 3985 3770 3653 3510 4185 3785 3469 3856 3959 4113 3288 4345 3457 3908 3691 3827 3768 3762 4130 3762 3803 3768 3846 3858 3698 3963 4033 4263 4399 3900 3770 4039 3784 3842 3782 3824 3852 4157 3833 3679 4104 3845 4069 4018 4061 3937 4172 3753 3868 3605 3887 3934 3942 3745 3841 3695 4120 3902 3657 3940 4003 4042 3725 4032 3749 3818 3787 3989 3903 4101 3810 3996 4073 3868 3860 3743 4127 4135 4177 3741 4110 4019 3782 3741 3968 3669 3810 3934 3403 3825 4154 3895 3979 3711 4045 4278 4105 3673 3725 4051 3506 3608 3760 3703 4016 4062 4094 4001 4206 3851 3688 3906 4160 3533 4082 3752 3770 3892 4131
4170 3684 3919 4048 3395 4025 3585 4032 3831 3908 3994 4301 4152 4022 4000 4404 3860 4041 3935 3737 4014 4097 3824 3840 4280 3857 4259 3643 3935 3849 3883 3708 3993 3785 4008 3727 3559 3790 3864 4051 3797 4205 3915 4139 4129 4001 4209 4147 4295 3902 3748 3498 3680 3930 3776 3862 4173 3833 3560 3826 4447 3632 3478 3849 3956 3672 3819 4043 4087 4025 3905 3954 3658 4273 4012 3963 3864 3498 3996 4044 4118 4005 4066 3471 3581 3922 3815 3778 3854 3994 3836 3336 3997 3464 3893 3719 3888 3765 3749 4199 4052 3882 4074 4050 3859 3970 4099 4021 4139 4247 3831 3774 4078 3995 4108 3973 3869 3690 4185 3756 3620 4187 3603 4180 3950 4088 3837 4030 3583 4123 3778 3883 4070 4110 3648 3886 3410 3779 4076 3717 3923 3950 3840 3594 3828 3885 3955 3755 4006 4060 3785 3770 4128 4106 4069 3536 3804 4109 4130 3902 3659 3973 3902 4051 3849 3586 3638 3874 4077 3658 3461 4215 3802 3600 3784 3834 3945 4227 3749 3771 4154 3563 3637 3649 3612 4135 4022 4136 3881 3904 3645 3501 3974 4321 3651 4083 3833 3587 4036 3806
4080 4036 4038 4122 3956 4038 3881 4320 4102 4071 4237 4518 4341 4300 4263 4559 3819 4179 4125 4011 4188 4094 4228 3927 4385 4003 4523 3746 4391 4084 4284 4363 4082 4094 4099 4098 3804 4157 4186 4383 4048 4427 4282 4408 4539 3934 4167 4242 4290 4255 3862 3846 3790 4220 4069 4078 4394 3998 3964 3903 4531 4061 4046 4251 4198 4005 4036 4265 4440 4069 4373 4139 4017 4436 4186 3908 4128 4108 4050 4061 4152 4020 4458 3714 3623 4426 4071 3874 4089 4187 4245 3724 4165 3762 4138 3808 4176 3985 3667 4598 3989 4106 4241 4367 4217 4105 4391 4183 4073 4403 4201 4186 4238 4139 4304 4212 3972 3797 3991 3947 3869 4342 3729 4398 4253 4528 4109 4281 3871 4302 4067 3814 4142 3907 3922 4257 3804 4542 3909 3725 4242 4065 4234 3743 4338 3991 4097 3719 4535 4078 4167 4138 4322 4147 4068 4060 3796 4581 4381 4258 3833 4234 4182 4300 3916 4224 3801 4089 4069 3872 4152 4335 4039 4259 4225 3894 4109 4400 3826 4085 4359 3667 3909 4211 3804 4539 4474 4308 4150 4391 4140 3471 4134 4207 3843 4093 3918 3947 4093 4211
3918 3754 3995 3701 3692 3835 3634 4025 4155 3946 3886 4315 3842 3940 4027 4290 3778 4232 4085 3909 4058 3869 3882 3835 4094 4048 4325 3562 4222 3758 4180 3858 3755 4077 3565 3418 3754 4076 3895 4027 3814 4285 3979 4131 4268 3858 4299 4067 4033 3963 3648 3570 3865 4184 3803 3776 4326 3842 3927 3883 4410 3973 3681 3999 4028 3594 4097 4014 4217 3870 3962 4090 3843 4254 3939 4015 3956 3974 4068 3915 4121 3847 4119 3627 3691 4290 3919 3623 3893 3946 4274 3321 4055 3782 4030 3685 3818 3856 3740 4133 3786 4004 4076 4152 3890 4133 4092 3980 3921 4221 3886 4152 4236 3919 4124 3837 3951 3746 4146 3839 3725 4265 3394 4174 3960 3982 3904 4147 3859 4089 3874 3859 3902 3684 3803 3806 3653 4239 4052 3791 4088 3967 4013 3811 4165 3880 4129 3430 4231 3856 3899 3913 4161 4218 4133 3906 3659 4227 4243 4157 3634 3987 4185 4193 3863 3819 3758 3766 4281 3715 3817 4115 3978 3797 3691 3770 3761 4165 3672 3831 4130 3308 3804 3879 3878 4319 4319 4156 3978 3880 3926 3528 3970 3965 3695 3982 3779 3580 3861 4053
4150 3756 4048 3988 3686 3911 3864 3964 4132 3974 4053 4333 4154 4261 3975 4279 3926 3915 4097 3926 4058 3995 4053 3822 4461 3818 4435 3834 4030 3698 3934 3899 3765 3979 3986 4060 3793 4115 3796 4169 4155 4337 4040 4170 4322 4022 4010 4090 4219 4153 3644 3650 3714 3995 3942 3894 4239 3954 3707 4008 4371 3820 3859 3911 4006 3630 3737 4135 4316 4034 4325 4158 3871 4196 4005 3896 3918 3574 4138 4187 4218 3973 4016 3719 3692 4156 3845 3613 4072 3754 3986 3594 4122 3616 4062 4038 3980 3976 3684 4267 3883 3815 4221 4240 3803 4189 4183 4187 4392 4290 4089 4009 4047 4128 4095 4113 4243 3918 4175 3923 3730 4195 3645 4230 3985 3959 4102 4063 3704 4252 3864 4122 4066 3846 4063 3990 3846 4154 4141 3472 4051 4002 3986 4076 3966 4054 4103 3676 4221 3787 3815 4014 4333 4110 3965 3898 3551 4417 4425 4329 4022 3967 4244 3956 4024 4083 3741 3819 4254 3812 3848 4343 3750 3782 3475 3825 4241 4150 3930 3822 4275 3549 3846 3906 3914 4121 4152 4087 4208 4001 3797 3717 3937 4212 3858 4220 3903 3630 4066 3835
4419 4233 4450 4266 4161 4218 3968 4589 4555 4540 4363 4982 4446 4486 4163 4731 4109 4534 4367 4044 4428 4604 4325 4390 4687 4282 4819 4020 4597 4302 4525 4265 4385 4341 4353 4249 4026 4449 4274 4583 4503 4614 4543 4746 4900 4449 4412 4369 4762 4664 4339 4031 4085 4559 4100 4270 4845 4338 4176 4312 5165 4063 4132 4538 4399 4147 4269 4294 4603 4294 4198 4499 4302 4777 4283 4423 4462 4244 4348 4224 4453 4478 4403 3979 3888 4434 4200 3919 4250 4411 4328 3899 4591 4012 4345 4042 4324 4440 4026 4527 4286 4324 4424 4471 4210 4282 4419 4374 4704 4684 4381 4238 4639 4384 4301 4221 4325 4157 4542 4295 4187 4714 4002 4340 4431 4426 4450 4686 4286 4273 4126 4289 4494 4331 4415 4319 4182 4638 4518 4126 4689 4452 4504 4023 4404 4366 4399 4210 4428 4335 4374 4468 4326 4480 4272 4504 4339 4646 4481 4909 4169 4355 4514 4389 4494 4329 3988 4177 4426 3958 4443 4768 4259 4242 4067 4204 4683 4732 4120 4407 4775 3999 4170 4223 4090 4548 4667 4373 4160 4552 4298 3931 4368 4661 4073 4491 4177 3943 4386 4242
4241 4341 4202 4345 3881 4113 4081 4409 4343 4489 4122 4672 4597 4527 4365 4785 4586 4473 4231 4174 4395 4212 4258 4212 4641 4337 4660 4153 4385 4113 4475 4300 4373 4601 4471 4206 4106 4293 4246 4512 4330 4481 4430 4345 4732 4170 4573 4456 4643 4488 4226 4056 4169 4272 4038 4239 4331 4427 4131 4019 4869 4350 4245 4331 4289 3825 4204 4568 4747 4299 4546 4697 4111 4451 4450 4433 4316 4106 4371 4348 4544 4257 4706 3856 4258 4502 4484 3969 4399 4589 4220 3811 4471 4000 4224 4089 4391 4494 4006 4688 4253 4385 4549 4560 4333 4184 4287 4472 4541 4644 4337 4348 4719 4253 4516 4264 4306 4250 4460 4098 4173 4615 3961 4405 4440 4392 4336 4606 3956 4623 4008 4388 4196 4044 4328 4486 4049 4591 4205 4036 4531 4284 4320 4192 4446 4418 4487 3912 4436 4217 4279 4305 4568 4455 4193 4358 3784 4712 4622 4544 4075 4546 4393 4458 4106 4309 3952 4128 4208 3892 4286 4591 4094 4316 4173 4077 4404 4526 4078 4224 4574 3958 3973 4110 4024 4732 4698 4409 4437 4441 4160 3905 4525 4550 4119 4725 4131 4136 4374 4448
3891 3697 3647 3828 3599 3568 3650 3906 3882 3633 3691 4336 3954 3776 3780 4106 3805 4012 3937 3578 3865 3870 3672 3728 4049 3721 4302 3565 3961 3774 3938 3616 3490 3912 3734 3737 3576 3904 3641 3896 3706 4183 3864 3996 4084 3825 3911 3869 4187 4023 3707 3609 3439 3781 3638 3623 4147 3757 3654 3671 4278 3554 3455 4006 3913 3559 3546 3991 4119 3633 3734 3812 3526 4340 3809 3916 3750 3560 3813 3642 3882 3828 3805 3338 3477 3817 3707 3514 3797 4140 3862 3247 4083 3448 3998 3359 3699 3649 3445 4219 3624 3844 3788 3868 3874 3813 3688 3776 4064 4006 3821 3867 3966 3657 3878 3631 3777 3570 4162 3556 3505 3960 3412 3802 3929 3823 3723 3800 3589 3705 3492 3941 3933 3620 3723 3883 3588 3923 3897 3383 3980 3756 3621 3762 3913 4041 3773 3480 3721 3850 3698 3822 3919 3969 3723 3793 3395 3988 3910 4131 3620 3579 3865 3918 3539 3857 3434 3690 4108 3708 3739 4060 3749 3570 3485 3838 3850 4159 3607 3605 4029 3495 3541 3739 3829 3998 4310 3962 4020 3699 3850 3607 3864 4073 3337 4108 3775 3360 3872 3577
4711 4157 4384 4645 4269 4587 4310 4917 4375 4458 4528 4952 4622 4895 4562 4781 4311 4671 4572 4265 4666 4629 4370 4332 4956 4369 4967 4192 4769 4443 4632 4298 4343 4471 4659 4327 4348 4452 4264 4608 4449 4862 4676 4730 5139 4450 4723 4662 4729 4819 4450 4168 4317 4711 4339 4384 4809 4562 4152 4429 5058 4332 4126 4482 4532 4111 4343 4507 4850 4630 4687 4592 4518 4725 4608 4545 4363 4308 4697 4442 4700 4577 4565 4125 3918 4823 4605 4177 4493 4510 4494 4102 4665 4334 4499 4284 4355 4455 4322 4838 4529 4664 4617 4725 4524 4722 4694 4371 4650 4855 4452 4251 4844 4436 4812 4471 4475 4086 4633 4271 4286 4911 4406 4729 4653 4534 4339 4642 4394 4669 4603 4516 4416 4403 4333 4342 4357 4635 4760 4013 4435 4377 4494 4412 4687 4649 4667 4098 4709 4525 4398 4590 4681 4641 4529 4465 4120 4908 4773 4804 4302 4613 4558 4615 4367 4541 4087 4444 4556 4040 4294 4724 4459 4453 4395 4339 4569 4686 4265 4424 4699 4029 4171 4495 4082 4824 4856 4600 4614 4469 4337 4066 4397 4598 4203 4730 4511 4340 4428 4253
4381 4200 4254 4491 4043 4296 4043 4605 4466 4593 4350 4788 4429 4422 4452 4642 4264 4452 4413 4116 4656 4592 4296 4182 4671 4266 4538 4260 4503 4089 4522 4345 4336 4314 4297 4194 4203 4402 4198 4552 4335 4396 4450 4237 4813 4300 4779 4473 4706 4301 4229 4101 4089 4278 4138 4094 4455 4433 4083 4121 4955 4144 3984 4184 4298 3860 4099 4657 4584 4165 4493 4436 4285 4671 4314 4043 4423 4128 4357 4302 4294 4167 4482 4082 3777 4470 4126 4048 4280 4381 4550 3758 4688 4023 4492 3954 4295 4291 3690 4778 4258 4358 4354 4300 4198 4324 4427 4299 4445 4551 4427 4301 4730 4218 4225 4237 4182 4198 4334 4186 4063 4645 4011 4685 4504 4700 4335 4463 4025 4478 4084 4279 4462 4314 4179 4412 3902 4528 4211 4036 4496 4245 4404 4315 4423 4229 4393 4165 4527 4578 4316 4361 4476 4322 4611 4409 4254 4678 4428 4582 4199 4207 4343 4296 4226 4154 4277 4304 4528 3945 4114 4832 4067 4161 4092 4133 4529 4791 4018 4291 4789 3945 4095 4251 4091 4613 4524 4422 4374 4337 4108 3851 4310 4324 3782 4623 4198 3927 4226 4321
4091 3904 4142 3865 4005 3950 3705 4184 4079 4068 3994 4528 4207 3984 4053 4236 3820 4137 4104 3969 4395 4146 4063 3837 4615 3985 4330 3933 4163 4010 4133 3853 4086 4029 4087 3979 4009 4194 3843 4130 3916 4306 4304 4098 4266 4263 4347 4213 4377 4134 3845 4172 3813 3891 3939 3913 4305 4231 3946 3888 4628 3799 3576 4175 4205 3692 4041 4393 4403 4182 4031 4442 3752 4389 3997 3961 3949 3968 3818 4104 4252 3960 4111 3601 3821 4296 3987 3779 3950 4147 4149 3542 4260 3696 4342 3676 4034 4170 3813 4475 4081 4289 4076 3954 4091 4075 4084 4057 4075 4365 4037 3982 4079 3972 3966 3885 4027 4110 4252 4034 4010 4315 3948 4281 4368 4403 3969 4261 3829 4505 3830 4122 4120 3778 4080 4016 3810 4106 4261 3665 4013 4274 4043 3715 4342 4084 3968 3837 4207 3858 3940 4270 4056 4291 4138 3911 3918 4371 4259 4269 3871 3983 3938 4068 3901 3969 3650 3977 4231 3834 3741 4449 4086 3903 3765 3978 4138 4415 3862 3938 4433 3724 3816 3997 3883 4243 4468 4121 4189 4028 3948 3684 4212 4339 3574 4336 3817 3869 4332 3984
4208 4049 4211 4253 4147 4280 4036 4346 3979 4303 4326 4648 4430 4364 4404 4606 4037 4449 4337 4091 4140 4286 4232 4272 4310 4066 4819 4093 4561 4246 4422 4351 4316 4454 4181 4036 3997 4302 4369 4438 4467 4578 4261 4510 4452 4213 4298 4305 4660 4343 3956 4003 3812 4379 4138 4149 4542 4178 4213 4165 4739 4186 3997 4275 4132 3987 4325 4101 4444 4145 4200 4440 4052 4521 4261 4011 4337 4247 4399 4228 4481 4450 4234 3916 3822 4500 4192 4117 4502 4191 4289 3775 4450 4144 4313 3953 4172 4142 4019 4496 4272 4274 4414 4378 4156 4503 4404 4351 4452 4512 4258 4296 4393 4269 4243 4157 4612 4118 4509 4185 3983 4446 4131 4375 4354 4508 4339 4316 4074 4303 3946 4054 4183 3904 3978 4314 3701 4295 4160 3795 4284 4160 4196 3982 4415 4189 4115 3980 4265 4294 4240 4335 4612 4327 4071 4076 4084 4602 4541 4424 3983 4337 4320 4436 4189 4165 3870 4104 4273 4003 4183 4499 4169 3944 3995 4103 4433 4411 3898 4178 4621 3891 4118 3950 3883 4591 4507 4132 4306 4137 4108 3706 4252 4377 3904 4505 4028 4179 4442 4148
3961 4025 4153 3984 3896 3741 3766 4406 4217 4297 4176 4446 4140 4341 4288 4277 4032 4327 4333 4124 4097 4187 4156 3766 4486 4002 4808 3926 4187 4129 4405 4100 4163 4200 4144 4124 3933 4099 3907 4205 4163 4585 4171 4474 4592 4208 4095 4144 4605 4071 3908 3950 3915 4298 3923 4039 4332 4139 3899 4176 4676 4036 3897 4104 4137 3800 4104 4200 4545 4267 4342 4336 4068 4515 4040 3977 3977 4029 4262 4193 4228 4314 4236 3741 3831 4336 4017 3767 4249 3903 4384 3600 4358 3931 4330 3894 4030 4184 4051 4227 4016 4061 4339 4152 3991 4214 4219 4183 4408 4571 4168 4074 4381 4282 4028 4146 4302 4073 4166 3965 4159 4617 3899 4271 4134 4072 4048 4206 3789 4591 3807 4077 4048 3835 4149 4053 3953 4460 4012 3775 4246 4074 4388 3817 4215 3814 3972 3860 4218 4297 4083 4165 4270 4237 3959 4148 3928 4312 4391 4367 4087 4153 4459 4208 3916 3927 3917 3909 4137 3944 4286 4288 4300 4020 4012 3989 4427 4349 3987 4006 4299 3715 3812 3895 3765 4599 4409 4216 4280 4083 4032 3784 4164 4403 3746 4224 4016 3865 3947 4117
3908 3759 4099 3986 3861 3913 3670 4407 3835 4189 4075 4451 4259 4041 4088 4390 3868 4167 4264 3771 4149 4015 4134 3864 4321 4045 4751 4112 4289 3919 4436 3815 3964 4013 4156 4011 3914 4037 3701 4492 3994 4396 4201 4265 4257 4254 4059 4410 4489 4196 3947 3701 3888 4183 4035 4017 4368 4185 3965 3844 4683 3971 3654 4169 4108 3874 4103 4075 4558 4171 4203 4333 3746 4385 4115 4162 4033 4091 3953 4019 4083 4157 4086 3702 3660 4140 3962 3920 3875 4092 4287 3644 4213 3712 4349 3985 4111 4013 3949 4370 3958 4323 4427 4056 4178 4199 3885 4137 4311 4467 4082 4010 4073 3995 4256 3920 3984 3866 4182 3998 4022 4462 3889 4055 4339 4334 3845 4232 3990 4110 3950 3964 3989 3935 4143 4101 3893 4318 4032 3611 4203 4260 4407 3946 4342 4342 3973 3922 4300 3901 4331 4275 4258 4364 4067 4129 3894 4350 4466 4378 3783 4250 4081 4193 4171 4121 3624 4041 4040 3649 3976 4410 3997 3913 3905 4082 4491 4247 3706 4018 4600 3694 3866 3904 3891 4359 4371 4250 4173 4275 4064 3838 3993 4230 3859 4366 3893 4010 4311 4023
4365 4048 4224 4188 4130 4362 3890 4414 4370 4055 4268 4564 4276 4293 4461 4703 3916 4196 4252 4178 4545 4172 4389 3973 4565 4068 4843 3692 4467 4150 4447 4185 4488 4185 4215 4134 4125 4366 4042 4424 4395 4259 4341 4463 4403 4228 4317 4392 4737 4513 4214 3956 4054 4177 4176 4128 4556 4143 3937 4115 4696 4139 3966 4307 4010 3822 4206 4112 4525 4232 4428 4488 4021 4719 4361 4084 4170 4066 4214 4130 4318 4203 4191 3753 3866 4218 4109 3960 4163 4320 4304 3907 4341 3895 4267 3961 4210 4115 3884 4680 4276 4353 4437 4545 4238 4303 4249 4345 4458 4705 4255 4222 4354 4237 4271 4249 4243 4042 4279 4343 4130 4682 3997 4409 4406 4425 4200 4265 4189 4242 4068 3986 4225 4313 4206 4145 4171 4353 4237 3804 4382 4138 4288 3826 4441 4246 4110 3945 4392 4239 4280 4341 4593 4279 4329 4097 3892 4454 4241 4476 4127 4517 4251 4297 4131 4220 3827 4079 4167 3982 4128 4492 4284 3943 4095 4458 4423 4620 3980 4075 4416 4012 4076 3968 4070 4449 4362 4315 4348 4394 3993 3662 4190 4490 3992 4504 3858 4033 4410 4318
4648 4291 4465 4455 4148 4402 4182 4708 4666 4433 4278 4886 4803 4556 4334 4830 4259 4552 4565 4323 4597 4570 4623 4263 4993 4333 5058 4315 4586 4543 4692 4390 4395 4275 4606 4354 4273 4505 4115 4555 4580 4808 4480 4767 4900 4517 4513 4766 4820 4642 4304 4354 4070 4566 4445 4357 5025 4520 4029 4229 4886 4461 4064 4543 4439 4241 4355 4736 4850 4540 4487 4644 4234 4752 4456 4376 4421 4478 4479 4522 4658 4241 4408 4054 4012 4682 4468 4031 4142 4472 4390 4170 4707 4078 4589 4087 4345 4292 4107 5008 4308 4554 4509 4515 4569 4804 4381 4578 4932 4959 4411 4476 4534 4616 4301 4451 4638 4316 4600 4446 4160 4690 4130 4525 4468 4510 4474 4588 4144 4669 4239 4577 4368 4248 4381 4355 4364 4757 4565 4020 4592 4401 4607 4266 4800 4390 4362 4156 4456 4620 4599 4534 4607 4830 4575 4270 4167 4809 4747 4588 4281 4354 4457 4584 4434 4218 4130 4585 4453 4113 4273 4912 4528 4143 4214 4576 4607 4598 4282 4178 4694 4057 3930 4296 4199 4812 4727 4578 4720 4543 4248 3996 4302 4530 4193 4767 4185 4265 4448 4442
3904 3901 3753 3862 3606 3946 3650 4226 3853 3809 3910 4224 3981 4067 4048 4201 3715 4067 4054 3816 3986 3909 4122 3653 4402 3666 4314 3609 4134 3739 4002 3745 3861 3953 3752 3804 3702 4293 3757 4239 3927 4180 3908 3986 4192 4035 4066 4220 4034 4040 3855 3763 3758 4075 3976 3598 4185 3998 3824 3745 4411 3928 3477 3981 3970 3628 3548 4067 4215 3932 4143 4092 3854 4291 4028 3759 3887 3699 3988 3784 3953 4120 4121 3699 3577 4143 3905 3754 3974 4059 3903 3499 4135 3602 3839 3724 4033 3751 3616 4198 3741 3968 4063 4026 4020 3951 4097 3887 4030 4316 3865 3740 4134 4130 4053 4076 4161 3800 4169 3919 3586 4297 3619 4002 4085 4180 4067 3867 3830 4064 3698 4090 3966 3916 3899 4025 3732 4363 3902 3543 4214 3875 3833 3821 4001 3780 4117 3603 4003 3862 3861 3940 4224 4037 3999 3775 3651 4124 4098 4214 3838 3950 3826 4160 3961 3949 3643 3797 4022 3672 3685 4145 3822 3815 3606 3938 4104 4050 3840 3494 4253 3426 3574 3844 3700 4328 4002 4022 3829 4023 3603 3504 3830 4100 3701 4076 3771 3485 3975 3813
3809 3808 3872 3937 3835 3660 3594 4096 3783 3849 3748 4124 3866 4024 4000 4047 3858 4025 4062 3889 3747 3823 3877 3860 3865 3465 4094 3707 4003 3740 4071 3863 3698 3830 3731 3872 3654 3690 3614 4142 3855 4247 3843 3888 4293 3889 4000 3931 4190 3832 3930 3708 3670 3913 3788 3750 4094 3849 3759 3849 4307 3544 3656 3845 3854 3625 3624 3943 4204 3833 3898 3940 3878 4283 4026 3641 3835 3768 4047 3746 3987 4003 4132 3479 3480 3815 3730 3653 3909 3819 3774 3278 3947 3564 3971 3532 3883 3932 3700 4078 3623 3830 3877 4101 3662 3715 3931 4007 3823 4116 3767 3796 4030 3749 3863 3669 3765 3665 4122 3470 3583 4039 3614 4042 3960 4013 3812 3891 3695 3977 3659 3772 3704 3583 3772 3586 3607 4160 4038 3665 3882 3679 3883 3718 4017 3844 3760 3540 3956 4006 3913 3913 4115 4011 3608 3740 3602 4102 4141 4143 3514 4037 3812 3720 3765 3787 3784 3507 3839 3662 3646 3968 3693 3733 3547 3600 4083 3857 3753 3584 4094 3342 3568 3646 3566 4192 3918 3843 3787 4044 3682 3462 3925 4108 3608 3962 3734 3496 3908 3549
3803 3797 3740 3968 3708 3741 3624 4047 3637 3944 3874 4407 3972 3926 3881 4192 3624 3879 3688 3767 4002 3901 3944 3748 4312 3635 4220 3763 4228 3773 3890 3837 3873 3832 4081 3757 3459 3844 3769 4329 3898 4135 4057 4095 4080 3939 4015 4136 4180 4048 3670 3757 3636 4051 3670 3848 4246 3884 3860 3682 4220 3696 3553 3934 3814 3451 3847 4022 4181 3884 4032 3887 3678 4181 4076 3833 3925 3775 3956 4014 4076 4023 3902 3540 3614 4090 3763 3688 3825 3812 3747 3325 4060 3528 3823 3641 4057 3903 3452 4335 3808 3775 4093 3924 3792 3987 3843 3992 4033 4398 3632 3927 4034 3849 3945 3923 3904 3545 3976 3865 3566 4109 3498 4106 4010 4215 3838 4047 3586 3985 3519 3619 3773 4057 3794 4017 3583 4075 3835 3471 4165 4064 3891 3788 4015 3649 4127 3551 4245 3808 3918 3807 4094 4150 3855 3829 3697 4079 4333 3842 3605 3952 3792 4061 3783 3745 3511 3851 3950 3729 3524 4181 3805 3775 3776 3907 4023 3910 3867 3775 4287 3448 3712 3520 3821 4175 3984 3982 3980 3882 3643 3519 3858 3984 3731 4245 3799 3491 4178 3967
4106 3866 4243 4111 3946 4084 4053 4519 4194 4101 4252 4652 4420 4167 4255 4777 3917 4267 4125 3942 4249 4252 4208 3905 4440 3844 4603 3799 4467 3984 4340 4308 4315 4018 4302 4118 3977 4310 4049 4320 4311 4419 4149 4188 4411 4093 4410 4299 4627 4486 4047 3904 4036 4101 4103 4053 4536 4395 3963 4028 4634 3821 3928 4273 4231 3901 4102 4177 4503 4424 4470 4289 4124 4558 4132 4085 4071 4136 4189 4100 4321 4241 4292 3588 3746 4387 4193 4005 4373 4236 4170 3793 4450 3729 4272 3983 4252 4134 3925 4721 4329 4260 4272 4314 4244 4163 4090 4167 4402 4530 4058 4145 4303 4319 4175 4214 3954 3984 4468 4173 4154 4600 3955 4167 4435 4509 4340 4315 4015 4192 3819 3971 4144 4016 4089 4300 3949 4362 4318 3764 4168 4268 4169 3828 4286 4105 4510 3885 4429 4187 3933 4325 4237 4278 4211 4045 3946 4607 4421 4340 3975 4333 4214 4274 3799 4384 3954 4346 4152 3994 4131 4483 4099 3976 3997 3994 4328 4299 3818 4021 4259 3873 3988 4080 4075 4290 4107 4331 4288 4332 4144 3729 4039 4251 3848 4332 3978 3875 4200 4182
3940 3566 3926 3878 3696 3722 3689 4063 3895 3818 3652 4341 4178 4002 4074 4012 3858 4109 3931 3798 3835 3895 3894 3864 4213 3591 4375 3596 4152 3776 4005 4074 3829 3915 3932 3814 3654 3794 3674 4039 3996 4262 3769 3870 4316 3970 3854 3784 4332 4049 3892 3698 3718 3887 3887 3668 4044 4016 3685 3737 4427 3707 3569 4116 3977 3604 3567 4022 4200 3860 3996 4014 3840 4191 3850 3724 3972 3931 3935 3838 3950 4015 4098 3358 3684 4209 4036 3603 3931 3813 3781 3665 3998 3469 4023 3449 3772 3803 3740 4316 3668 3897 4043 3936 3877 4048 4065 4022 4202 4273 4013 3794 4030 3862 3750 3843 4045 3822 4136 3764 3613 3943 3495 4026 4015 3988 3838 4021 3563 4221 3578 3952 3568 3759 3688 3847 3756 4316 3881 3487 3963 3771 3932 3813 4068 3968 3789 3369 3746 4078 3980 3978 4181 3877 3969 3839 3532 4385 4148 4171 3963 3908 3888 3886 3675 3858 3707 3905 4124 3801 3858 4441 3768 3705 3887 3819 4090 4063 3706 3656 4096 3503 3701 3634 3696 4233 4236 3977 4045 3911 3810 3751 4064 4003 3588 3976 3738 3727 3757 3836
3920 3901 3594 3831 3465 3939 3415 4065 4074 3898 3644 4201 3889 3968 3926 4348 3831 4038 3831 3959 3992 4071 3750 3533 4176 3809 4248 3640 3937 3827 3816 3766 3944 4037 3873 3768 3601 3929 3752 4161 3692 4183 3967 4141 4188 4070 4173 4022 4179 4112 3535 3733 3473 3824 3925 3588 4283 3961 3872 3778 4202 3651 3709 3853 3897 3778 3973 4163 4040 3967 3897 3946 3476 4020 3951 3734 3830 3555 3993 3755 4076 3570 3927 3558 3739 3831 3706 3715 3798 3858 3908 3230 3778 3367 4039 3547 3754 3976 3830 4167 3583 3807 3866 4266 3606 4068 3870 4035 3855 4001 3768 3635 3893 3826 3709 3748 3742 3707 3900 3824 3771 4169 3686 4119 3854 4109 3870 4066 3565 3931 3693 3965 3875 3820 3897 3848 3526 3901 3617 3564 3794 3934 3960 3658 3863 3906 4183 3608 3976 3771 3805 3974 3909 3792 3623 3839 3625 4159 3957 3972 3542 3696 3909 3850 3608 3988 3454 3953 3825 3708 3682 4042 3631 3694 3610 3697 3769 4178 3506 3926 3811 3503 3679 3842 3524 4163 3937 4022 3840 3870 3685 3295 3927 4098 3579 3975 3960 3591 3612 3711
4099 3833 4078 3758 3768 3620 3606 3908 3969 4096 4044 4334 4085 4030 3974 4360 3910 4368 4304 3736 4283 3848 4009 3835 4572 3948 4368 3594 4020 3979 4213 3834 3910 3891 4032 3708 3840 3841 3779 4185 3691 4190 4038 4245 4326 4125 4277 3912 4421 4042 3801 3778 3786 3855 3669 3785 4259 4127 3731 3782 4428 3850 3643 4024 4143 3840 3899 4019 4204 4148 3906 4235 3811 4302 3888 3789 3992 4128 3943 3804 3952 3837 4185 3727 3637 4238 3994 3640 3965 4062 4260 3597 4172 3788 3871 3658 3964 4052 3737 4235 3712 4142 4015 4154 3799 4035 4038 4149 4050 4109 3885 3899 4227 3852 4102 3887 4064 3813 3996 3909 3827 4342 3645 4107 4189 3990 4181 4159 3710 4169 3799 4132 4003 3989 3999 3930 3896 4353 4159 3635 4132 3791 3911 3764 4134 3953 3987 3487 4089 4038 3971 3839 4097 4176 3876 4041 3681 4211 3910 4364 3696 3917 3974 3987 3656 3956 3620 3924 3872 3586 3840 4107 3709 3702 3797 3878 4347 4271 3887 3882 4193 3614 3425 3836 3905 4431 4127 4049 4012 3879 3908 3402 3993 4392 3745 4274 3835 3658 3909 4003
4100 3835 3925 3790 3933 3903 3770 4101 4172 4000 4219 4440 4380 4299 4133 4236 3899 4242 4252 4023 4158 4265 4095 3944 4492 3885 4562 3667 4269 3993 4208 4097 4177 4129 4120 3898 3753 4132 3903 4339 4024 4432 3959 4439 4483 4020 4337 4285 4469 4343 4035 4047 3733 4032 3788 4159 4348 4209 4010 3953 4519 3945 3855 4218 3943 3869 4044 4155 4444 4184 4287 4444 4151 4647 4321 3945 4282 3970 4199 4038 4274 4157 4476 3759 3911 4309 4122 3843 4148 4398 4077 3574 4512 3754 4136 3862 4225 4082 3762 4715 3905 4126 4408 4319 4090 4210 4105 4233 4266 4499 4242 3887 4297 4114 4240 4050 4105 3943 4161 3854 3833 4327 3868 4402 4382 4250 4128 4187 3947 4378 3930 3977 4063 4045 4096 4072 3929 4134 3966 3863 4310 3977 4226 3884 4157 4045 4269 3712 4104 4050 4049 4105 4223 4185 3920 4070 3762 4318 4391 4454 3957 4347 4124 4322 3792 3896 3875 4057 4045 3950 3903 4132 3879 3765 3955 4060 4053 4481 3820 4023 4232 3880 3863 3812 3764 4397 4525 4319 4359 4113 4184 3792 3907 4166 3808 4439 3941 3908 4057 4014
4361 4143 4035 4280 4014 3898 4011 4304 4195 4035 4139 4747 4430 4172 4264 4318 3932 4356 4299 4098 4482 4145 4160 3990 4446 4080 4514 3812 4278 4086 4347 4082 4152 4386 4344 4076 3901 4318 4109 4250 4069 4335 4365 4264 4597 4019 4430 4180 4439 4302 4234 4184 4168 4362 4007 4202 4344 4520 4082 4158 4675 4163 3592 4359 4167 3837 4120 4467 4609 4175 4295 4440 4148 4578 4249 4217 4005 4036 4239 4043 4374 4160 4262 3970 3771 4515 4085 4084 4360 4186 4344 3938 4430 3867 4268 4015 4451 4341 3895 4531 4286 4505 4389 4263 4140 4160 4231 4163 4252 4702 4351 4028 4425 4133 4206 4365 4244 3954 4267 4375 4069 4646 3881 4614 4255 4420 4292 4522 4100 4391 3856 4063 4161 4082 3954 4236 3829 4455 4225 4079 4246 4220 4155 3956 4500 4238 4403 3960 4480 4102 3971 4235 4486 4409 4285 4288 3849 4518 4487 4396 4013 4400 4219 4220 3989 4200 3847 4141 4156 3899 4046 4670 4012 4056 4014 4035 4203 4422 4054 4214 4590 3735 4188 4026 3974 4540 4514 4233 4426 4403 4056 3522 4341 4258 3879 4463 4078 4033 4490 4400
4151 4090 4349 4327 4116 4139 4057 4329 4239 4232 4462 4689 4203 4517 4446 4764 4335 4277 4487 4201 4283 4483 4418 4251 4433 4113 4903 3781 4661 4041 4513 4103 4335 4572 4195 4058 3934 4259 4300 4309 4185 4664 4348 4325 4745 4452 4363 4440 4721 4371 4061 3917 4022 4387 4090 4047 4629 4222 4032 4109 4797 4138 3844 4478 4152 3950 4046 4070 4786 4448 4378 4412 4166 4720 4393 4463 4293 4139 4386 4185 4596 4424 4266 3962 3954 4533 4134 4044 4342 4243 4138 3650 4486 4103 4251 3782 4368 4046 4145 4518 4121 4132 4416 4263 4277 4255 4142 4466 4512 4746 3996 4161 4534 4175 4501 4279 4488 4136 4555 4224 4138 4748 4145 4447 4520 4404 4435 4247 4003 4385 3882 4198 4148 4246 4092 4190 4094 4491 4355 4086 4423 4257 4482 4177 4394 4238 4456 4031 4261 4248 4641 4447 4644 4344 4442 4246 3987 4700 4495 4622 4056 4312 4543 4268 4154 4025 3907 4128 4181 3838 4099 4527 4091 4128 4358 4300 4611 4404 4099 4184 4445 3919 3850 4159 4031 4688 4524 4449 4499 4413 4014 3941 4264 4457 3988 4656 4309 4141 4321 4192
4071 3831 4035 3944 3758 3811 3807 4041 3763 3744 3985 4300 4186 4164 4227 4189 3833 4250 4421 3890 4079 4053 4032 3907 4159 3864 4487 3935 3795 4115 4111 3786 3863 4183 4076 3937 3912 3899 3486 4109 3830 4274 4000 4382 4387 3846 4245 3952 4185 4171 3743 3603 3638 4015 3686 3921 4324 4059 3775 3847 4624 3809 3692 3959 3929 3414 3859 4116 4390 4112 3966 4110 3733 4577 3820 4064 3818 3931 4196 4075 4108 4035 4158 3514 3652 4104 4084 3648 4010 4082 4085 3628 4316 3761 4303 3830 3799 3824 3783 4185 3792 4206 4065 4127 4115 4037 3959 4056 4328 4290 3745 3829 4147 3996 4085 3769 3943 3768 4412 3769 3755 4481 3822 4061 3903 3923 3878 4265 3726 4231 3871 4133 3933 3861 3912 3849 3841 3926 4168 3585 4078 3959 3862 3882 4207 4026 3878 3791 4095 4015 3989 3989 4236 4395 3965 3919 3712 4240 4322 4323 3986 4247 3934 4065 3843 4005 3605 3902 3897 3714 4017 4013 4074 3799 3676 4057 4113 4119 4010 3841 4190 3495 3680 3750 4006 4211 4331 4104 4026 4061 3973 3568 3761 4201 3548 4262 4035 3894 3945 4033
4281 4186 4201 4153 4016 4230 4241 4489 4167 4293 4458 4813 4352 4528 4380 4630 4145 4546 4337 4376 4605 4395 4332 3943 4675 4159 4720 4096 4313 4191 4423 4240 4263 4283 4253 4222 4045 4276 4087 4405 4037 4577 4243 4464 4502 4272 4312 4324 4642 4393 4025 4043 3782 4236 3959 4468 4579 4359 4035 4320 4794 3909 3887 4541 4147 3895 4112 4420 4600 4378 4452 4525 4065 4702 4292 4371 4040 4064 4464 4054 4378 4351 4616 3971 3794 4370 4282 4011 4172 4267 4343 3786 4561 4066 4471 3903 4452 4421 4199 4752 4102 4361 4538 4507 4225 4224 4033 4545 4537 4637 4329 4212 4449 4231 4494 4314 4267 4124 4496 4187 4164 4789 3994 4454 4584 4458 4224 4420 4122 4437 3881 4139 4284 4141 4313 4287 3987 4330 4272 4082 4484 4479 4314 4125 4576 4172 4391 4091 4306 4241 4129 4175 4479 4357 4277 4067 3969 4487 4522 4522 4022 4189 4396 4212 3844 4283 4085 4007 4417 4068 4037 4375 4200 3999 4087 4300 4359 4401 4190 4213 4544 3824 4228 4114 4168 4797 4533 4357 4592 4295 4167 3847 4311 4375 4114 4405 4352 3836 4428 4171
4076 4017 4198 4198 3938 3986 4015 4468 4004 4190 4207 4337 4330 4172 3910 4099 4164 4382 4156 3824 4290 4433 3971 3916 4502 3869 4392 3906 4192 3978 4077 4047 3923 4040 4064 4020 3828 4354 3860 4512 3902 4336 4019 4176 4193 4002 4197 4328 4310 4306 3906 3751 3989 4000 4187 4319 4423 4200 3684 4072 4716 3922 4091 4337 3756 3684 3967 4191 4341 4328 4132 4293 4118 4292 4255 4072 4166 3903 4090 4129 4177 4097 4400 3619 3877 4125 4231 3784 4023 4152 4244 3503 4444 3639 4145 3767 4247 4013 3846 4356 4213 4197 4205 4183 4088 4197 4104 4229 4245 4478 4270 3969 4185 3923 3914 4011 4156 3938 4516 3982 3856 4326 4049 4188 4160 4396 3865 4227 3908 4320 3966 3831 4102 4238 4051 3951 3916 3930 4250 3695 4193 4093 4233 3818 4130 4095 4139 3798 4142 3995 4008 4165 4152 4270 4142 4038 3911 4446 4348 4026 4072 4273 4058 4146 4149 3897 3772 3995 4111 3792 3934 4331 4095 3779 4278 3808 4004 4143 3966 4155 4271 3780 4077 4165 3988 4265 4334 4368 4140 4257 4006 3648 4182 4154 3888 4198 3990 3856 4352 4014
3890 3545 3930 4197 3771 3881 3672 3965 3986 4026 4087 4448 4191 4037 4013 4389 3879 4035 4026 3887 4159 4085 4209 3864 4379 3838 4449 3918 4260 3856 4215 3815 4317 4100 4200 3794 3752 3964 3890 4120 4068 4194 3989 4139 4391 4047 4042 4023 4510 4093 3927 3752 3727 3960 3794 3862 4394 4267 3786 3733 4598 3761 3601 4074 3859 3739 3900 3922 4527 4428 4141 4262 3950 4466 3943 3837 4081 3879 4001 3920 4146 4007 4139 3582 3795 4085 3964 3797 4100 3865 4160 3659 4107 3790 4039 3728 3950 4031 3833 4287 4112 4175 4077 4081 3957 4155 4041 4084 4053 4240 3962 3745 4160 4004 3878 3989 4031 3949 4075 4202 3843 4394 3897 4147 4329 4323 3998 4021 3784 4241 3832 3944 4045 3930 4004 3998 3642 4215 4019 3642 3990 3832 3983 3727 4165 4090 3980 4022 4224 3973 3942 4210 4137 4207 4042 3851 3867 4323 4259 4266 3809 4035 4009 3988 3968 3906 3650 3928 3943 3675 3937 4312 3936 3872 3821 3938 4330 4263 3655 3885 4064 3634 3944 3687 3942 4436 4381 4132 4012 4096 3894 3457 4094 4135 3636 4295 3673 3820 3979 4138
3879 3754 3833 4081 3718 3847 3698 4104 3844 3986 3686 4365 4232 3844 4015 4283 3825 3829 4037 3834 3961 3969 3952 3821 4478 3625 4487 3764 3961 3879 3959 3797 4017 3815 3898 3755 3708 3936 3675 4172 4054 4164 3790 4029 4253 3909 3912 3876 4337 3913 4057 3705 3608 3636 3867 3882 4118 4079 3787 3918 4416 3674 3766 4006 3919 3520 3718 3998 4277 4067 4160 4032 3712 4071 4146 3794 3748 3934 3999 3908 3987 3981 4144 3526 3438 3906 3862 3874 3852 3922 3951 3579 4029 3558 3882 3866 3813 3829 3691 4121 4015 3865 4151 3756 3821 4135 3856 3874 4193 4209 3747 3960 3946 3945 3879 3865 4020 3838 4109 3772 3738 4199 3702 3985 4037 4277 3715 4049 3890 3937 3548 3772 3910 3861 3695 4007 3770 4175 3816 3690 3997 3888 4231 3645 4135 3864 3972 3586 4098 3984 3794 3888 4116 3984 3746 3883 3622 4173 4136 3978 3739 3873 4008 4049 3654 3968 3631 3947 3905 3686 3822 4308 3999 3780 3782 3757 4169 4148 3815 3733 4187 3627 3879 3875 3778 4200 4098 3940 3859 4016 3862 3369 3976 4045 3597 4085 3736 3615 3916 3894
4147 4237 4098 4252 3881 4071 3968 4314 4314 4294 4174 4770 4582 4302 4151 4500 4105 4470 4329 3871 4297 4311 4117 4176 4512 4005 4880 4022 4501 4282 4390 4124 4149 4318 4173 4199 4059 4375 3982 4458 4179 4394 4305 4257 4527 4207 4350 4121 4497 4464 4165 3832 3843 4178 3857 4248 4665 4313 4064 4003 4803 3909 3888 4285 4288 3996 4138 4338 4523 4241 4699 4319 3950 4542 4089 4175 4072 4217 4296 3950 4214 4349 4346 3727 3887 4583 4322 3884 4190 4216 4435 3780 4529 3850 4204 4040 4288 4412 4033 4627 4285 4194 4416 4433 4249 4266 4162 4361 4392 4526 4172 4272 4517 4319 4316 4046 4174 4124 4503 4048 4066 4842 3905 4368 4303 4387 4212 4294 3824 4348 3870 4117 4364 4309 4260 4243 3871 4632 4246 3945 4520 4237 4249 3963 4443 4199 4389 3976 4506 4198 4307 4293 4266 4460 3990 4003 3963 4422 4378 4363 4056 4241 4004 4249 3897 4381 3864 4218 4240 3958 4199 4446 4118 4151 4240 4206 4550 4373 3994 4088 4564 4037 4043 4093 4008 4517 4419 4310 4480 4293 4128 3877 4164 4343 3847 4345 4139 3970 4252 4208
3939 3465 3663 3548 3534 3870 3764 3907 3749 3700 3734 4026 3969 3906 4064 4097 3484 3970 4087 3617 3710 3993 3833 3641 4174 3653 4289 3482 3796 3778 3858 3671 3849 3955 4019 3609 3559 4018 3554 4019 3914 3831 3771 4242 4222 3983 3993 3913 4140 4042 3622 3649 3445 3629 3748 3734 4371 4138 3610 3472 4263 3603 3703 3678 3906 3622 3712 3839 4086 4089 3655 4064 3712 3956 3800 3631 3901 3836 3979 3857 3907 3728 3829 3303 3571 3661 3813 3563 3866 3947 3821 3522 4115 3278 3979 3488 3934 3620 3627 4076 3623 3825 4036 3760 3926 4059 3842 4289 4119 3901 3582 3663 3882 3893 3758 3601 4083 3756 4117 3661 3499 4053 3648 3998 3945 3874 3769 3996 3412 3943 3723 3729 3693 3505 3706 3845 3593 3800 3912 3273 3899 3818 3869 3566 4110 3789 3904 3659 3914 3905 3859 3927 3959 4062 3646 3617 3777 4252 4340 4139 3597 3823 3713 3930 3788 3875 3674 3707 3742 3326 3708 3977 3518 3579 3641 3753 3780 4002 3615 3736 3871 3530 3531 3602 3383 4159 3924 3813 3827 4062 3552 3272 3699 4124 3428 3991 3551 3681 3944 3700
4292 3932 3957 4153 3893 3878 3897 4130 3967 4191 4173 4478 4301 3937 4267 4323 3780 4404 4266 3797 4092 4125 4298 4107 4498 4120 4558 3804 4371 4035 4233 4008 4142 4258 4305 3966 3970 4197 4048 4327 4017 4595 4122 4216 4461 3960 4391 4185 4415 4232 3948 4020 3922 4203 3797 4019 4420 4293 3976 3757 4559 4058 3848 4074 3973 3834 4143 4321 4474 4017 4290 4495 3959 4392 4020 4066 4153 4079 4329 4117 4068 3957 4288 3897 3741 4415 3960 3810 4070 4066 4183 3826 4388 3786 4244 3796 4302 3926 3742 4486 4238 4223 4456 4182 4336 4300 4162 4321 4503 4569 3984 4080 4534 4317 4094 4106 4212 3972 4256 4132 3855 4642 3602 4090 4202 4263 4209 4317 3699 4177 3974 3906 4316 4072 4186 4184 3828 4476 4308 3670 4262 4089 4224 3954 4237 3980 4370 3692 4304 3986 4041 4196 4125 4406 4340 4193 3615 4319 4391 4430 3994 4292 4049 4094 4032 4181 3871 4016 4292 3809 3976 4424 3771 3960 3840 4252 4308 4319 3993 4027 4599 3894 3970 3912 4152 4548 4503 4112 4173 4204 3973 3430 4178 4050 3795 4230 3932 3992 4113 4195
3917 3516 3895 4034 3604 3550 3696 4011 3740 3934 3979 4336 4031 3876 3923 4169 3963 3777 3817 3492 3914 3826 3635 3824 4024 3802 4353 3680 3952 3657 4126 3839 3530 3856 3662 3455 3533 3903 3695 4126 3851 4027 3990 3798 4015 3910 3736 4087 4112 3750 3859 3481 3531 3752 3755 3840 4028 3916 3474 3860 4358 3542 3680 4015 3750 3423 3442 3815 4203 3627 4052 3839 4066 3981 3884 3919 3845 3734 3776 3859 3671 3935 3750 3356 3363 3623 3742 3456 3738 3675 3882 3343 4146 3767 3881 3772 3763 3823 3641 3988 3784 3979 3920 3824 3724 3967 3717 3864 4092 4094 3874 3758 4008 3619 3770 3739 3720 3653 3929 3796 3658 4181 3563 3767 3974 4124 3668 3869 3651 4050 3598 3883 3788 3789 3790 3945 3416 3987 3921 3441 3930 3719 4035 3663 3910 3859 3944 3409 4158 3745 3800 3958 3854 3918 3718 3618 3643 4164 4137 3984 3608 3830 4000 3793 3896 3768 3469 3737 3969 3618 3874 4099 3745 3572 3718 3629 3962 4120 3568 3716 4083 3467 3758 3635 3800 4367 4086 3715 3948 3783 3787 3651 4156 4015 3772 4120 3705 3344 3886 3917
4237 3955 4155 4019 3749 3685 3834 4046 3974 4185 4046 4688 4108 4133 4201 4294 4072 4244 4153 3838 4105 4074 4201 4008 4433 4081 4729 3795 4051 4024 4303 3948 3877 3997 4091 4062 3823 4049 3983 4213 3862 4266 4189 4162 4472 3941 4143 4098 4630 4068 4097 3863 3781 4040 3887 3965 4328 4055 3684 3660 4683 3780 3646 3911 4178 3739 3792 4162 4477 4126 4229 4206 3804 4297 4342 4337 3980 3916 4068 4010 4183 3942 4339 3464 3589 4085 3799 3650 4121 4099 4101 3539 4274 3615 4144 3715 3902 4091 3623 4371 3813 4195 4115 4032 4053 3890 4188 4121 4335 4566 3770 3950 4298 4106 4036 4135 3623 3893 4211 4018 3775 4546 3867 4249 4340 4187 3949 4004 3822 4133 3902 3897 4122 3967 3927 4080 3810 4243 4100 3745 4127 4198 4145 3832 4218 4037 4113 3967 4241 4286 4010 4140 4249 4192 4133 3887 3881 4449 4285 4314 3811 4299 4133 4137 3692 4050 3574 3959 4176 3776 3874 4203 3884 3818 3831 3938 4217 4292 4016 3905 4414 3682 3845 3803 3942 4370 4250 4175 4186 4236 3797 3808 4038 4142 3705 4399 3875 3851 4303 4053
4068 3778 3912 3946 3876 3730 3921 4076 4010 4100 3833 4284 4163 4001 3825 4032 3892 4117 4222 4041 4377 4032 4000 3818 4493 3995 4471 3862 4095 3944 4148 3776 3979 4184 4180 3967 3857 4130 3716 4367 3962 4471 4380 4472 4367 3811 4088 4257 4272 4055 3956 3965 3694 4140 3793 3855 4387 4186 3940 4048 4541 3855 3621 3950 3995 3707 4051 4272 4259 4130 4118 4184 3913 4342 4157 4095 3908 3944 3922 3964 4024 4024 4277 3718 3689 4364 4047 3764 4126 4189 4102 3608 4233 3846 4192 3600 4060 4083 3839 4424 4078 4148 4326 4057 4329 4242 3994 4243 4300 4387 3938 4056 4148 4160 4018 3942 4045 3751 4250 3854 3763 4458 3587 4346 3968 4287 3987 4302 3752 4441 3743 3865 3880 3835 3884 3956 3791 4221 4176 3772 4195 3940 4226 3742 4179 4075 4265 3651 4023 3964 3923 4273 4258 4363 4163 4122 3825 4382 4321 4197 3808 4220 3888 4230 3950 3843 3689 3970 4063 3770 3958 4261 3862 3698 3824 4153 4035 4127 3930 4134 4292 3681 3751 3833 3795 4428 4298 4186 4115 4058 3990 3510 3751 4053 3787 4213 3785 3902 4018 4076
4393 4251 4531 4402 3998 4388 4144 4577 4001 4139 4410 4908 4547 4560 4424 4901 3988 4599 4377 4162 4724 4432 4282 4106 4757 4163 4853 3878 4316 4191 4355 4331 4187 4550 4363 4298 4055 4277 4210 4633 4269 4655 4252 4661 4612 4427 4529 4460 4670 4621 4081 4119 3952 4380 4087 4244 4526 4378 4237 4346 4943 4089 4087 4503 4173 3886 4260 4570 4791 4236 4303 4558 4114 4798 4463 4397 4391 4048 4284 4375 4521 4184 4397 4058 3981 4390 4465 3964 4192 4392 4420 3988 4202 3875 4314 4164 4571 4291 4233 4629 4356 4493 4477 4617 3968 4424 4267 4515 4683 4635 4382 4117 4507 4310 4316 4391 4330 4276 4684 4530 4323 4789 4269 4504 4558 4534 4302 4853 4214 4373 4394 4033 4219 4150 4093 4411 4172 4474 4402 3903 4441 4359 4339 4110 4447 4301 4363 4087 4646 4333 4433 4369 4637 4445 4218 4236 3831 4810 4405 4583 4240 4464 4335 4425 3941 4361 4005 4239 4249 4085 4122 4668 4408 4048 4074 4301 4455 4826 4254 4428 4441 4106 4243 4167 4356 4628 4615 4337 4443 4565 4266 3779 4518 4473 4108 4612 4333 4068 4321 4499
4277 3696 4161 3991 3869 3810 3885 4205 3734 4096 4259 4452 4090 4106 4188 4210 4175 4226 4090 3891 4157 4132 4121 3976 4337 4027 4676 3855 4040 3938 4207 3691 4016 4242 4182 3704 3732 4365 3949 4331 4061 4504 4119 4326 4470 4246 4239 4207 4397 4236 4118 3704 4038 4307 3961 4009 4207 4161 3822 3940 4622 3949 3868 4129 4094 3643 3822 4084 4639 4140 4044 4236 3990 4473 4009 4328 4273 3973 4271 3973 4067 4060 4260 3786 3724 4115 3972 3912 3925 4050 4258 3589 4413 3913 4329 3876 4062 3881 3878 4352 4021 4120 4350 3980 4279 4157 4083 4266 4229 4428 3861 3669 4199 4007 4238 3820 4171 4049 4583 3999 3846 4506 3816 4120 4255 4348 4128 4172 3819 4261 4163 3796 3943 4087 3920 3866 3916 4025 4320 3757 4306 3926 4171 3981 4059 4357 4193 3528 4026 4056 4202 4077 4200 4225 4196 3956 3809 4391 4356 4205 3805 4160 3960 4308 4051 3729 3709 3818 4154 3654 3784 4335 3841 3818 4020 4053 4179 4356 3966 3742 4446 3660 3691 3918 3910 4476 4454 4100 4022 4282 4071 3691 4124 4307 3771 4476 4037 3841 4165 4215
3914 3612 3956 4006 3466 4014 3765 4020 4083 4014 3930 4507 4210 3989 4091 4289 3987 4233 4024 3703 4154 4166 3998 3856 4435 4026 4705 3887 4094 3913 3954 3643 4001 4123 4273 4028 3739 4071 3713 4056 3990 4225 4050 4283 4236 3959 4024 4270 4288 3926 3925 3759 3694 3892 3762 3852 4390 4057 3750 3914 4616 3838 3561 3848 4023 3638 3801 3982 4282 4156 4221 4246 3806 4277 4072 3955 4152 3657 4051 4008 4136 3874 4219 3793 3874 4325 3766 3736 3936 3937 4000 3703 4211 3690 3939 3701 4212 4013 3795 4191 4094 4229 4306 4078 4030 4015 3999 4123 4282 4381 4024 4019 4061 3921 4126 3784 4014 3902 4220 3876 3778 4167 3957 4089 4181 4108 4006 4175 3812 4495 3972 3950 3914 3804 3857 4060 3723 4005 3975 3579 3726 4327 4223 3897 4040 3810 4160 3869 4160 3839 3975 4246 4066 4213 4062 4043 3712 4212 4285 4430 3713 4147 3988 4183 3920 3745 3651 3826 4016 3855 3725 4290 3995 3623 3873 4143 4104 4332 3647 4143 4125 3583 3784 3849 3848 4375 4346 3971 4283 4196 3740 3579 4022 4102 3824 4340 3947 3811 4077 3992
4161 4025 4033 4152 3712 3989 3614 4302 4113 4085 4184 4578 4339 4275 4178 4392 4027 4215 4311 3875 4252 4347 4043 3984 4556 4096 4637 3952 4376 3955 4331 4111 4141 4046 4155 4106 3870 4200 3845 4317 4018 4386 4165 4383 4554 4126 4351 4335 4546 4263 3917 3983 3852 4053 3919 4033 4348 4095 4052 4078 4778 3809 3746 3861 4172 3835 4136 4495 4494 4232 4416 4270 4046 4458 4088 4068 4307 3981 4060 4225 4582 4126 4331 3845 4057 4314 4265 3865 3981 4149 4186 3582 4302 3683 4181 3949 4222 4023 3917 4472 4231 4404 4279 4344 4107 4379 4198 4077 4329 4256 4064 4239 4365 4256 4272 4176 3938 3910 4225 4014 3800 4744 3901 4287 4286 4391 4183 4326 3833 4329 4052 4010 3933 3979 4173 4230 3754 4415 4038 3781 4342 4130 4275 3961 4079 4229 4202 3902 4327 4101 4286 4250 4529 4404 4177 4199 3876 4212 4453 4371 3874 4167 4113 4326 3918 3932 3862 3939 4051 3972 3902 4328 4072 3985 3963 4104 4348 4402 3960 4024 4386 3761 3758 4161 4016 4426 4345 4525 4315 3996 4208 3802 4104 4311 3929 4427 3803 3878 4302 4118
3617 3792 3843 3963 3599 3746 3490 3920 3622 3888 3781 4402 3970 3714 3934 3847 3773 3984 3608 3825 3885 3914 3913 3831 4150 3505 4271 3608 3911 3696 3710 3597 3899 3828 3682 3583 3503 3778 3704 4066 3803 4083 4096 3944 4150 3840 4011 3813 4028 3995 3588 3672 3533 3900 3465 3860 4101 3937 3674 3881 4368 3701 3595 3891 3749 3294 4005 4018 4037 4079 3982 3955 3502 4259 3788 3793 4053 3738 4043 3616 3917 3787 3911 3577 3439 3920 3843 3549 3670 3864 3958 3524 3922 3585 3928 3780 3898 3800 3850 3870 3884 3923 4035 3911 3826 3717 3972 3937 4107 4210 3645 3773 4082 3974 3782 3978 3937 3597 4018 3670 3658 4357 3501 3998 3747 3996 3839 3908 3567 3815 3533 3688 3865 3835 3784 3654 3816 4160 3877 3672 3959 3959 3831 3732 4049 3886 4123 3683 3973 3763 3779 4055 4240 4067 3772 3776 3790 3968 3972 4004 3559 3951 3731 4048 3854 3748 3410 3556 3869 3604 3862 4169 3749 3714 3543 3866 3985 3768 3795 3635 4302 3318 3714 3790 3717 4266 3985 3860 3784 3837 3790 3524 3989 4055 3613 3921 3771 3328 4149 3874
4169 3724 3844 4136 3800 3976 3797 4270 3885 3978 4040 4429 4249 4187 3770 4286 4210 4236 4036 3943 4499 4116 4070 3925 4409 3888 4485 3999 4165 4050 4329 4082 3862 4220 4232 3879 3768 4213 4001 4444 3900 4331 4086 4242 4463 4086 4223 4236 4444 4306 3907 3927 3844 3945 3799 4123 4254 4015 3699 3849 4485 3874 3817 4065 3885 3717 3798 4141 4253 4106 4134 4211 3778 4357 3891 4119 4405 3862 4109 4070 4051 3944 4313 3641 3795 4117 3885 3832 4004 4246 4048 3534 4132 3529 3965 3721 4170 3832 3647 4444 3875 4139 4412 4130 4098 3868 4103 4117 4241 4347 4043 3913 4270 3981 3989 3917 4155 3891 4319 3818 3892 4165 3702 4196 4112 4178 4160 4242 3804 4240 3985 3909 3895 3907 3983 4217 3862 4193 4028 3375 4290 3902 4149 3942 4116 3920 3962 3482 4129 3906 4099 3972 4203 4135 4084 3997 3550 4427 4359 4161 3861 4063 3876 4442 4038 3955 3848 4088 3924 3719 3797 4261 3807 3973 3809 4036 4120 4419 3934 3642 4239 3873 3773 3548 3736 4487 4435 4081 4102 4224 3948 3578 4275 4102 3794 4514 3839 3975 4110 4086
4135 4327 4349 4275 3872 4246 4115 4409 4238 4319 4318 4551 4461 4342 4478 4543 4155 4238 4365 4132 4465 4348 4331 4113 4597 4094 4663 3924 4334 4144 4504 4223 4037 4235 4199 4393 4091 4339 4060 4413 4242 4524 4489 4486 4494 4463 4353 4260 4342 4273 4097 4090 4086 4363 4066 4085 4398 4246 4069 4078 4820 4104 3879 4305 4167 3850 4235 4510 4338 4391 4606 4394 4104 4462 4222 4187 4378 4125 4326 4227 4317 4175 4288 3703 3871 4557 4232 4086 4372 4352 4405 3788 4345 3808 4231 3790 4435 4423 4013 4693 4216 4177 4305 4329 4162 4195 4404 4424 4312 4511 4261 4311 4467 4404 4170 4113 4191 4145 4257 4301 4179 4866 3842 4546 4275 4490 4323 4495 3855 4440 4006 4385 4271 4095 4171 4283 3914 4661 4091 3725 4366 4104 4185 3908 4557 4012 4242 4014 4289 4353 4155 4243 4463 4328 4264 4289 4075 4653 4362 4478 4088 4154 4333 4323 3905 4308 3845 4225 4312 3960 4185 4491 4261 3936 4089 4292 4507 4393 4069 4062 4519 3625 4304 4146 3932 4621 4562 4250 4532 4408 3974 3792 4351 4503 3691 4473 4003 4001 4438 4192
3953 3818 3826 4056 3738 3933 3669 3939 3849 3901 3874 4340 3992 3949 4107 4371 3817 3859 4041 3737 4313 4104 3818 3771 4189 3954 4229 3602 4069 3804 4289 3783 3868 4103 3954 3645 3689 4071 3959 4245 3836 4306 3990 4057 4221 3851 4281 4257 4144 3848 3857 3841 3717 3941 3700 3730 4056 3986 3696 3667 4301 3742 3641 4054 3736 3588 3880 4090 4379 3908 4238 4293 3626 4180 4222 3910 3917 3740 3923 3847 4056 3859 3987 3569 3564 3905 3689 3792 3996 3782 4172 3451 3903 3615 4083 3650 4124 3887 3815 4261 3860 3958 3944 3978 3629 4138 4052 4152 4145 4268 4029 3987 4097 3952 3766 3952 3946 3846 4060 3901 3873 4458 3504 4040 4133 4172 3936 4100 3695 3989 3552 3906 3934 3830 3795 4018 3742 3983 3724 3672 4057 3924 4044 3841 4176 3977 4166 3735 4256 3805 3837 3970 4257 4225 3974 3826 3615 4336 4065 4008 3624 3930 3913 3880 3751 3942 3342 3886 3985 3523 3851 4084 3654 3754 3640 3869 3910 4343 3705 4011 4179 3690 3858 3852 3842 4478 4293 4072 4050 3874 3693 3320 4139 3972 3726 4355 3875 3807 4084 3829
4318 4156 4415 4364 4089 4157 3811 4504 4245 4308 4282 4646 4462 4561 4451 4713 4145 4528 4338 4107 4377 4398 4392 4120 4425 4006 4858 4214 4392 4252 4495 4200 4195 4230 4422 4014 4062 4382 4399 4389 4293 4471 4196 4585 4522 4281 4495 4404 4626 4489 4085 4057 4106 4217 4246 4161 4621 4376 4265 4461 4813 4179 4172 4415 4210 4123 4272 4268 4494 4223 4376 4305 4073 4677 4412 4556 4210 4338 4391 4342 4539 4416 4478 3782 3835 4526 4366 4107 4259 4315 4337 3708 4296 4101 4363 4140 4135 4165 4164 4375 4168 4536 4290 4328 4313 4205 4392 4151 4540 4703 4346 4122 4558 4325 4403 4486 4358 4137 4488 4206 4057 4553 4068 4424 4491 4572 4327 4524 4212 4431 4256 4283 4339 4126 4235 4650 4041 4367 4227 3982 4138 4209 4209 4131 4303 4360 4200 3982 4341 4366 4200 4213 4533 4490 4444 4126 3901 4599 4420 4490 4053 4380 4508 4450 4155 4097 4036 4181 4562 3979 4205 4463 4407 4090 4129 4025 4411 4460 4056 4061 4426 3793 4132 4132 3969 4533 4612 4614 4427 4403 4174 4035 4267 4506 4188 4497 4264 4147 4265 4158
4200 4030 4143 4258 3659 4040 3768 4297 4033 4239 4007 4649 4195 4233 4080 4341 3911 4274 4202 4157 4425 4155 4245 4083 4284 3924 4644 4138 4325 4080 4178 4013 3985 4316 4206 4105 4016 4211 3875 4529 4281 4453 4242 4222 4260 4135 4340 4482 4528 4000 4047 3773 3984 4118 3861 4017 4459 4201 4045 4138 4656 3969 3818 3907 4212 3809 3989 4315 4216 4194 4239 4199 4008 4433 4074 3923 4038 3768 3933 4294 4066 4168 4230 3780 3905 4383 4043 3941 4140 4180 4284 3586 4214 3873 4207 3820 4128 3972 3919 4317 4215 4162 4151 4196 3989 4226 3977 4300 4205 4309 3967 4059 4195 3991 4292 3863 4268 4231 4196 3934 4016 4573 3859 4284 4401 4374 4283 4310 3849 4327 4002 4047 4303 3814 3999 3978 3956 4421 4290 3771 4224 4397 4322 4169 4385 4107 4483 3782 4344 4103 4300 4348 4405 4262 4289 3964 3910 4351 4238 4315 4043 4387 4003 4308 4089 3892 3718 4198 4116 3962 3733 4169 3933 3821 4013 4107 4293 4237 3772 4049 4503 3887 3899 4107 3906 4241 4415 4196 4162 4361 4070 3786 4059 4318 3792 4297 3983 3860 4210 4166
4130 3948 4035 4030 3898 4025 3723 4243 4025 4073 4142 4467 4215 4046 4235 4348 3874 4105 4076 3823 4287 4380 4207 3988 4602 3932 4658 3725 4208 4077 4083 3969 4155 4220 4122 4098 3820 4174 3942 4375 3865 4324 4330 4469 4427 4186 4265 4142 4611 4476 3948 4051 3528 3991 3747 4032 4421 4475 3758 4017 4643 4013 3859 4167 4319 3765 4146 4271 4555 4300 4251 4232 3933 4387 4139 4153 4068 3961 4294 4009 4140 3755 4242 3905 3827 4092 3896 3783 3992 4286 4193 3728 4329 3742 4184 3935 4064 4214 3939 4350 4170 4373 4603 4084 4195 4076 3933 4263 4417 4580 3952 4076 4275 4254 4178 3929 4071 3952 4235 4021 3955 4519 3813 4350 4252 4281 4149 4301 3706 4325 3994 3963 4143 4007 3953 4303 3885 3900 4272 3684 4227 4165 4219 3695 4239 4061 4173 3925 4259 4139 4045 4087 4360 4367 4002 4097 3791 4333 4584 4445 3974 3907 4087 4195 3913 3962 3713 4087 4139 3888 4092 4351 3994 3921 3884 4392 4482 4357 4001 4101 4204 3812 3750 3713 4224 4539 4248 4228 4232 4274 3934 3649 3976 4354 3742 4334 3879 3827 4322 4279
3931 4081 4133 4144 3933 3946 4083 4267 4077 4277 4206 4588 4430 4272 4270 4292 4238 4546 4064 4092 4372 4139 4257 4240 4617 4050 4607 4091 4176 3985 4387 4134 4101 4472 4112 4004 3861 4468 4082 4543 4151 4259 4164 4201 4440 4090 4356 4350 4360 4474 3959 3947 3918 4211 3829 4117 4425 4356 3787 4457 4640 4132 4088 4157 4131 3911 4205 4366 4354 4512 4477 4227 4121 4427 4158 4140 4041 3897 4081 4191 4362 4222 4296 3711 3689 4134 4243 3821 4304 4129 4311 3862 4466 3744 4237 4081 4273 4059 3936 4370 4192 4197 4784 4265 4225 4169 4060 4322 4598 4577 4113 4005 4317 4326 4356 4250 4110 4101 4373 4053 3922 4504 3981 4394 4284 4517 4164 4471 3950 4547 4026 3866 4191 4033 4086 4029 3967 4368 4354 3710 4206 4234 4249 3950 4386 4003 4294 4006 4392 4002 4207 4174 4275 4466 4215 4137 3904 4789 4513 4202 4157 4394 4171 4276 3913 4093 3749 4040 4249 3917 4115 4207 3908 4150 3914 4172 4121 4099 4005 4012 4441 3665 3949 3815 3998 4326 4225 4223 4275 4228 3920 3756 4218 4119 3867 4232 4050 3936 4412 4188
4369 4082 4342 4338 4246 4190 4172 4621 4315 4471 4415 4747 4279 4473 4204 4747 4318 4491 4404 4270 4526 4487 4186 4075 4590 4243 4901 4195 4529 4373 4423 4248 4268 4350 4204 4140 4227 4368 4247 4314 4256 4630 4437 4471 4652 4104 4442 4440 4677 4374 4246 3966 4107 4113 4220 4265 4466 4370 3891 4076 4958 3811 3938 4518 4289 3749 4237 4289 4471 4419 4495 4500 4001 4535 4508 4458 4092 4246 4222 4221 4419 4316 4372 4079 3822 4545 4075 4225 4361 4413 4368 3716 4572 4169 4467 3932 4246 4526 4124 4636 4234 4313 4352 4549 4015 4419 4296 4353 4527 4667 4181 4198 4492 4204 4090 4174 4240 4137 4523 4188 4117 4586 4205 4545 4474 4527 4234 4358 4040 4535 4117 4414 4190 4169 4156 4222 3999 4576 4384 4137 4163 4404 4509 4230 4707 4370 4583 4004 4394 4138 4350 4367 4539 4671 4398 4177 4028 4697 4436 4325 4102 4355 4215 4303 4056 4216 3907 4171 4431 4025 3928 4522 4061 4163 4106 4034 4386 4439 4278 4458 4377 4005 4061 4364 4301 4744 4570 4401 4483 4450 4156 3962 4260 4344 4018 4664 4264 4121 4515 4378
3793 3673 3739 3650 3629 3574 3748 4094 3674 3800 3738 4323 3989 3767 3994 4095 3747 4236 3859 3796 4038 4162 3864 3680 4485 3705 4281 3753 3978 3860 3957 3607 3776 4070 3818 3655 3556 3924 3673 4303 3730 4096 4016 4074 4089 3954 4126 4062 4098 3967 3582 3763 3684 3759 3822 3622 4141 3955 3828 3654 4290 3617 3608 3878 3906 3568 3689 3979 4146 3989 4117 4018 3789 4354 3937 3754 4031 3771 3803 3815 4037 4011 4068 3567 3562 3826 3787 3811 3992 3989 4055 3258 4128 3416 4002 3769 3580 3812 3731 4171 3772 4076 4042 3766 3704 4072 3846 3910 4030 4128 3696 3809 4010 3743 3992 3665 3780 3874 4026 3808 3510 4000 3698 3921 3996 4160 4022 3968 3732 4045 3825 3771 3846 3816 3698 3724 3696 4017 3750 3550 4130 3923 4009 3895 4134 4016 4031 3549 4126 3647 3905 3763 4167 4063 3602 3864 3739 4144 4012 4077 3488 3835 3777 4096 3643 3826 3415 3829 3990 3534 3563 3860 3485 3869 3562 3717 3891 4143 3749 3708 4050 3521 3633 3821 3814 4261 4045 3918 3720 3858 3751 3526 3792 3962 3706 4207 3774 3496 4047 3829
3700 3560 3604 3735 3568 3705 3500 3934 3678 3734 3871 4118 3827 3900 3762 4075 3756 3966 3944 3590 3934 3750 3694 3619 3943 3577 4139 3396 3825 3694 3919 3690 3720 3720 3602 3546 3364 3989 3618 3978 3620 3896 3812 3765 4114 3775 3953 4167 4294 4034 3503 3460 3538 3627 3646 3697 3776 3889 3344 3466 4288 3421 3590 3975 3885 3322 3431 3747 4172 3658 3936 3858 3686 3976 3764 3959 3689 3442 3657 3629 3864 3810 3829 3242 3206 3693 3683 3576 3690 3785 3877 3396 3999 3515 3699 3584 3737 3600 3641 4174 3588 3933 4008 3879 3733 3643 3807 3688 4002 4092 3837 3608 3967 3748 3667 3722 3780 3746 4039 3617 3620 4082 3480 3736 3892 3879 3678 3718 3538 3934 3456 3607 3802 3775 3710 3805 3545 3856 3661 3574 3790 3596 4009 3643 3696 3871 3767 3382 3807 3754 3902 3520 3951 3735 3806 3782 3500 3965 4129 3877 3515 3697 3710 3956 3665 3616 3602 3656 3657 3470 3673 4048 3550 3619 3767 3679 3877 4058 3541 3566 3956 3648 3290 3587 3707 4035 4071 3980 3854 3766 3799 3403 3932 3987 3573 4004 3812 3509 3871 3709
4301 4045 4247 4276 3872 4123 3874 4342 4153 4042 4088 4625 4236 4345 4164 4246 4040 4138 4101 4056 4502 4233 4405 3946 4577 4029 4601 4041 4501 4046 4369 4199 4312 4135 4177 4008 4082 4209 3888 4440 4061 4665 4366 4132 4277 4048 4626 4315 4699 4355 4004 4081 3992 4183 4106 3971 4733 4299 3876 4101 4777 3947 3715 4150 4246 3781 4105 4357 4514 4322 4117 4392 4190 4360 4145 3975 4149 4380 4162 4138 4426 4202 4373 3995 3814 4199 4115 3998 4156 4234 4309 3821 4398 3946 4144 3895 4180 4267 4000 4616 4249 4208 4296 4379 4166 4216 4128 4317 4306 4434 4075 4215 4326 4318 4152 4172 4266 3872 4491 4078 4177 4453 3869 4399 4195 4537 4357 4262 3980 4273 3945 4028 4202 4024 4096 4019 3961 4530 4273 3877 4334 4307 4312 4109 4321 4187 4269 4121 4457 4210 4309 4224 4626 4415 4236 4011 3891 4562 4436 4458 3909 4266 4308 4428 3958 4038 3860 4271 4082 4021 3964 4407 4204 3947 4013 4161 4280 4178 3795 4156 4525 3683 4003 4010 4047 4303 4309 4331 4242 4347 4110 3838 4219 4301 3903 4491 3991 3882 4328 4285
4079 4081 4239 3976 4075 3978 3797 4308 4104 4190 4085 4411 4055 4337 4309 4433 4001 4325 4196 4058 4194 4134 3982 3867 4276 3876 4611 3650 4132 3991 4337 4213 4120 4231 3950 4084 3972 4132 3848 4244 4132 4243 4124 4367 4449 4081 3901 4305 4602 4410 3859 3719 3731 3996 3954 4124 4185 4144 3778 4169 4710 3742 3839 4371 4007 3756 3772 4087 4470 3980 4206 4092 4021 4387 4150 4010 4180 3924 3976 4082 4070 4057 3949 3769 3901 4110 4032 3791 4104 3974 4084 3565 4381 3747 4302 3742 4150 3947 3801 4493 3898 4093 4110 4153 4048 4123 4092 4159 4264 4573 4100 3868 4214 3807 4158 4051 4077 3914 4068 3934 3735 4173 3871 4146 4297 4167 3980 4238 3933 4195 3792 3909 4013 3948 4169 4160 3659 4176 4025 3841 4129 4155 4264 4064 4206 4132 4182 3660 4209 4180 4106 4056 4245 4394 4100 4031 3955 4625 4287 4338 3954 4187 4193 4216 3933 3962 3872 3835 4137 3731 4073 4366 3940 3915 4111 3944 4315 4340 3733 3758 4473 3556 3603 3859 3790 4342 4327 4260 4308 4104 4008 4004 4333 4401 4004 4313 3870 3664 4174 4068
3921 3939 4081 4072 3858 3825 3633 4024 4136 3843 3952 4348 3941 4035 3824 4369 3758 4113 4069 3697 4341 4087 4089 3938 4489 3876 4387 3748 4043 4035 3908 3807 3973 4000 4202 4024 3781 3922 3815 4320 4014 4273 3980 4068 4202 4066 3980 4163 4096 4180 3795 3571 3399 3963 4110 3787 4136 3912 3842 3911 4497 3824 3858 4170 3951 3779 3711 4078 4187 4029 4248 4101 3634 4437 3996 3758 3902 3730 3883 3862 4133 3758 4008 3668 3775 4348 3944 3751 3750 4005 4040 3659 4191 3752 4186 3705 3993 3906 3599 4270 4077 4148 4007 4120 3785 3901 4081 4116 4178 4475 4083 3833 4070 3977 3996 3887 4069 3815 4083 3925 3800 4246 3725 4057 4176 4256 3988 3939 3711 4191 3807 4071 4109 3713 4040 4052 3744 3951 3941 3638 3959 4038 4106 3676 4209 3671 3763 3855 4176 3813 4054 3940 4050 4102 3926 3872 3799 4260 4219 4041 3841 4011 3958 3844 3818 3878 3737 3954 4073 3566 3790 4286 3779 3662 3839 3811 4008 4037 3793 3740 4198 3512 3726 4016 3789 4188 4243 4166 3961 4130 3960 3541 3859 3924 3668 4205 3881 3725 4066 4112
4001 3697 3977 4139 4040 4161 3802 4093 3998 4072 4156 4762 4129 4216 4169 4291 3876 4272 4094 3757 4129 4325 4146 3923 4511 3946 4450 3772 4383 4128 4218 4018 4049 4114 3934 4029 3692 4118 4118 4066 3997 4079 4051 4341 4220 4082 4127 4292 4526 4225 3812 3893 3792 3970 3943 3947 4308 4071 3775 4104 4641 4046 3822 4128 3992 3557 3930 4109 4410 4327 4148 4133 3983 4399 4133 3799 4222 3787 4125 4113 4156 4155 4213 3857 3682 4138 3986 3857 4138 3977 4235 3596 4334 3766 3960 3967 4053 4007 3820 4373 4181 4165 4181 4180 4029 4058 4365 4066 4104 4326 4052 4104 4115 4118 4168 4265 3986 3853 4543 4028 3757 4257 3826 4231 4090 4260 4269 4121 3984 4128 3784 3878 4226 4170 3979 4138 3989 4125 4192 3634 4127 4063 4102 3944 4180 4172 4145 3842 4323 4123 4098 4147 4243 4419 3923 4065 3878 4387 4437 4430 4088 4185 4046 4162 3906 4182 3737 3971 4092 4001 4019 4348 3973 3990 3918 3915 4174 4097 3849 3820 4397 3764 3671 3908 3900 4151 4397 4227 4234 4151 3933 3625 4058 4271 3854 4310 3947 3876 4277 3974
4104 3806 4269 4095 3965 3764 3772 4445 4130 4158 3810 4499 4142 4193 4325 4303 4003 4352 4272 3965 4151 4243 3928 4180 4491 3976 4635 3956 4201 3937 4220 4080 3957 4109 4281 3984 3905 4153 3990 4262 4037 4398 4096 4342 4350 4037 4081 4138 4481 4000 3977 3854 4033 4159 3907 3831 4086 4164 3947 4164 4594 3926 3696 4003 4030 3665 3822 4084 4158 3804 4251 4561 3979 4497 4311 4173 4087 3918 4040 4145 4346 4245 4211 3547 3724 4243 3943 3862 4090 3939 4061 3603 4195 3775 3999 3792 4052 3984 3756 4236 4049 4223 4219 4077 3883 4195 4239 4156 4393 4550 4080 4028 4327 4100 4184 3897 3969 4148 4192 3909 3962 4389 3739 4194 4200 4182 4049 4349 3757 4493 3874 4173 4082 3906 3872 3911 3898 4045 4064 3741 4113 4154 4082 3932 4199 4122 4263 3833 3911 4062 3941 4133 4299 4152 4139 4079 3868 4378 4286 4609 3986 4233 4108 4070 3934 4077 3639 3996 4216 3958 3932 4236 3895 4003 3616 4163 4308 4296 4013 4063 4156 3610 3976 3943 3977 4351 4601 3994 3978 4113 4060 3803 4049 4204 3820 4211 3950 3897 4081 4020
4217 4043 4182 3993 3992 3971 3824 4264 4021 4236 3947 4559 4271 4360 4132 4597 4129 4277 4330 4107 4466 4246 4229 3945 4519 4249 4697 3999 4351 4093 4535 4036 4167 4279 3984 3762 3896 4304 4033 4380 4091 4437 4221 4201 4516 4345 4335 4403 4574 4368 4143 4026 3844 4139 3795 4107 4159 4368 4020 4118 4470 4230 3668 4335 4083 3938 4031 4242 4749 4271 4285 4316 3965 4198 4187 4169 4079 3844 4092 4096 4421 4222 4112 3669 3624 4262 4032 3912 4279 4063 4342 3575 4415 4023 4118 3906 3931 4138 3935 4538 4093 4097 4195 4286 4251 4548 4075 4340 4476 4627 4307 4188 4240 4103 4156 4091 4220 4098 4368 3968 3932 4480 4019 4185 4373 4376 4144 4264 4060 4236 3793 4231 4111 3915 4089 4148 3676 4248 4183 3748 4374 4225 4465 3727 4326 4086 4240 3865 4409 4138 4033 4251 4402 4476 4383 4141 3852 4527 4425 4339 3907 4239 4126 4281 4157 4064 3745 4116 3940 3774 4084 4131 3858 3856 3938 3924 4242 4267 3889 4041 4490 3761 3792 4019 3879 4545 4326 4437 4242 4136 3972 3822 4357 4299 4048 4323 3981 3861 4444 4076
3608 3606 3674 3485 3159 3616 3540 3901 3768 3755 3867 4271 3718 3651 3720 4103 3616 3801 3774 3456 3669 3718 3585 3291 3906 3705 3993 3366 3806 3660 3859 3604 3705 3905 3486 3457 3237 3805 3423 3854 3618 3897 3846 3965 3956 3751 3673 4038 3841 3861 3457 3470 3321 3775 3642 3613 3882 3455 3325 3581 3914 3719 3564 3496 3722 3265 3599 3754 3908 3815 3770 3644 3471 3830 3755 3447 3536 3367 3809 3559 3632 3668 3904 3266 3320 3628 3653 3399 3720 3805 3797 3336 3958 3485 3710 3400 3690 3497 3288 3940 3652 3677 3690 3818 3465 3828 3660 3987 3926 3971 3421 3620 3825 3632 3790 3844 3784 3700 3683 3733 3413 4006 3130 3611 3633 4022 3614 3756 3431 3845 3630 3607 3761 3588 3411 3633 3453 3986 3670 3290 3749 3753 3702 3416 3900 3435 3917 3368 3792 3730 3663 3520 3805 3738 3502 3465 3666 4083 3863 3812 3370 3402 3583 3806 3322 3755 3140 3496 3691 3408 3700 3968 3599 3567 3439 3739 3709 3803 3514 3465 3798 3356 3528 3437 3527 3808 3960 3812 3705 3692 3549 3325 3615 3952 3390 4030 3465 3610 3723 3508
4223 4046 4045 4206 3859 4038 3991 4369 4187 4161 4097 4865 4397 4463 4434 4359 4297 4375 4321 4117 4397 4375 4116 4136 4431 4149 4704 4151 4375 3901 4420 4061 4325 4145 4096 4202 3981 4445 4222 4587 4247 4157 4334 4485 4625 4244 4436 4411 4576 4519 4252 4033 4156 4091 4009 4223 4397 4322 4084 4053 4668 4043 4035 4157 4339 3777 3996 4399 4600 4236 4453 4587 4209 4603 4229 4359 4454 4040 4166 4225 4697 4016 4490 3692 3845 4433 4288 3878 4371 4423 4144 3624 4370 3918 4272 4121 4214 4226 3879 4783 4465 4398 4424 4369 4267 4055 4332 4404 4580 4743 4283 4210 4422 4272 4233 4267 4099 4135 4457 4185 3956 4645 3816 4408 4495 4403 4196 4389 3988 4418 4146 4083 4173 4050 4245 4290 3854 4508 4280 3966 4458 4177 4397 4114 4364 4286 4327 3962 4498 4182 4153 4042 4589 4424 4421 4428 3686 4461 4702 4431 3995 4367 4358 4388 4112 4118 3920 3963 4229 3995 4268 4511 4025 4077 3916 4067 4351 4517 4162 4179 4475 3888 4039 4240 3988 4656 4617 4419 4393 4275 4343 3823 4089 4488 4144 4527 3873 4077 4200 4376
4117 3748 3869 3952 3844 4084 3918 4158 3998 4025 4047 4174 4003 4042 3995 4295 3961 4230 4147 3707 4085 4143 3839 3808 4327 3775 4247 3585 4087 3777 4287 3858 3929 3983 3814 3712 3613 4093 3606 4093 3890 4291 4020 3756 4236 3992 4119 4091 4232 4179 3760 3599 3594 4181 3772 3831 4544 4041 3774 4010 4376 3807 3761 3901 3812 3703 3970 4194 4448 4077 4019 3890 3897 4151 3910 3989 4083 3906 4121 3967 4012 3892 4066 3546 3512 4035 3650 3541 3593 3983 4253 3292 4110 3681 4023 3554 3875 3794 3714 4050 3823 3990 4145 4075 4037 4093 4014 3944 4072 4198 4058 3679 3991 3887 4044 4020 4047 3861 4325 3913 3657 4302 3787 3992 4054 4084 3951 3978 3816 4108 3645 3979 4036 4072 3822 3978 3800 4151 4238 3524 4061 3997 3906 3731 4024 3809 4110 3664 4043 4143 3944 3921 4162 4150 3848 3947 3769 4108 4071 4029 3649 3766 4016 4123 3806 3800 3723 3963 4012 3462 3804 4158 3927 3788 3833 3834 4066 4124 3596 3736 4108 3402 3734 3673 3808 4147 3996 3784 4025 3731 3828 3535 4019 4179 3620 4115 3974 3723 3945 3781
4524 4202 4292 4140 4098 3918 3813 4323 4037 4152 4026 4579 4283 4439 4375 4472 4276 4323 4378 4225 4664 4140 4247 4069 4539 3933 4661 4079 4364 4257 4439 3925 4218 4399 4189 4172 4028 4383 4133 4471 4180 4423 4466 4352 4545 4177 4433 4360 4669 4328 4182 4048 4182 4268 4306 4114 4536 4333 3905 4223 4766 4021 3811 4119 4153 3572 3865 4207 4587 4231 4365 4667 4072 4515 4312 4199 4073 4143 4294 4235 4624 4308 4406 3878 3904 4456 4180 3894 4164 4420 4395 3680 4462 4096 4168 3939 4294 4151 4281 4437 4243 4345 4388 4296 4307 4091 4151 4500 4443 4443 4166 4022 4386 4189 4002 4173 4534 4108 4458 4227 4129 4760 3973 4405 4324 4556 4307 4513 3959 4626 3957 4172 4192 4022 4140 4136 3743 4301 4329 3934 4171 3953 4465 4150 4301 4162 4396 3890 4343 3904 4210 4292 4642 4313 4421 4295 3744 4730 4460 4612 3890 4317 4155 4305 4087 4215 3868 3976 4148 3905 4168 4370 3971 4249 4075 4175 4258 4397 4164 4057 4398 3926 3924 4180 4163 4556 4399 4259 4299 4320 4263 3853 4203 4603 3981 4727 3955 4247 4335 4369
3909 3741 4032 3922 3805 3785 3509 4105 3798 4054 4017 4293 4163 4141 4181 4036 3904 3890 4005 3912 4165 4157 4005 3765 4333 3687 4317 3747 4045 3850 3914 3786 3997 3743 3711 4080 3704 4040 3769 4286 3893 3930 3843 4152 3972 4141 4091 4038 4428 4050 3741 3831 3625 3782 3744 3849 4177 3906 3519 4158 4638 3809 3639 4076 4076 3539 3729 3921 4200 4009 4041 4308 3872 4267 3928 3658 3979 3808 3830 3940 4085 3897 4087 3839 3551 3863 3820 3662 3991 4014 4232 3562 4264 3713 4095 4002 3985 3874 3827 4218 3938 3868 3985 3938 3851 4045 3992 4311 4336 4370 3829 3934 3807 3831 4026 4008 4019 3939 4063 3932 3768 4324 3742 4092 4051 4100 3812 4068 3665 4083 3900 3894 4000 3724 3967 3859 3754 4085 3912 3791 4160 3933 4189 3648 4037 4133 3825 3639 4116 4147 4109 3975 4396 4055 4014 3806 3787 4126 4171 4257 4073 4050 4100 4015 3770 3842 3828 3716 4217 3857 4071 4212 3962 3767 3839 3931 4094 4200 3848 3785 4213 3418 3743 4128 3814 4234 4168 4220 4228 4031 3825 3733 3905 4186 3857 4082 3543 3680 4060 3920
3907 3793 3852 3722 3659 3753 3681 4157 3724 3722 3652 4214 3820 3855 3988 3948 3623 3961 4028 3690 4032 3742 3978 3725 4259 3834 4110 3582 3996 3842 4041 3739 3903 3905 3717 3761 3625 4136 3657 3944 3887 4205 4052 4176 4389 3751 3834 4068 4100 4076 3674 3707 3482 4085 3832 3872 4135 3734 3770 3751 4277 3765 3575 3769 3862 3494 3888 4010 4135 3969 3992 3882 3662 4150 3814 3729 3605 3680 3889 3770 4003 3752 3822 3546 3445 4004 3849 3587 3838 3965 3947 3439 3967 3567 3842 3537 3994 3599 3336 4002 3759 3759 3914 3964 3887 3945 3585 3905 4019 4275 3619 3745 3966 4047 3869 3873 3910 3920 3808 3642 3601 4059 3479 3814 3932 3995 3829 4045 3815 4072 3590 3573 3930 3761 3669 3715 3512 4295 3980 3503 4032 3918 4101 3595 4070 3709 4033 3391 4131 3940 3863 3987 3936 3936 4033 3785 3714 4368 4178 4156 3614 3861 3887 3713 3726 3877 3508 3797 3546 3508 3758 4073 3690 3732 3366 4016 4040 3878 3384 3790 4072 3697 3324 3606 3629 4103 4002 3987 3858 3850 3668 3445 3893 3993 3645 4003 3713 3676 3522 3725
3731 3562 3509 3566 3571 3648 3470 3694 3570 3518 3578 3835 3744 3829 3721 4074 3547 3736 3682 3519 3797 3960 3539 3594 3683 3426 3900 3356 3764 3616 3880 3671 3694 3654 3678 3537 3585 3543 3548 3905 3599 3846 3721 3781 4020 3592 3748 3704 3785 3865 3461 3266 3506 3564 3429 3754 3918 3545 3396 3733 4044 3344 3586 3580 3480 3313 3691 3676 3710 3614 3829 3842 3389 3895 3784 3854 4001 3498 3730 3755 3998 3706 3509 3359 3176 3710 3690 3554 3597 3783 3731 3266 3865 3438 3729 3345 3740 3628 3556 3861 3537 3619 3710 3847 3218 3721 3576 3768 3599 3853 3681 3531 3827 3556 3803 3681 3658 3523 3836 3493 3468 3830 3329 3797 3783 3763 3625 3916 3289 3616 3556 3595 3482 3621 3617 3715 3433 3787 3713 3262 3656 3597 3543 3637 3880 3482 3682 3624 3718 3460 3591 3600 3713 3943 3622 3631 3292 3804 3886 3865 3533 3839 3552 3577 3427 3652 3427 3447 3711 3267 3426 3632 3529 3585 3458 3661 3837 3858 3705 3776 3886 3239 3454 3460 3656 3916 3827 3743 3844 3786 3523 3316 3555 3662 3513 3857 3521 3631 3721 3695
4557 3943 4065 4234 3873 4056 4000 4619 4163 4243 4483 4835 4437 4256 4464 4556 4164 4513 4340 4106 4686 4408 4276 4114 4500 4290 4981 4129 4451 4238 4296 4187 4310 4427 4410 4216 3890 4524 4147 4624 4159 4802 4253 4546 4876 4380 4479 4481 4720 4701 4153 4301 3980 4439 4231 4225 4629 4487 4147 4342 4656 4193 4043 4370 4769 3895 4269 4413 4616 4467 4210 4416 4273 4785 4344 4126 4220 4124 4585 4165 4465 4373 4509 4083 4103 4346 4209 4140 4424 4269 4364 3768 4299 4106 4653 3914 4303 4308 4130 4686 4245 4227 4469 4306 4431 4338 4193 4640 4597 4785 4270 4163 4465 4241 4164 4405 4456 4172 4649 4355 4229 4840 3891 4473 4274 4512 4256 4394 4104 4588 4362 4141 4151 4182 4021 4282 4055 4636 4572 4012 4402 4204 4529 4129 4268 4231 4667 4070 4542 4505 4208 4237 4601 4583 4081 4201 4254 4536 4777 4705 3984 4193 4191 4569 4148 4333 3924 4317 4294 4060 4383 4595 4140 4221 4015 4310 4428 4185 4028 4359 4539 4208 4084 4160 4116 4755 4552 4170 4460 4267 4017 3945 4511 4631 4047 4725 4253 4124 4323 4194
4430 3841 4045 4124 3778 4075 3865 4395 3987 4059 4071 4680 4223 4350 4187 4483 3896 4426 4188 3895 4369 4246 3824 4024 4583 3944 4487 3733 4283 3943 4213 4271 3937 4077 4068 4060 3857 4149 3943 4255 4236 4193 3988 4106 4351 4089 4169 4151 4337 4318 3929 3823 3865 3977 4027 3866 4269 4203 3524 4043 4645 3993 3891 4145 3931 3546 3905 4131 4594 3985 4285 4351 3840 4143 4192 4275 4035 3897 3960 4390 4107 4112 4087 3619 3686 4130 4054 3604 3871 3928 4277 3765 4088 3810 3915 3826 4247 4133 3863 4394 4155 4303 4204 4275 3845 4152 4164 4102 4436 4459 4022 4303 4159 4099 4277 4094 4185 4122 4380 4212 3863 4459 4029 4103 4464 4384 3897 4319 4033 3894 3935 3935 3955 4116 4019 4087 3843 4313 4127 3609 4130 4057 3902 3883 4283 4120 4075 3971 4399 4108 4284 4096 4290 4316 4232 4022 3595 4595 4191 4174 4171 4127 4061 4162 3688 4155 3790 4291 4084 3774 3836 4456 3960 3861 3950 4011 4345 4458 3946 3891 4314 3747 4005 4082 3973 4235 4213 4094 4232 4087 4101 3642 4101 4343 3859 4244 3722 3852 4249 4193
4386 4024 3975 4024 3999 3941 4112 4258 4035 4186 4444 4492 4347 4299 4186 4442 4036 4364 4417 4137 4578 4322 4004 3991 4462 4180 4672 3975 4083 4149 4497 4143 4048 4206 4006 4198 3989 4379 3931 4480 4176 4512 4206 4412 4663 4265 4178 4421 4610 4440 3771 3802 3917 4264 4227 3966 4449 4170 4032 4169 4480 4129 3946 4363 4214 3865 4041 4122 4497 4314 4383 4230 4070 4459 4215 4392 4069 3987 4244 4218 4240 4199 4384 3813 3936 4246 4170 3957 4187 3887 4442 3505 4298 3846 4422 3762 4157 4326 3998 4589 3933 4073 4383 4344 3911 4325 3973 4359 4362 4428 4205 4066 4108 4186 4201 4000 4335 4073 4562 4255 3937 4345 4005 4373 4208 4424 4027 4275 3826 4459 3965 4163 4145 4151 4246 3942 4004 4232 4160 3811 4375 4064 4472 4151 4320 4217 4244 3823 4366 4349 4377 4088 4195 4315 4215 4302 3812 4661 4559 4220 4080 4066 4429 4135 3933 4159 3809 4145 4117 3821 4058 4319 3802 3928 3894 4174 4491 4383 4109 3972 4462 3747 3988 4044 4060 4572 4430 4195 4372 4277 3963 3804 4001 4227 3751 4507 4141 3957 4108 4151
4279 3973 4275 4254 4086 3963 3946 4359 4053 4224 4082 4491 4321 4356 4432 4471 3971 4212 4640 3981 4548 4262 4255 4132 4417 4195 4912 3814 4129 4151 4552 3869 4067 4273 4322 4229 3967 4088 3930 4471 4384 4329 4056 4393 4683 4036 4225 4367 4494 4359 3980 3812 3980 4272 4026 4012 4303 4067 4281 3970 4552 3976 3975 4319 4122 4046 4051 4409 4625 4281 4343 4348 4107 4669 4383 4005 4317 4178 4137 4463 4193 4261 4366 3545 3840 4400 4242 4049 4184 4295 4329 3718 4455 3735 4458 4007 4117 4021 3866 4512 4181 4199 4327 4188 4082 4235 4206 4348 4465 4449 4407 4103 4457 4376 4253 4011 4266 4013 4420 4184 4005 4482 3893 4332 4228 4506 4133 4457 3957 4299 4100 4095 4098 4110 4211 3965 4188 4340 4351 3882 4307 4073 4454 3902 4316 4282 4150 3950 4445 4067 4217 4094 4310 4286 4391 4231 3867 4508 4417 4231 3888 4426 4261 4179 4227 4115 3920 4201 4229 3813 4029 4520 4018 3930 4144 3986 4145 4435 3941 3930 4749 3869 4138 4033 4147 4302 4470 4211 4406 4299 4137 3706 4358 4340 3743 4689 4070 4029 4263 4208
4385 3864 4138 4214 4007 3865 3849 4409 4133 4139 4129 4606 4210 4256 4073 4254 4247 4378 4276 3894 4458 4173 4191 3953 4592 4341 4704 4030 4490 4053 4585 4202 4139 4302 4377 3888 3859 4405 4034 4299 4068 4686 4504 4470 4462 4167 4287 4325 4597 4384 4046 4145 4021 4310 4289 4141 4313 4413 3923 4030 4681 4406 4014 4325 4294 4072 4134 4426 4535 4129 4320 4427 4056 4552 4199 4186 4040 4038 4376 4159 4484 4162 4397 3860 3937 4315 4141 3676 4194 4310 4279 3668 4515 4010 4296 3825 4269 4279 3869 4687 4387 4335 4449 4300 4347 4350 4280 4043 4549 4675 4236 3932 4381 4148 4087 4184 4120 3975 4378 4008 4024 4322 3775 4143 4444 4403 4309 4229 4349 4204 4160 4013 3919 4069 4024 4121 3996 4422 4344 3864 4152 4270 4386 4213 4233 4183 4334 3784 4362 4132 3925 4310 4202 4392 4546 4248 3946 4678 4506 4396 3950 4419 4133 4235 4138 3941 3789 3964 4221 3870 3927 4401 4028 3937 4014 4124 4430 4294 3962 4032 4464 3855 3687 4049 3977 4526 4370 4514 4265 4218 4067 3689 4094 4140 3945 4513 4017 3904 4226 4046
4449 4243 4326 4322 3959 4064 3901 4463 4106 4242 4374 4601 4544 4463 4450 4394 4150 4485 4324 4334 4425 4410 4466 4162 4562 4327 5074 4173 4470 4246 4343 4227 4517 4391 4397 4379 4043 4362 4115 4408 4124 4773 4461 4559 4896 4376 4622 4461 4789 4500 4091 3938 4043 4421 4102 4080 4623 4377 4188 4369 4766 4144 3975 4483 4545 4072 4504 4409 4793 4427 4496 4584 4279 4832 4236 4391 4270 4169 4292 4260 4514 4385 4524 3914 4002 4347 4358 4063 4284 4319 4342 3945 4528 3924 4473 4163 4218 4224 4077 4614 4096 4463 4550 4384 4468 4418 4209 4471 4449 4614 4274 4184 4617 4519 4363 4213 4343 4060 4508 4062 4162 4602 3985 4392 4369 4482 4328 4428 4003 4575 4044 4093 4361 4256 4302 4244 3996 4315 4513 3956 4322 4427 4472 4113 4458 4438 4401 4088 4441 4090 4123 4308 4499 4741 4348 4155 4156 4526 4634 4640 4048 4352 4297 4324 4133 4311 3995 4281 4235 4277 4175 4575 4306 4082 3896 4278 4496 4635 4282 4239 4341 3831 3927 3905 4231 4597 4527 4535 4217 4392 4011 4039 4470 4434 3984 4708 4399 4171 4494 4345
4347 4348 4576 4485 4142 4267 4193 4644 4142 4418 4413 4556 4460 4471 4305 4556 4317 4640 4394 4316 4511 4387 4435 4267 4815 4373 4938 4175 4435 4122 4657 4377 4371 4417 4471 4121 4047 4298 4310 4454 4280 4794 4612 4552 4729 4443 4621 4489 4670 4578 4045 4020 4199 4475 4262 4075 4808 4500 4351 4553 4878 4188 4002 4469 4424 4112 4283 4562 4659 4351 4299 4498 4349 4883 4417 4621 4257 4261 4461 4346 4630 4178 4379 3945 3679 4542 4090 4171 4313 4350 4497 3818 4568 4216 4315 4105 4524 4299 4203 4553 4301 4493 4480 4399 4138 4368 4315 4392 4614 4738 4271 4268 4349 4519 4283 4284 4361 4360 4570 4443 4145 4725 3959 4545 4405 4628 4271 4539 4186 4653 4120 4235 4450 4072 4156 4435 4082 4456 4431 4232 4314 4444 4334 4037 4332 4366 4493 4072 4630 4444 4234 4541 4539 4550 4610 4355 4084 4665 4553 4483 4087 4432 4568 4437 4197 4164 4148 4286 4528 4200 4116 4716 4381 3995 4125 4335 4497 4600 4290 4156 4616 3734 4074 4096 4131 4642 4731 4228 4439 4408 4119 3976 4290 4467 4033 4718 4315 3909 4415 4355
4218 3881 4055 4068 3874 3925 3816 4188 4077 4065 3990 4491 4182 4160 4154 4188 4102 4302 4212 4132 4171 4094 4063 4250 4466 3967 4608 3849 4407 4263 4283 3726 4259 4240 4045 3823 4032 4277 3983 4210 4024 4305 4154 4093 4313 4005 4253 3927 4527 4115 4025 3844 4032 4062 3819 3814 4543 4074 3869 4158 4786 3840 3900 3984 4146 3950 3975 4154 4298 3895 4139 4173 4021 4585 4038 3940 3960 4037 4128 4035 4326 4275 4093 3713 3635 4245 4002 3763 4204 3956 4422 3637 4377 3780 4098 3950 3974 4054 3913 4362 3812 4086 4253 4006 4222 4202 4074 4070 4261 4430 4139 4010 4428 3985 4070 3996 4144 3935 4183 3961 4089 4366 3658 4277 4071 4026 4221 4121 4011 4377 3741 4159 4130 3973 4032 3858 3896 4270 4158 3711 4174 3846 4189 3905 4226 4123 4205 3744 4247 3930 4008 4025 4386 4258 4199 3867 3954 4364 4140 4281 4141 4188 4222 4235 3779 4059 3654 4078 4110 3817 4085 4225 4108 3969 3837 3969 4390 4458 3764 4018 4258 3745 4113 3885 3735 4160 4468 3921 3972 4300 4061 3744 4094 4432 3808 4362 4010 3871 4089 4109
3875 3850 3800 3848 3574 3690 3775 3901 4073 3884 3892 4516 4076 3959 4082 4350 3928 4139 4131 3795 4231 4078 4046 3875 4316 3817 4156 3779 4244 4008 4369 3939 3954 4087 4076 3812 3897 3929 3819 4410 3776 4065 4097 4061 4417 4279 4322 4246 4451 4148 3889 4134 3968 3912 4012 3541 4322 4253 3648 3887 4455 3934 3801 4160 3989 3740 3811 4168 4448 4186 4013 4245 3948 4341 4092 3932 3719 3791 3879 3943 4191 4053 4313 3473 3807 4178 4012 3969 4045 3973 3934 3563 4114 3817 4009 3556 3960 4054 3733 4304 3907 4266 4286 3963 4098 4005 4012 3926 4428 4458 3982 3725 4069 4116 3864 3948 3901 3707 3999 3905 3896 4114 4036 4261 4182 4123 3941 4129 3911 4192 3826 3998 4049 3930 4002 3928 4027 4217 3867 3936 4128 4095 4050 3785 4155 4067 4026 3864 4080 4017 3913 3933 4221 4086 3953 4107 3800 4457 4202 4252 3749 3921 3971 4048 3667 4048 3577 4052 4055 3606 3985 4272 3792 3883 4093 4044 4209 4214 3670 3682 4108 3574 3774 3764 3884 4394 4269 4170 4087 3922 3954 3508 4207 4115 3859 4089 3834 3538 4039 4134
4314 4094 4188 4220 4020 4352 3919 4551 4424 4293 4453 4802 4512 4384 4127 4451 4055 4400 4491 4150 4339 4445 4351 4136 4791 4153 4594 4200 4588 4287 4416 4094 4442 4366 4308 4057 4022 4321 3945 4675 4438 4453 4335 4456 4661 4304 4586 4411 4804 4552 4221 3973 3929 4245 4233 4188 4522 4399 4059 4179 4847 4070 3848 4182 4366 4010 4353 4507 4832 4230 4351 4648 4071 4741 4142 4049 4213 4222 4123 4248 4291 4209 4237 3952 4012 4298 4250 3949 4248 4432 4528 3885 4583 3957 4422 3971 4226 4238 4112 4746 4252 4422 4356 4557 4320 4505 4322 4472 4595 4618 4231 4178 4525 4309 4260 4324 4574 4065 4398 4315 4040 4629 4099 4535 4494 4627 4344 4327 4150 4620 4268 4269 4146 4297 4381 4302 3984 4540 4313 3943 4536 4516 4383 3999 4258 4314 4294 4182 4581 4341 4378 4328 4584 4686 4317 4155 4245 4748 4626 4485 3904 4229 4294 4384 4320 4201 4086 4176 4135 4043 4187 4580 4232 4000 4058 4106 4585 4563 4119 4330 4699 3907 4025 4278 4059 4523 4481 4394 4277 4514 4327 3882 4143 4493 4013 4638 4025 4117 4438 4381
3707 3539 3896 3873 3477 3796 3458 4219 3670 3908 3859 4255 4016 3698 3788 4009 3671 4037 3846 3911 4018 3918 3816 3680 4133 3557 4190 3492 4105 3588 3738 3871 3852 3962 3842 3597 3716 4037 3759 3931 3686 3912 4090 3929 4199 3750 3914 3871 4186 3901 3364 3839 3384 3625 3749 3552 3998 3961 3687 3715 4433 3751 3481 3802 3795 3261 3741 4095 4080 3820 3976 3890 3710 4240 4015 3802 3688 3386 3800 3499 3984 3695 3879 3407 3256 4087 3574 3654 3827 3674 3698 3461 3735 3587 3744 3498 3831 3667 3664 4148 3944 3771 4035 3937 3903 3836 3916 4015 3873 4135 3946 3858 3974 3781 3715 3852 3751 3709 3971 3747 3775 4122 3470 3918 3911 3984 3840 3900 3513 3814 3743 3660 3848 3747 3573 3949 3501 4102 3934 3572 3816 3859 3826 3653 3761 3844 3953 3659 3982 3825 3755 3926 4171 3916 3869 3694 3749 4271 4032 4042 3605 3752 3716 3936 3694 3836 3567 3834 3832 3650 3721 4220 3420 3901 3537 3666 3770 3999 3551 3658 3883 3363 3626 3629 3652 4046 4045 3925 3875 3813 3590 3388 4048 4032 3552 3848 3884 3517 3956 3740
3928 3637 3874 4044 3832 4038 3564 4142 3860 3961 4226 4334 4292 4128 4186 4332 3723 4257 4023 3915 4138 3982 4193 3787 4239 3848 4522 3788 4369 3790 4178 3953 4067 4332 3994 3682 3735 4195 4063 4398 4077 4073 3796 4228 4251 3926 4260 3958 4089 4285 3813 3630 3862 4007 3842 3769 4420 4082 3920 4012 4465 4031 4020 3943 3948 3700 4184 3957 4460 4097 4164 4265 3876 4319 3816 3815 4111 3885 4102 3843 4075 3992 4132 3494 3832 4108 4052 3830 4022 4031 3972 3613 3981 3841 4068 3800 4013 4110 3746 4134 4155 4034 4349 4041 4153 4024 3996 4140 4482 4388 4025 3976 4178 4045 4058 4213 4046 3971 4211 4071 3828 4358 3758 4301 4129 4364 4134 3959 3703 4085 3870 3936 4153 3749 3852 3962 3884 4113 3852 3460 4134 4037 4083 3761 3927 4044 4201 3764 4379 3974 3864 3967 4170 4185 4009 4053 3596 4310 4403 4240 3958 4103 4163 4040 3809 4128 3627 3875 4032 3614 4127 4345 3857 3868 3805 3935 4181 4190 3607 3964 4130 3756 3894 3773 3762 4140 4240 4014 4058 3981 3724 3543 4000 4233 3793 4132 3963 3757 3811 4017
3762 3497 3517 3714 3612 3407 3291 3832 3650 3634 3582 4176 3698 3682 3599 3914 3652 3844 3972 3716 3811 3718 3751 3450 4131 3558 4148 3563 3964 3649 3765 3835 3780 3883 3811 3442 3490 3691 3653 3765 3437 4199 3950 3725 3940 3695 3912 3918 4091 3804 3483 3642 3472 3705 3496 3746 3947 3780 3564 3540 4074 3675 3460 3917 3651 3362 3586 3772 3839 3869 3618 3776 3597 4125 3642 3685 3732 3575 3881 3542 3748 3725 3858 3381 3309 3795 3785 3384 3766 3778 3824 3423 3953 3539 3807 3288 3824 3799 3492 4086 3922 3683 3847 3765 3650 3935 3589 3706 3929 3898 3547 3481 4060 3849 3591 3768 3737 3488 3923 3499 3534 3978 3357 3900 3772 3896 3730 3804 3507 3888 3525 3585 3659 3472 3574 3619 3462 3953 3756 3564 3670 3511 3815 3570 3731 3524 3879 3541 3948 3875 3723 3744 3956 3876 3760 3694 3494 3857 4096 3834 3319 3660 3714 3834 3444 3682 3302 3565 3830 3656 3510 3841 3679 3545 3513 3862 3856 3858 3701 3551 3872 3262 3473 3333 3667 4041 4106 3964 3738 3848 3647 3160 3618 3624 3394 3883 3594 3463 3648 3798
3710 3685 3672 3740 3415 3782 3405 4030 3857 3813 3857 4184 3902 4124 3829 4141 3784 3936 3959 3543 3845 4032 3895 3505 4109 3729 4245 3639 3961 3788 3802 3641 3942 4001 3484 3728 3504 3829 3833 3917 3621 4081 3734 3899 4061 3762 3971 3960 3897 4089 3501 3537 3617 3770 3867 3755 4177 3873 3451 3748 4306 3761 3636 3912 4101 3562 3853 3889 4098 4130 4080 3882 3713 3981 3746 3719 3643 3817 3875 3688 4113 3777 3869 3386 3401 3808 3805 3612 3833 3911 3995 3398 4074 3556 3768 3708 3744 3891 3768 4296 3763 3670 3812 3861 3727 3959 4009 3911 4044 4266 3830 3718 4053 3761 3991 3866 3845 3756 4083 3697 3481 4154 3641 4200 3919 3937 3767 3732 3514 3858 3686 3631 3731 3709 3757 3658 3854 4054 3973 3367 3825 3720 3776 3647 3986 3647 3985 3683 4032 3809 3742 3881 3893 4117 3940 3785 3629 4170 3998 4031 3583 3887 3723 3811 3727 3689 3419 3692 3836 3704 3621 3869 3636 3541 3769 3769 3816 3949 3525 3809 4034 3419 3328 3822 3791 4110 3988 4073 4067 3983 3455 3581 3743 3969 3416 4003 3813 3697 4047 3727
4117 4165 3988 4156 3742 3923 3862 4191 4228 4118 4220 4423 4312 4286 4191 4530 4213 4267 4352 3946 4362 4169 4170 3854 4504 3915 4767 3924 4243 4118 4548 4089 4235 4223 4062 4320 3837 4230 3900 4369 4074 4479 4302 4364 4554 4071 4304 4265 4528 4284 3977 3998 3887 4196 4038 4202 4514 4507 3948 4025 5003 3866 3791 4258 4105 3783 4166 4410 4523 4379 4459 4376 4071 4584 4118 4179 4153 4090 4147 3977 4341 4098 4303 3878 3680 4286 4130 3897 4251 4036 4452 3658 4590 3853 4385 3906 4128 4144 4075 4448 4038 4373 4376 4208 4252 4265 4103 4264 4288 4451 4175 4194 4463 4419 4217 4228 4047 3946 4329 4226 4117 4578 3930 4173 4269 4315 4432 4363 4000 4437 3847 4371 4245 4128 4194 4357 3874 4454 4315 3962 4434 4062 4266 4026 4376 4224 4197 3943 4068 4277 4116 4107 4562 4447 4196 4218 4002 4415 4405 4615 4125 4221 4241 4288 4102 4293 3747 4025 4221 3848 4300 4252 4034 4007 3935 4160 4254 4550 3902 3970 4497 3724 3948 4118 3992 4584 4552 4357 4320 3891 4261 3869 4300 4444 3888 4347 4064 3878 4211 4183
4136 3917 3890 4039 3933 3882 3887 4232 3875 4072 3963 4274 4176 4046 4003 4087 3813 4161 4188 3921 4070 4181 3846 3847 4442 4080 4449 3829 4256 4016 4027 3869 3977 3955 3775 3828 3875 4139 3892 4235 4024 4084 4001 4157 4339 4074 4111 4077 4483 4177 3857 3674 3776 3800 4193 4024 4299 3943 3734 3964 4521 3897 3795 3984 4005 3580 4145 3964 4195 3927 4155 4095 3790 4254 3991 3953 3883 3697 3991 3791 4257 4108 4172 3728 3558 4124 4166 3802 4040 4066 4117 3598 4113 3780 4089 3668 3873 3928 3648 4377 3825 4040 4158 4084 4123 3993 3828 3908 4303 4043 4044 3941 4228 3980 4014 4040 3995 3824 4133 3919 3891 4153 3881 3965 4243 4325 3777 3863 3726 4011 3923 3791 3884 3756 3965 3805 3840 3859 3863 3790 3940 3882 4202 3810 4146 4040 3853 3711 4208 3872 3950 3907 4034 4027 4048 4016 3843 4299 4139 4054 3928 3899 4243 3948 3865 3699 3733 3862 3946 3618 4071 4244 3819 3512 3698 3912 4092 4226 3897 3973 4296 3515 3768 3799 3953 4314 4154 4071 3959 4257 3668 3656 3855 4003 3784 4273 4092 3780 4075 4092
3874 3731 3825 3785 3830 3774 3426 4128 3713 3659 3898 4025 3841 3951 3832 4108 3783 3977 4030 3768 3951 3940 3907 3608 4124 3771 4247 3659 4047 3915 4037 3705 3900 3783 3842 3752 3547 3877 3383 3996 3715 4038 3916 3949 4089 3762 3950 3912 3819 4085 3840 3692 3744 3855 3678 3918 4237 3941 3665 3713 4186 3537 3593 3943 3749 3473 3739 3957 4120 4063 3999 4078 3593 4250 3991 3843 3798 3800 4036 3966 3932 4028 3952 3538 3351 3950 3707 3655 3571 3954 3942 3534 4104 3756 3943 3708 3902 3784 3566 4026 3723 3872 4008 3780 3966 3788 3635 3882 3850 4184 3698 3705 3985 3788 3871 3599 4063 3851 4087 3694 3738 4285 3527 3873 3922 4145 3954 4016 3700 3963 3474 3905 3747 3814 3799 3760 3688 3947 3714 3436 4006 3746 3923 3726 4397 3889 3803 3591 4052 3583 3985 3886 4055 3815 3812 3788 3410 4115 4043 4140 3613 3862 3855 3848 3951 3819 3408 3692 3726 3545 3772 4009 3777 3875 3638 4034 4059 3998 3703 3734 4178 3456 3588 3845 3811 4286 3886 3911 3835 3877 3814 3296 3829 4028 3485 4063 3916 3787 3915 3865
4404 4377 4297 4285 3919 4222 4019 4462 4097 4223 4267 4845 4550 4386 4363 4564 4199 4593 4605 4185 4430 4198 4464 4223 4650 4137 4801 4140 4263 4334 4312 4438 4368 4289 4162 4079 4084 4538 4281 4630 4319 4593 4292 4387 4476 4296 4555 4420 4933 4495 4185 4107 4143 4252 4190 4195 4714 4369 4265 4298 4942 4135 3937 4218 4311 3955 4280 4661 4717 4269 4338 4655 4264 4668 4422 4555 4151 4537 4350 4042 4620 4407 4592 3659 3984 4466 4290 4084 4243 4231 4301 3993 4370 3890 4225 4229 4369 4241 3947 4663 4111 4241 4698 4508 4477 4145 4022 4415 4507 4478 4266 4288 4576 4553 4354 4431 4413 4027 4756 4220 4140 4720 3995 4321 4225 4553 4363 4413 4295 4478 4330 4323 4362 4321 4148 4275 3916 4456 4467 4055 4418 4161 4282 4148 4440 4314 4219 3896 4252 4323 4251 4306 4536 4536 4276 4179 4063 4636 4654 4435 4222 4555 4406 4382 4278 4150 3904 4041 4290 4016 4189 4495 4188 4061 3944 4416 4222 4539 4356 4079 4420 3697 4146 4239 4092 4445 4670 4204 4350 4525 4290 3963 4377 4270 4093 4550 4452 4217 4315 4511
4408 4105 4093 4070 3780 4164 3928 4340 4168 4176 4159 4572 4308 4199 4377 4634 3908 4363 4250 3811 4487 4385 4137 3960 4440 4168 4708 3888 4088 4372 4430 3930 4298 4161 4254 4013 3916 3949 4095 4485 4115 4435 4396 4296 4414 4030 4247 4293 4582 4458 3963 3817 3813 4173 3867 4068 4422 4228 4025 3947 4393 3839 3875 4116 4331 4105 4082 4366 4532 4186 4214 4319 3956 4669 4072 4100 4057 4116 4217 4214 4262 3986 4229 3557 3845 4301 3991 4057 3998 4074 4244 3786 4454 3607 4253 3959 4161 3963 3786 4527 4084 4267 4340 4249 3913 4286 4211 4314 4267 4462 4146 4216 4115 4263 4191 4063 4222 4041 4327 4193 4068 4566 3545 4440 4148 4281 4286 4397 3903 4172 3880 4046 4183 4137 4097 4103 4064 4373 4320 3725 4379 4243 4154 4062 4520 4159 4341 3901 4220 4136 4000 4277 4252 4477 3903 4011 3998 4549 4308 4297 3900 4187 3943 4123 3945 4167 3657 4099 4065 3786 3853 4334 4133 4010 3865 4233 4245 4535 3886 3949 4430 3788 3895 3899 3843 4209 4309 4132 4313 4193 4076 3499 4000 4219 3881 4557 4076 3965 4362 4239
3860 3581 3985 3846 3818 3500 3794 4019 3759 3864 4089 4170 3918 3702 3879 3839 3734 4087 3894 3705 3715 3725 3823 3673 3983 3612 4305 3568 3821 3732 3929 3770 3651 3852 3734 3790 3628 3962 3641 3968 3752 4074 3687 4005 4111 3812 3936 3888 4198 3733 3929 3594 3695 3911 3637 3837 4101 3799 3426 3655 4270 3719 3566 3891 3460 3460 3732 3870 4171 3738 3990 4112 3788 4109 3984 3770 3885 3723 3926 3655 3949 3927 3972 3433 3543 3933 3656 3453 3746 3677 3725 3365 4124 3652 3725 3601 3970 3670 3545 4058 3664 3747 3958 3921 3699 3819 3728 3967 4161 4330 3748 3891 4032 3502 3606 3802 3828 3789 4148 3842 3430 4074 3727 4017 3975 3953 3937 3862 3549 3896 3587 3670 3825 3850 3818 3738 3543 3851 3914 3404 4017 3768 3939 3758 3945 3969 3736 3278 3829 4093 3732 3832 3966 4022 3613 3868 3518 4141 3841 4063 3532 3835 4008 3612 3793 3613 3529 3561 3607 3643 3753 4014 3542 3490 3747 3707 3982 3948 3798 3633 3967 3412 3618 3586 3632 4053 3949 3734 3943 3774 3632 3330 4016 3906 3721 3903 3800 3751 3884 3637
4294 3919 3899 3940 3769 3864 3660 3945 4076 4183 4197 4264 4244 4250 3850 4388 4079 4153 4229 3938 3987 4262 4098 3957 4215 3952 4330 3950 4029 4049 4164 4026 4401 3966 4019 4042 3793 3848 3739 4192 4119 4443 4151 4367 4306 4039 4206 4154 4299 4149 3779 4023 3828 3885 3980 3959 4463 3896 3870 4154 4560 3832 3876 4091 4126 3717 4118 3997 4139 4090 4289 4039 3778 4559 3864 4048 4045 3882 4309 4013 4312 3820 4206 3530 3555 4321 3996 3580 3845 4059 4082 3511 4362 3844 3996 4158 4184 4007 3818 4435 4127 4078 4045 4260 3856 4166 3938 4048 4323 4311 3897 3842 4174 3918 4078 4192 3905 4056 4025 4054 3762 4553 3712 4076 4011 4179 4227 4118 3786 4092 3878 4022 4125 3836 4035 4133 4040 4353 4114 3822 3798 3959 3900 3785 4250 3895 4071 3620 4264 4134 3859 4198 4316 4331 4236 3998 3749 4090 4281 4305 3982 4021 3967 4010 3861 3860 3691 3748 4099 3869 3986 4313 4007 3904 3505 4017 4393 4330 3938 3699 4309 3684 3834 3957 3881 4178 4116 4115 4115 4051 4010 3645 3930 4403 3864 4304 3995 3979 3827 3969
4386 4281 4352 4457 4154 4255 4109 4588 4373 4297 4370 4894 4661 4336 4709 4748 4343 4502 4448 4246 4513 4522 4307 4196 4772 4214 4928 4037 4528 4339 4610 4369 4367 4214 4428 4125 4109 4407 4345 4572 4290 4623 4484 4409 4678 4338 4545 4654 4892 4588 4361 4158 4217 4453 4200 4483 4821 4435 4165 4427 4913 4346 4194 4494 4542 3990 4290 4564 4672 4363 4524 4446 4075 4876 4611 4178 4519 4334 4475 4243 4411 4375 4557 3905 3965 4644 4373 4189 4012 4643 4516 3859 4434 3956 4452 4128 4436 4253 4255 4656 4380 4443 4702 4510 4658 4235 4441 4493 4610 4579 4419 4284 4493 4275 4458 4550 4499 4219 4471 4307 4344 4716 4073 4473 4449 4420 4342 4324 4272 4574 4048 4266 4238 4360 4454 4166 4598 4707 4487 4101 4537 4495 4306 4127 4504 4500 4347 4104 4485 4327 4395 4365 4753 4378 4190 4284 4118 4823 4577 4430 4062 4567 4154 4532 4291 4306 3948 4173 4028 3941 4128 4393 4321 3988 4238 4286 4633 4759 4215 4250 4759 4150 3944 4437 4045 4821 4486 4294 4669 4461 4453 4140 4333 4778 4094 4723 4353 4056 4466 4333
3839 3733 3835 3844 3765 3872 3740 4246 4035 4135 3908 4312 4268 3992 4051 4213 3786 4130 3875 3935 4111 4044 4155 4016 4394 3741 4285 3723 4127 3935 4187 4006 4163 3939 4120 3889 4101 4212 3864 4220 3969 4336 4029 4013 4394 4029 4584 4101 4383 4200 3592 3928 3783 3958 3528 3848 4307 4082 3719 3803 4520 3799 3534 4142 3886 3447 3933 3922 4288 4033 4217 4489 3715 4160 3999 4153 4093 3856 3866 3944 3918 4172 4127 3835 3462 4100 3861 4026 4039 4099 4046 3678 4230 3670 4057 3688 3923 3899 4001 4327 3976 4140 4214 4223 3903 4028 3984 4034 4118 4407 3922 3901 4265 4190 3970 3843 4169 4050 4061 3769 3951 4431 4023 4199 4131 4082 4023 4151 3750 4228 3751 3905 3876 4082 4003 3996 3888 4238 3848 3892 4180 4076 4118 3652 4241 4054 3957 3871 4001 3925 4097 3915 4274 4263 3926 3761 3798 4241 4195 4287 3662 4174 3964 4209 4069 3872 3856 4021 4001 3696 3612 4258 3926 3979 3811 4073 4139 4127 3779 3971 4158 3633 3813 3706 3729 4385 4292 4266 4089 4122 3923 3534 4155 4127 3892 4205 3886 3544 4168 3865
3438 3414 3761 3680 3329 3513 3269 3824 3625 3786 3459 4023 3686 3738 3463 3846 3483 3699 3593 3615 3927 3587 3649 3529 3963 3521 4221 3432 3638 3481 3676 3350 3628 3700 3643 3345 3365 3636 3522 3838 3704 4016 3705 3896 3905 3469 3759 3785 3960 3754 3568 3341 3440 3530 3503 3333 3851 3602 3427 3439 4194 3226 3276 3672 3700 3549 3538 3652 4104 3802 3543 3896 3486 3881 3681 3755 3573 3604 3337 3584 3808 3531 3708 3087 3406 3827 3548 3368 3534 3608 3560 3131 3703 3323 3540 3326 3541 3526 3540 3941 3734 3739 3614 3916 3711 3470 3571 3608 3815 4032 3845 3571 3773 3632 3738 3517 3810 3371 3806 3448 3485 3836 3484 3719 3600 3796 3703 3751 3517 3844 3255 3412 3562 3620 3351 3695 3181 3878 3465 3200 3477 3801 3988 3519 3705 3584 3913 3313 3509 3394 3580 3567 3640 3913 3733 3549 3466 3800 3647 3828 3323 3731 3494 3964 3659 3436 3192 3703 3549 3284 3647 3938 3499 3597 3589 3365 3649 3771 3274 3666 3918 3492 3448 3524 3340 3712 3891 3433 3503 3789 3767 3474 3758 3916 3461 3820 3545 3468 3750 3714
4164 3882 3881 3854 3685 4029 3668 4088 3913 3870 3746 4454 4340 4062 4027 4351 3864 4402 4039 3794 3972 3962 4134 4059 4470 3724 4442 3729 3995 4031 4113 3755 4134 4062 3854 3720 3559 3969 3886 4355 4172 4049 3975 4076 4234 4104 4192 4062 4334 4151 3599 3659 3740 3863 4073 3937 4481 4018 3871 3898 4374 3855 3642 3936 3988 3688 3960 4034 4245 4052 4117 4220 3769 4383 3938 3790 3975 4089 3916 3902 4239 3916 4160 3489 3549 4088 4084 3723 3987 4100 4219 3640 4095 3688 3917 3717 3699 3990 3626 4351 3920 4222 4242 3998 4020 4196 3999 4186 4285 4260 4029 3900 4152 4075 4047 3875 4198 3868 4184 3653 3833 4064 3912 4062 4018 4207 4111 3958 3624 4184 3935 3960 3976 3823 3689 3876 3928 4404 4039 3484 4049 4008 4331 3843 4182 3831 3982 3757 4135 4079 3942 3738 4291 4234 3825 3887 3675 4093 4229 4111 3839 4263 4025 4250 3833 3861 3859 4075 4119 3559 3945 4215 3852 3986 3793 3804 3931 4197 3453 3759 4186 3598 3692 3645 3825 4382 4201 3912 4123 3906 3904 3437 4127 4279 3826 4031 3841 3839 3984 4164
4066 3986 4029 4039 3825 3847 3663 4306 4008 3939 4095 4297 4053 4218 4092 4312 3650 4132 4090 3799 4337 4127 4030 3689 4248 3825 4388 3791 4336 4244 4228 3979 4327 4108 3867 3988 3987 4035 3640 4340 3885 4111 4116 4321 4401 3715 4094 3885 4237 4046 3839 3683 3779 3906 3772 3829 4331 3995 3962 4077 4623 3713 3777 4017 3859 3518 3841 4134 4249 3917 4148 4283 3725 4469 4162 3728 3854 3849 3901 3911 3933 4153 4149 3757 3852 4105 3923 3885 3890 4090 4048 3396 4328 3880 4240 3652 4035 4018 3681 4070 3918 4097 3980 4213 3918 4040 3961 4279 3774 4160 4061 3745 4472 3816 3938 3931 3948 3727 3894 3877 3873 4213 4135 4158 4287 4222 4066 4075 3989 4071 3811 3970 4034 4006 3944 4015 3775 4215 4085 3709 4108 4116 4239 3937 4205 3869 4146 3792 4042 3768 3840 4092 4346 3902 4053 3924 3790 4233 4096 4425 3622 4156 3999 3912 3923 4216 3605 3880 3873 3668 3757 4067 3845 4059 3779 3801 4147 4505 3768 4117 4148 3650 3832 3835 3955 4368 4166 4104 3842 4126 4046 3712 4085 4243 3544 4196 4134 3727 3990 4142
3935 3709 3824 3963 3822 3758 3585 4135 3808 3884 3819 4114 3888 4034 3817 4098 3820 3879 3924 3836 4251 4099 4005 3862 4407 3721 4380 3546 4063 3698 3841 3792 3841 3884 3839 3760 3547 4160 3722 4166 3605 4253 3986 4161 4083 3866 3943 3985 4138 4218 3578 3574 3428 3919 3866 3912 4052 3964 3598 3786 4552 3591 3724 3976 3757 3447 3813 3927 4216 3964 4078 4157 3593 4168 4070 3909 3916 3809 3908 3727 3976 3772 3957 3529 3585 3970 3898 3596 3746 3911 4007 3464 3899 3622 3885 3502 3737 3817 3784 4125 3802 3782 4045 4245 3729 4071 3921 3977 4113 3934 3856 3834 4030 3919 3872 3634 3977 3671 4177 3734 3719 3985 3768 4031 4093 4214 3928 3938 3793 4033 3668 3867 3845 3809 3773 3718 3730 3842 3955 3584 3963 3973 4102 3646 4029 3854 3889 3658 3921 3838 3885 3964 4274 3994 4094 3674 3510 4208 4015 4061 3690 3787 3960 3979 3781 3851 3440 3979 3965 3833 3691 4117 3670 3639 3821 3897 3988 4056 3866 3861 4074 3283 3672 3831 3974 4230 4119 4198 3871 3951 3735 3513 4051 3815 3646 3914 3747 3598 4120 4038
3954 3515 3974 3822 3580 3790 3700 3909 3617 3679 4092 4334 3983 4020 3876 4034 3802 3966 4146 3857 4245 3950 3987 3729 4247 3867 4258 3863 4026 3723 3948 3728 3969 4067 3944 3921 3907 3896 3631 3981 3780 4204 4111 4110 4516 3902 4158 4404 4210 3937 3915 3672 3870 3936 3746 3630 4148 3936 3654 3804 4470 3738 3551 3700 3784 3516 3812 4049 4194 4023 3686 4061 3815 3963 3839 4060 3878 3539 3802 3847 4123 4000 4075 3507 3632 3954 3811 3508 3857 3908 3935 3528 4134 3742 3954 3602 4029 3871 3707 4196 3969 4069 3944 4115 3768 4223 4046 3860 4071 4157 3792 3651 4035 3831 3954 4028 3873 3692 4190 3911 3760 4228 3500 4015 3897 3987 4084 4176 3634 4141 3825 3975 3878 3657 3800 3970 3653 4082 4050 3710 3980 4000 4121 3656 3890 4128 3994 3668 4039 3678 3944 3947 4137 4115 3899 3935 3479 4311 4365 4295 3734 3875 3916 4137 3746 3866 3465 3792 3758 3542 3820 4073 3779 3749 3701 3793 4041 4116 3730 3817 4046 3720 3385 3722 3628 4192 4430 4025 3924 3847 3929 3353 3943 4099 3577 4143 3889 3781 4026 3811
4062 3586 3718 3893 3666 3923 3356 3820 3857 3923 3792 4363 4074 4047 4026 4207 3656 4105 4047 3693 4015 4010 3907 3700 4164 3601 4502 3784 4047 3980 3925 3804 3973 4059 3740 3806 3814 3964 3923 4197 3804 3980 3802 4135 4268 3841 3974 4080 4343 4079 3726 3656 3468 3707 3900 3691 4258 3980 3751 3924 4545 3382 3634 3758 4075 3422 3715 4018 4198 3964 3968 4080 3487 4114 3745 3919 3955 3790 3832 3794 4059 3837 3909 3677 3636 3982 3747 3816 3722 3802 4146 3539 3896 3572 3985 3666 4001 3962 3775 4251 3873 4079 4289 3884 3923 3899 3794 4033 3977 4179 3780 3809 3925 3830 3899 3954 4027 3662 4144 3943 3768 4227 3568 4283 3986 4082 3995 3953 3638 4027 3660 3660 3844 3668 3992 3919 3568 4042 3736 3695 3759 3649 3982 3671 4165 4091 3946 3664 4095 3775 3931 4163 4163 4216 3995 3792 3508 4290 4143 4251 3876 3993 3754 3920 3774 3743 3611 3723 4010 3737 3806 4059 3756 3864 3494 3978 4144 4407 3606 3681 3953 3579 3634 3614 3797 4350 4238 3941 4078 4116 3865 3528 3784 4090 3777 4249 3722 3916 4094 4075
4148 3998 3963 4052 3979 4082 3821 4386 3872 4197 4049 4483 4432 4214 4208 4249 4013 4252 4170 4042 4075 4298 4142 4070 4465 4026 4695 4089 4042 4189 4348 4105 3980 4153 4056 4112 3998 4258 3837 4598 4180 4332 3931 4265 4292 4094 4251 4052 4340 4369 4106 4000 3886 4170 4058 4085 4668 4260 3983 3935 4788 4103 3995 4119 4207 3895 3935 4234 4584 4188 4264 4199 3966 4462 4102 3977 4171 3929 4166 4234 4217 4226 4267 3658 3792 4140 3950 3884 3991 4113 4152 3788 4375 3777 4075 4031 4066 4075 3932 4454 4094 3976 4349 4086 4079 4353 4211 4229 4419 4376 4426 3703 4225 3942 4106 4024 4175 4216 4458 4131 3891 4279 3948 4350 4022 4240 4333 4097 3994 4226 3846 3993 4019 3970 4127 4022 4119 4376 4113 3775 4433 3938 3966 3983 4208 4162 4084 3874 4302 4050 3984 4044 4487 4351 3999 4028 3800 4337 4519 4322 4111 4174 4117 4152 4040 4007 3889 4061 4251 3880 3948 4236 3940 4006 3925 3958 4418 4426 3989 3783 4524 3608 3991 3932 3989 4445 4175 3994 4150 4194 3979 3863 4120 4298 3585 4258 3958 3818 4148 4076
4245 4127 3734 4160 3693 3847 3721 4175 3870 3751 3995 4462 4217 4228 4126 4292 3929 4363 4153 4081 4160 4103 4042 4032 4412 4009 4406 4063 4126 3944 4189 3932 4264 4283 4233 3903 3889 3881 3987 4444 4195 4199 4219 4160 4520 4127 4190 4058 4412 4011 3981 3736 3755 3955 3869 3953 4349 4273 3968 3928 4455 3849 3896 4250 4063 3812 4009 4223 4415 4119 4088 4160 3809 4455 4019 3911 3984 3920 4106 4305 4405 4186 4144 3674 4045 4163 3985 3817 4240 4314 4195 3708 4236 3671 4180 3864 4142 4078 3760 4443 4020 4205 4361 3956 4153 4245 3899 4075 4419 4491 4088 3841 4165 4132 4090 4098 4237 3967 4114 4093 4076 4411 3686 4138 4326 4357 3812 4214 3982 4038 3930 3820 3938 3921 4068 4098 3792 4463 4005 3650 4110 4057 4002 4024 4374 4062 3932 3839 4228 3996 4128 4080 4436 4357 4162 3974 3983 4427 4185 4083 4177 4193 4055 4024 3908 3879 3801 3884 4185 3679 3813 4285 3929 3932 3908 3993 4228 4272 3894 3771 4113 3576 3890 3862 3867 4464 4160 4142 4229 4262 3921 3562 4082 4207 3795 4465 3802 3861 4093 4125
4225 4092 4039 4258 4023 4222 3975 4221 4208 4068 4196 4791 4448 4440 4331 4635 4148 4173 4419 4127 4266 4297 4402 4182 4440 4293 4992 3939 4342 4338 4343 4056 4289 4395 4292 4260 3942 4518 4268 4412 4182 4738 4193 4645 4474 4189 4267 4645 4733 4403 4131 4310 3992 4394 4193 4411 4773 4279 3974 3995 4962 4440 3947 4076 4205 3930 4343 4294 4618 4423 4437 4442 4208 4591 4509 4178 4154 3987 4378 4318 4514 4268 4464 3835 3987 4370 4268 4081 4076 4383 4369 3815 4348 3965 4316 4128 4247 4112 4181 4640 4129 4202 4632 4356 4302 4236 4385 4411 4565 4675 4333 4101 4320 4323 4079 4325 4449 4069 4508 4482 4033 4761 3980 4323 4314 4378 4239 4403 4019 4268 4159 4194 4454 4023 4101 4313 4080 4496 4534 4002 4467 4273 4214 4140 4540 4165 4288 4066 4386 4135 4250 4180 4597 4499 4224 4150 4175 4650 4469 4483 4110 4393 4180 4445 4279 4122 3833 4040 4356 4161 4120 4392 4025 3935 4247 4314 4172 4516 4078 3997 4689 3835 3940 4082 4139 4632 4598 4513 4629 4410 4121 3868 4269 4356 3992 4523 3992 4156 4309 4265
3943 3661 3767 4056 3482 3770 3534 4254 3617 3891 3846 4129 4101 4089 3755 4161 3783 3952 3880 3814 3904 4127 3908 3546 4202 3800 4366 3817 3985 3831 3917 3767 3908 3998 3796 3682 3704 3716 3738 3962 3637 4074 3878 4033 4215 3832 4073 3945 4247 4032 3794 3747 3678 3856 3999 3847 4314 3917 3413 3535 4338 3699 3777 4039 3836 3751 3911 3996 4113 3952 3859 4049 3737 4167 4042 3871 3660 3588 3879 3947 4147 3884 4020 3306 3456 3791 3897 3753 3587 3932 3637 3491 3827 3534 3749 3779 3721 4016 3699 4057 3639 3744 4112 3953 3674 3844 3809 3635 4176 4154 3853 3440 4015 3808 3682 3972 3775 3761 3811 4016 3837 4052 3669 4055 3909 4109 3970 3944 3683 3885 3794 3788 3889 3789 3788 3924 3795 3927 3925 3428 3915 3904 3660 3950 4089 3964 3742 3672 3973 3750 3822 3920 3976 4014 3818 3930 3742 4259 3919 4124 3726 3800 4027 3831 3728 3753 3452 3919 3946 3916 3673 4142 3837 3849 3773 3832 4038 4095 3823 3733 3868 3452 3445 3742 3806 4178 3824 3858 4029 4033 3520 3429 3819 3890 3432 4087 3886 3657 3688 3711
4150 4351 4363 4323 4054 4177 3947 4511 4444 4421 4332 4921 4555 4354 4271 4848 4099 4702 4525 4129 4383 4354 4362 4146 4654 4141 4755 4212 4598 4207 4578 4132 4291 4298 4368 4110 4127 4225 4082 4587 4262 4540 4366 4565 4723 4207 4577 4390 4575 4415 4266 4120 4150 4266 4151 4527 4803 4455 4058 4149 4882 4169 4019 4455 4127 4106 4331 4167 4733 4594 4413 4818 4084 4756 4115 4342 4521 4174 4296 4294 4309 4269 4593 3817 4190 4492 4442 3953 4366 4438 4501 4105 4846 3968 4408 4261 4326 4496 4057 4504 4333 4701 4374 4626 4256 4382 4285 4340 4599 4757 4285 4429 4495 4354 4459 4563 4572 4119 4339 4261 3901 4901 4326 4460 4617 4707 4391 4653 4230 4390 4168 4416 4400 4246 4295 4507 4149 4935 4361 3935 4512 4385 4429 4297 4539 4145 4305 4099 4383 4255 4516 4397 4650 4473 4337 4520 4141 4564 4468 4658 4058 4400 4550 4605 4292 4370 3961 4121 4538 4017 4207 4509 4386 4244 4281 4160 4441 4565 4252 4159 4558 3879 4182 4354 4191 4594 4575 4672 4395 4380 4398 3779 4339 4424 4227 4551 4127 4090 4447 4311
3918 3713 3872 3804 3596 3787 3534 4153 3756 3747 3814 4231 3868 4010 4087 4185 3950 3782 3932 3727 3920 4016 3906 3592 4347 3738 4234 3779 4085 3875 3936 3705 3983 3779 3829 3922 3772 4020 3538 4187 3755 4051 4076 4050 4243 4176 3790 4166 4248 3986 3804 3651 3473 3762 3894 3703 4100 4084 3521 3766 4315 3769 3453 4092 4037 3416 3823 4101 4329 3789 4230 3957 3737 4150 4048 3931 3653 3971 3964 3600 4105 4073 3913 3728 3433 3929 3737 3568 3866 3835 3922 3606 4040 3802 4055 3875 3718 3940 3739 4310 3737 4012 4183 3891 4030 3960 3992 4072 4215 4460 3810 3921 4038 3816 4021 3844 3808 3780 4120 3818 3796 4255 3830 3971 4071 4093 3581 3795 3734 4031 3727 3964 3886 3906 3732 3784 3822 3875 3869 3568 4084 3776 3986 3688 4176 4023 3877 3674 4134 3979 3941 3841 4139 4027 3625 3728 3663 4104 4239 4189 3821 4025 4103 4114 3544 3934 3437 4040 3805 3509 3904 4068 3706 3532 3736 4038 4112 4212 3664 3695 4129 3578 3582 3849 3732 4265 4231 3973 4277 4006 3598 3649 3926 4235 3595 4079 3899 3738 4014 3802
4045 3893 3714 4096 3637 3721 3641 4173 3985 4094 3802 4154 3910 3963 3928 4268 3972 4000 3857 3613 4048 3991 3753 3865 3949 3771 4391 3807 4093 3815 4184 3914 4099 3947 3985 3842 3769 3959 3683 4213 3860 4270 4143 4059 4236 3793 4265 3850 4353 4194 3791 3520 3742 3880 3586 3850 4412 4112 3741 3635 4409 3613 3598 4181 3990 3471 4205 3865 4102 4141 4095 4066 3928 4074 3912 3950 3906 3795 3985 3746 4043 3933 4106 3491 3578 4120 3989 3644 3705 4016 4028 3630 3977 3443 4074 3613 3992 4168 3633 4332 3791 4165 4143 3987 4124 3717 3792 3842 4231 4211 3752 3783 4113 4190 3699 3853 3815 3534 4100 3631 3784 4424 3722 4050 4184 4083 3959 4114 3777 3849 3551 3845 3727 3903 3867 3982 3627 4121 3837 3587 3926 3892 4099 3771 4223 3996 4111 3797 3988 3692 3961 3768 4148 4309 3918 3921 3787 4105 4063 4002 3446 4166 3928 4158 3743 3915 3304 3836 3896 3781 3723 4249 3891 3686 3832 3823 4052 4022 3643 3864 3978 3735 3864 3581 3683 4270 4124 4040 3958 4060 3698 3468 3881 4006 3748 4215 3842 3666 3958 3996
4019 3936 3985 3931 3799 3929 3959 4077 4111 4254 4001 4495 4129 4149 3957 4409 3927 4349 4061 3892 4091 4054 3973 4089 4239 3746 4509 3686 4148 3757 4173 4344 4000 4119 3991 4134 3632 4257 3986 4301 4088 4287 4141 4212 4392 3989 4183 4151 4569 4370 3780 3864 3786 4096 3953 3909 4409 4126 3774 4061 4553 3767 3903 4108 3972 3662 4009 4173 4322 4069 4117 4097 4119 4471 4069 4057 3939 3964 4005 4022 4132 4074 4020 3517 3537 3938 3946 3746 4026 3827 4278 3607 4158 3640 4254 3908 4140 4009 3725 4352 3894 4187 4371 4396 3957 4000 4010 4096 4397 4284 3832 4082 4256 4050 4179 3957 4063 4005 4373 4042 3828 4452 3852 4114 4178 4251 4035 4281 3821 4335 3834 3756 4101 4045 3979 4006 3704 4240 4243 3984 3966 4131 4071 3873 4258 4134 4272 3793 4241 4032 4048 4108 4142 4361 4041 4031 3742 4308 4502 4159 3830 4222 4211 4141 3920 4029 3761 4161 4221 3802 4088 4482 3871 4024 3840 3979 4125 4249 3849 3912 4510 3538 3882 3899 4089 4220 4510 3921 4253 4164 4036 3761 4161 4414 3964 4256 3782 3806 4372 4150
4174 3867 3874 4083 3774 3967 3716 4071 3842 4077 3816 4328 4111 4012 3796 4363 3914 4121 4175 3752 3989 4148 3949 3852 4238 3630 4522 3853 4131 4079 4152 4029 3854 3907 4187 3965 3790 4160 3641 4251 3832 4161 4025 4090 4107 3929 4200 3968 4308 4040 3563 3791 3739 3958 3896 3847 4471 4031 3810 3900 4498 3826 3571 4002 3837 3719 4085 4131 4130 4019 4061 4102 3840 4084 3750 3900 3901 4041 3986 4040 3890 4133 3929 3854 3678 4103 3787 3791 3979 3878 4047 3655 4172 3685 4193 3799 3811 4060 3731 4068 3951 4014 4203 3998 4248 4202 3965 4066 4353 4216 4045 3614 4124 4136 4034 4023 3905 3663 4118 3962 3643 4471 4011 4235 3915 4250 4171 4112 3877 4131 3719 4041 4065 3919 4011 3827 3794 4101 4000 3475 4174 3913 4152 3724 4236 3959 4218 3692 4129 3881 3846 3880 4238 4206 4010 4154 3624 4118 4088 4063 3748 4178 4245 4192 3914 4027 3584 4091 4113 3746 3760 4216 3789 3802 3990 3820 3900 4144 3649 3745 4281 3531 3940 3920 3838 4084 4017 4187 4138 3969 3613 3509 4148 4161 3731 4079 4008 3862 4088 3918
3916 3942 3857 4005 3725 3856 3785 4115 3928 3955 3859 4375 4041 4100 4085 3895 3779 4121 3764 3705 4054 4097 3953 3858 4318 3852 4384 3652 3862 3953 4193 3903 3812 4015 3990 4081 3707 3886 3986 4261 3838 4353 3905 4003 4203 3800 4165 4073 4163 4100 3620 3861 3715 4060 3811 3765 4015 3993 3543 3918 4537 3934 3560 3912 4111 3658 3820 4067 4362 3818 4135 4121 3931 4216 4066 3882 3941 3558 3863 4104 4048 3738 4106 3665 3848 4154 4082 3798 3973 3764 3938 3359 4084 3637 4090 3510 3833 3975 3750 4301 3863 3936 4002 4024 3797 3941 3841 3972 4254 4562 3780 3925 3958 4017 4002 3974 3853 3793 4053 4154 3768 4271 3776 4082 3960 4042 3731 3981 3542 3972 3666 3682 3985 3720 3937 3905 3673 4219 3969 3573 4155 3989 4146 3697 3970 3771 4032 3765 3989 4284 4108 3961 4115 3995 3991 3970 3613 4299 4211 4024 3983 4167 3920 4003 3602 3833 3599 4058 4102 3517 3752 4040 3724 3790 3702 3853 4113 4196 3804 3763 4129 3669 3751 3805 3789 4115 4274 4200 4000 3922 3775 3727 3882 4079 3644 4053 3833 3630 3960 3867
3950 4002 3809 3864 3548 3809 3887 3932 4150 4028 3898 4476 3928 4115 4188 4096 3917 4182 4204 3522 4019 4146 3955 3703 4234 3771 4678 3852 4255 3909 4112 3755 4078 4000 3763 4169 3747 4034 3783 4084 3877 4192 4118 3980 4353 4054 4105 4091 4421 3891 3803 3754 4015 4097 3797 3745 4302 3927 3630 3843 4537 3852 3668 3750 3974 3629 4060 4340 4325 4028 4218 4125 3795 4284 3943 3914 3924 3803 3840 4011 4347 4014 3722 3500 3659 3867 3966 3776 3954 3762 4048 3493 4000 3619 3963 3672 3958 3817 3749 4152 3705 3921 4192 3769 3814 3954 3876 4057 4283 4168 3914 3953 4153 3970 4052 4021 3605 3948 4054 3818 3858 4471 3836 4039 4132 4178 3791 4035 3626 3915 3644 3930 4091 3638 4045 3836 3641 4218 4087 3458 4103 3893 3962 3781 4284 4152 3956 3820 4104 3911 4007 3981 4082 4120 3841 4006 3871 4280 4011 4195 3738 3941 4193 3826 3704 4002 3530 3811 4156 3609 3872 4192 4139 3633 3805 3976 4215 4169 3725 3846 4039 3484 3744 3791 3673 4060 4432 4022 4042 3923 3734 3718 4098 4227 3483 4014 3864 3794 3933 3898
