400
7986 8120 7893 7744 8087 8106 8065 7933 7471 8310 7935 7455 8235 7881 7588 8089 7870 7352 7665 8254 8338 7567 7731 8024 7560 7701 7369 7741 8004 8243 7571 7932 7618 8025 7708 7815 7160 8121 8068 7519 7292 7833 7465 8343 7837 8092 7988 8186 7819 8098 7696 7832 8140 8286 7982 8058 8392 8030 8352 8236 8051 7738 8103 8308 7649 7680 8099 8020 8070 8011 8127 8208 7783 7639 7979 8082 7808 7819 8173 7878 7714 7859 8142 7374 7972 7878 7994 7868 8413 8079 7927 7584 7855 7741 8303 8453 7670 8387 8012 7709 8309 8182 7386 8024 8086 7206 7720 7636 7956 7873 7785 8131 7707 8658 7741 7418 7767 8238 7689 8244 7816 7811 7590 7455 7903 7629 7386 8521 8468 7424 8413 7605 7907 7543 8220 7523 7617 7803 7932 7779 7997 8099 7846 8054 7540 7827 7896 7841 7772 8044 8173 7375 8015 7492 7766 7880 7525 8467 8003 7759 8155 7941 7739 7937 8264 8240 8093 7439 8288 7556 7806 8169 7739 7848 7736 7884 7651 7312 7809 7460 7862 7787 7832 8350 7525 8302 7720 8006 8457 8149 7215 7579 7248 8124 7485 7941 7803 7978 7702 7985 7564 7959 7785 8060 7732 7901 8002 7719 8106 8385 7939 7598 7416 7897 8076 8085 7768 8010 7517 7856 7695 7994 7643 7831 8326 7925 7979 8086 7851 7685 7923 7925 7486 8434 7866 7721 7671 8273 8112 8077 7974 7582 8311 7758 8163 7967 8017 7963 7440 8046 7941 7741 7363 8381 7516 7664 7669 8173 7518 7969 7538 7900 7897 7862 7937 7924 7625 7943 7484 8082 8495 7887 7863 8152 7418 7956 8007 7649 8169 7351 8132 7444 7849 7442 7803 7866 7785 8050 8018 7991 7715 7986 8350 7792 7805 7605 7886 7634 7592 7890 8261 7764 8309 7572 7858 8225 7862 8166 8196 8223 7851 8236 7641 8042 7535 7935 7631 8077 7713 8310 8223 7866 7702 8138 7885 7994 8323 7735 7586 8429 7642 7685 8010 7772 7970 7901 6943 7628 7312 7923 7882 7874 8120 7928 8152 7835 8061 7992 7989 8177 8087 8003 7480 7836 7551 7992 7749 7883 7615 7982 7496 7637 8624 7897 7761 7771 7846 7076 8174 7847 7856 8152 7688 7874 7787 7976 7613 7768 8023 7782 8116 7691 7430 8209 7539 8020 7589 7635 7814 7666 7415 8048 7514 7774 7803 8140 7833 7725 7636 7351
8303 8755 8431 8353 8674 8670 8301 7785 8179 9119 8783 8413 8230 8611 8217 8320 8407 8147 8000 8468 8519 7861 8531 8532 8176 8061 8310 8480 8598 8510 8080 8496 8444 8201 7686 8175 7811 8563 8469 7925 8086 8531 7924 8763 8404 8252 8553 8165 8144 8305 8030 8172 8633 8582 8530 8660 8800 8427 8781 8834 8607 8270 8349 8458 8182 8208 8619 8321 8785 8180 8626 8511 8224 7918 7960 8733 8310 8407 8327 8261 8331 8383 8629 7962 8355 8233 8103 8218 8681 8288 8578 8164 8499 8067 8420 8604 8332 8928 8752 7841 8719 8197 8319 8668 8732 7942 8245 8263 7936 8502 7812 8278 8008 8591 8426 7856 8285 8739 8385 8456 8370 8069 8040 8245 8614 8037 7908 8821 9059 8052 8625 8690 8193 8280 8715 8074 7761 8536 8204 8126 8391 8214 8306 8800 8380 8573 8295 8384 8134 8189 8993 7726 8673 8093 7998 8574 8142 8778 8708 8231 8482 8488 8356 8412 8302 8239 8546 8066 8448 8267 8517 8543 8466 8368 8478 8306 8562 8088 8049 8277 8180 8269 8584 8487 8265 8515 8065 8480 8667 8774 7855 8415 7583 8855 7661 8361 8105 8645 8213 8767 8065 8133 8399 8238 8258 8350 8299 8257 8612 8736 8508 7683 7687 8040 8230 8567 8268 8344 7943 8519 8133 8630 8254 8416 8877 8423 8697 8344 8840 7885 8692 7779 7959 8899 8167 8226 8550 8629 8592 8942 8436 8162 8751 8087 8761 8644 8860 7865 8150 8677 8370 8503 7652 9040 8151 8140 8343 8742 8186 8485 8330 8291 8163 8463 8141 8290 8491 8361 8272 8240 8624 8665 7966 8195 7776 8524 8188 8088 8474 7853 8499 8416 8375 7865 8419 8459 8178 8634 8961 8408 8552 8388 8758 8587 8859 7865 8547 8473 8622 8322 8448 8076 8577 8042 8339 8379 8390 8565 8899 8384 8389 8664 8359 7963 8368 8086 8284 8355 8070 8720 8304 8301 7987 8284 8487 8438 8357 8258 8144 8476 7900 8480 8385 8074 8170 8819 7381 8241 8161 8371 8331 8554 8489 8231 8219 8450 8059 8407 8459 8466 8535 8149 8285 8489 8121 8149 8308 7814 8232 8440 7736 8314 8690 8336 8170 8665 8305 7651 8365 8345 8389 8622 8344 8226 8228 8442 8115 8227 8309 8279 8790 8055 8138 8311 8408 8561 8441 8250 8098 8099 7833 8589 7994 8350 8312 8415 8701 8259 8107 7808
8460 8434 8587 7973 8439 8705 8120 7946 7743 8854 8603 8283 8262 8372 8264 8355 8918 7900 8334 8743 8594 8165 8372 8447 8277 8242 8178 7995 8394 8625 7807 8563 8238 8476 7913 8342 8032 8417 8454 8396 7902 8347 7905 8854 8017 8517 8398 8505 7789 8160 8114 8291 8675 8679 8793 8348 8889 8355 8989 8716 8233 8338 8683 8871 7707 8454 8653 8021 8711 8258 8495 8334 8316 8080 8477 8555 8564 8137 8245 8490 8179 8664 8589 8094 8461 8238 8605 8397 8448 8260 8536 7793 8654 8038 8596 8197 8195 8777 8562 8258 8619 8339 8268 8556 8473 7735 7903 7853 8209 8631 8075 8351 7957 8943 8359 7911 8386 8752 8310 8632 8186 7891 7719 7898 8394 8194 8120 8931 9052 8317 8492 8551 8334 8475 8419 8044 7862 8133 8249 8016 8351 8348 8409 8533 8493 8359 8195 8217 8237 8385 8927 7798 8712 7842 8245 8259 8209 8795 8609 8196 8509 8439 8236 8051 8608 8576 8224 8137 8810 8164 8264 8770 7928 8092 8501 8494 8495 8147 7676 8057 8127 8457 8235 8732 8109 8949 8255 8147 8686 8715 8092 8188 7913 8500 7788 8467 8210 8661 8093 8522 8327 8113 8099 8216 8444 8362 8450 8243 8262 8648 8561 7897 7553 8549 8294 8836 8243 8744 7923 8487 8074 8225 8312 8371 9070 8711 8484 8804 8466 8149 8657 8257 7769 8716 8044 8159 8494 8687 8203 8842 8576 8062 8740 8191 8641 8558 8667 8390 8152 8395 8036 8016 8070 8936 8223 8103 8218 8381 8243 8947 8126 8420 8174 8367 8229 8089 8122 8661 8176 8515 8864 8597 7998 8388 7651 8292 8409 8298 8458 7699 8490 8057 8516 8035 8457 8095 8374 8555 8904 7974 8529 8319 8551 8178 8340 7834 8166 8406 8211 8356 8555 7962 8714 7962 8055 8220 8386 8793 8811 8236 8642 8517 8218 8380 8104 7988 8259 8527 8047 8454 7861 8405 7874 8267 8463 8160 8467 8244 7709 8562 7810 7965 8180 8184 8488 8444 7639 8231 8236 8386 8391 8563 8476 8218 8301 8084 8212 8295 8717 8428 8492 8041 8379 8689 8077 8411 8112 7871 8041 8355 7521 7851 8622 8418 8076 8366 8093 7743 8407 8309 8140 8241 8416 8170 8012 8432 8069 8088 8161 8579 8833 8180 8104 8544 7942 8606 8231 8318 8165 8402 7851 8388 8234 8396 8251 8564 8396 8326 7923 7612
7928 7741 8168 7471 8087 8185 7684 7403 7452 8363 8071 7648 8240 7881 7926 7731 8069 7519 7536 7805 7967 7366 8025 8123 7680 7388 7248 7731 7939 7992 7308 7624 7892 7616 7511 7868 7651 7970 7970 7462 7176 7961 7401 7872 7508 8039 7760 7702 7538 7712 7259 7950 8294 8243 8096 8275 8494 7961 8589 8027 8236 7879 8248 8079 7452 7786 7898 7498 8137 7955 7961 7727 7696 7642 7314 7828 8020 7784 7962 7707 7504 7718 7881 7522 7822 8000 7898 7246 8341 7614 8014 7686 7667 7679 7839 8275 7964 8286 7987 7596 8100 7998 7759 7501 7887 7707 7775 7339 7577 7902 7848 7544 7476 8342 7625 7431 7992 8198 7962 7938 7852 7618 7029 7580 8346 7630 7557 8402 8680 7831 8195 7613 7956 7886 7946 7672 7475 7684 7708 7653 8113 7973 7815 8081 7782 7950 8145 7815 7558 7712 8505 7581 7888 7494 8427 7796 7613 8329 7616 7564 8366 7899 7702 7704 7693 7459 7905 7697 8271 7446 7718 8339 7825 7826 7833 7839 7964 7485 7411 7812 7784 7538 7973 8097 7663 8033 7797 7728 8197 8227 7474 7971 7544 8275 7093 7745 7861 8102 7736 8077 7587 7720 7920 7651 7894 7695 7986 8168 8072 7856 7967 7258 7190 7623 8162 7826 7663 7690 7593 8193 7908 7881 7783 7665 8519 7733 7982 7983 7939 7537 8030 7585 7719 8232 7710 7488 8085 7847 7677 8119 8430 7655 8064 7529 8448 8203 7881 7859 7649 7953 7694 7505 7383 8759 7789 7884 7592 8096 7634 8040 8026 7950 7501 7580 7760 7589 7815 7938 7522 7710 8129 7796 7314 7723 7080 7799 8042 7841 7920 7241 7877 7468 7907 7783 7951 8067 7740 7679 8121 7881 8103 7996 8439 7689 7921 7366 7870 7820 7645 7847 8198 7631 8042 7127 8227 7997 7528 8046 8473 7914 7931 7841 8062 7539 7810 7488 7847 8073 7768 8270 7531 7758 7700 7787 8001 7664 7847 7722 7509 7803 7218 7558 7821 7724 7474 8191 7180 7649 7563 7767 8324 7860 7769 7916 7715 7728 8057 7773 7791 7685 7910 7629 7621 7661 7557 7524 7519 7556 7898 8178 7506 7917 8293 7796 7531 7960 7658 7326 7609 7590 7419 7958 7781 7906 7559 8178 7511 7553 8186 7981 8062 7941 7375 7792 7747 8034 7585 7879 7170 7681 7515 8086 7289 7982 7892 8046 7928 7662 7696 7206
8513 8531 8363 8137 8810 8782 8240 8039 7911 8987 8717 7979 8317 8762 8163 8581 8671 8006 7971 8718 8814 7970 8342 8743 8605 8567 8210 8470 8681 8697 8345 8540 8539 8363 8176 8273 8043 8530 8510 8283 7969 8459 8093 9037 8088 8580 8850 8324 8105 8060 7529 8583 8600 8793 8590 8765 9042 8329 8759 8582 8886 8416 8446 8680 8127 8679 8479 8629 8918 8023 8838 8520 8542 8444 8251 8852 8301 8110 8294 8009 8077 8545 8807 8043 8496 8391 8226 8293 8858 8489 8460 8047 8671 7958 8625 8749 8452 8848 8938 8208 8682 8360 8554 8443 8509 7675 8251 8013 8134 8346 8127 8602 8134 8709 8267 7782 8480 9095 8192 8712 8271 8127 7575 8031 8779 8398 8004 9100 9111 8376 9096 8475 8291 8542 8900 7942 7928 8623 8320 8375 8517 8415 8250 8460 8544 8660 8804 7969 8202 8212 9055 7995 8391 7951 8520 8292 8361 9066 8592 8327 8877 8779 8641 8533 8666 8258 8541 8086 8444 8105 8071 8782 8377 8338 8439 8397 8662 8192 7811 8494 8383 8602 8616 8912 8210 8809 8107 8309 8792 8845 7782 8058 7949 9082 7962 8470 8445 8493 7827 8687 8337 8292 8344 8506 8507 8514 8501 8384 8529 8492 8402 7999 7681 8369 8647 8431 8385 8661 8408 8421 8195 8539 8418 8292 9183 8506 8390 8489 8472 8163 8663 8548 7771 8960 8430 8114 8576 8500 8918 8761 8816 8389 8713 8192 8965 8487 8669 8334 8212 8486 8434 8017 8339 8986 8488 8458 8302 8692 8291 9088 8213 8357 8166 8378 8635 8187 8302 8537 8743 8450 8600 8710 8370 8554 7820 8833 8708 8133 8712 7732 8734 8288 8364 8025 8497 8601 8445 8672 9074 8480 8469 8509 8815 8653 8715 7835 8558 8631 8637 8243 8755 8274 8864 8347 8454 8582 8541 8609 9196 8567 8361 8547 8451 8407 8134 8148 8233 8594 8476 8728 8447 8405 8034 8693 8538 8414 8580 8222 8219 8506 8050 8308 8354 8094 8134 9159 7894 7991 8284 8415 8292 8645 8599 8340 8371 8282 8608 8487 8684 8286 8869 8268 8263 8450 8099 8319 8120 8306 7952 8619 8084 8447 9168 8789 8164 8480 8468 7451 8293 8412 8552 8914 8412 8187 8297 8372 8382 8155 8565 8332 8746 8232 8217 8426 8037 9051 8343 8723 7893 8437 8113 8768 7998 8346 8413 8520 8485 8320 8006 7805
8277 8318 8169 7907 8383 8554 8170 7796 7836 8812 8356 8300 8271 8246 8075 8375 8711 7799 7757 8406 8359 8021 8252 8502 8194 8069 8066 8080 8532 8266 7934 8257 7959 8026 7790 8114 8009 8389 8146 8105 7719 8215 7855 8397 8150 8235 8407 8198 7673 7940 8011 8361 8284 8425 8900 8660 8449 8328 8334 8711 8243 8383 8333 8621 7949 8349 8253 7888 8455 8338 8615 8238 8202 7877 7572 8122 8156 8379 8070 8109 8153 8525 8075 8058 8010 8225 8062 8137 8821 8155 8164 7673 8015 7995 8424 8433 8186 8698 8514 8105 8670 8097 8112 8528 8224 7820 8087 7794 8374 8009 7869 7881 7740 8452 8099 7570 8504 8374 8248 8246 8194 8142 7150 7815 8002 8161 7977 8765 9081 8038 8247 8378 8045 8232 8049 7317 7963 8158 8112 8118 8493 8284 7929 8339 8143 8392 8295 8158 8146 8435 8467 7766 8337 7981 8414 8156 7905 8885 8564 7857 8405 8352 8314 7921 8187 8244 8270 8240 8560 7714 8352 8358 8125 7920 7947 8486 8601 7653 7748 8306 8070 7976 8205 8625 8095 8597 7959 8290 8647 8730 7815 8138 7877 8250 7637 8244 8071 8447 7692 8307 8416 8225 8324 7932 7957 8141 8125 8232 8360 8383 8140 7777 7697 8332 8317 7918 8353 8286 7997 8014 8307 7985 8171 8044 9206 8624 8137 8235 8133 7728 8113 7940 8146 8529 8295 7864 8236 8522 8344 8321 8521 7918 8455 7891 8579 8463 8474 8146 7989 8367 8196 7750 8002 8903 7582 8259 8041 8355 7894 8419 7784 8441 8262 8079 8116 8153 8069 8113 8116 8486 8480 8432 7676 8285 7390 8382 8301 8107 8236 7728 8667 8198 8515 8129 8321 8208 8048 8599 8625 8132 8084 8159 8644 8346 8491 7987 8364 8156 8457 7996 8405 8274 8221 8052 8374 8660 8121 8321 8619 8307 8305 8664 8144 8146 8079 8086 8064 8516 8003 8617 7890 8195 7927 8344 8046 8229 8328 8042 8110 8405 7964 8082 7997 8096 8091 8494 7122 7986 7913 8186 8526 8189 8585 8318 8307 8164 8285 8306 8285 8109 8400 8264 8070 8161 8014 8106 8014 7804 7623 8341 7888 7933 8632 8376 8007 8202 8177 7549 8070 7949 8294 8270 8353 8373 7987 8353 8130 7807 8342 8341 8699 8176 7868 8613 8132 8370 8039 8357 7482 8427 7725 8326 8053 8587 8472 8249 8121 8177 7765 7692
8804 8349 8474 8132 8564 9101 8160 7723 8185 8639 8258 7945 8494 8312 8271 8340 8893 7914 8473 8694 8818 7877 8799 8498 8436 8384 8293 8314 8401 8700 8370 8332 8185 7932 7536 8061 8091 8373 8325 7947 7870 8480 8039 9000 8391 8402 8564 8214 8316 8514 7703 8860 8552 8785 8744 8458 9171 8326 8997 8626 8617 8550 8808 8657 8032 8396 8466 8694 8586 8063 8482 8484 8440 8373 8187 8467 8727 7965 8157 8145 8084 8661 8515 7988 8401 8215 8344 8329 8745 8441 8413 8037 8771 7985 8569 8628 8586 8722 8821 8254 8528 8401 8755 8469 8591 7748 8382 8292 8238 8493 8033 8281 8086 8396 8428 8103 8483 8884 8458 8653 8549 7968 8051 8318 8399 8709 8097 8899 8856 8318 8855 8571 8407 8226 8612 8034 7967 8101 7982 8431 8771 8414 8745 8690 8617 8809 8376 7994 8187 8401 8953 8113 8570 7655 8569 8533 8651 8686 8512 8135 9103 8287 8427 8525 8454 8363 8240 7943 8660 8129 8566 8554 8383 8474 8356 8401 8235 8448 7939 8064 8275 8654 8492 8677 8414 8637 8283 8182 8902 8393 8256 8629 8015 8537 7714 8211 8226 8256 8434 8637 8070 8416 8397 8164 8212 8621 8338 8470 8471 8505 8537 7742 7957 8294 8315 8565 8522 8705 8104 8627 8371 8468 8280 8386 9197 8369 8519 8552 8472 7924 8720 8311 8031 8921 8128 7933 8544 8446 8567 8540 9048 8208 8404 8133 8820 8902 8482 8076 8058 8382 8257 8014 7992 9036 8009 8452 8207 8559 8282 8872 8281 8275 8267 8105 8449 7970 8387 8728 8334 8395 8430 8155 8177 8406 7792 8500 8587 8162 8615 7549 8340 8127 8044 7866 8685 8414 8152 8543 9354 8325 8434 8793 8612 8546 8443 8002 8530 8457 8114 8502 8805 8229 8782 8260 8285 8808 8515 8412 9068 8454 8420 8492 8524 7977 8121 8319 8151 8530 8240 8658 8396 8283 7911 8248 8606 8203 8092 8285 8090 8782 7996 8222 8385 8281 7995 8755 7438 8228 7984 8134 8307 8318 8592 8243 8513 7941 8387 8322 8776 8033 8650 8278 8059 8483 8037 8431 8114 8432 8175 8580 7928 8235 8932 8116 8280 8575 8653 7862 8617 8379 8350 8280 8092 7877 8468 8263 7866 8309 8362 8667 8749 8376 8239 8436 8312 8711 8320 8307 7983 8191 8122 8594 8277 8353 8161 8487 8806 8449 7726 7825
8342 8248 8438 7905 8415 8260 8146 7566 8257 8720 8286 7857 8257 8099 7901 8217 8711 7794 7761 8342 8220 8013 8238 8440 7903 8049 8211 8106 8318 8314 7864 8075 7806 8132 7588 8223 7814 8065 8561 8056 7928 7995 8138 8790 8214 8102 8204 8335 7900 8195 7812 8392 8398 8533 7919 8534 8978 8082 8619 8480 8227 8184 8429 8563 7787 8010 8433 8098 8458 7970 8485 8514 7881 7898 7662 8435 8140 7840 8149 8109 7798 8112 8065 7524 8215 8199 8246 7976 8711 8182 8044 7978 8389 7772 8299 8505 8055 8454 8278 7805 8466 8213 8032 8213 8329 7536 8076 8246 7999 8075 7715 8031 7864 8422 7871 7379 8421 8530 8251 8394 8114 7810 7399 8042 8698 8248 8364 8672 8339 7822 8277 8330 8074 7961 8573 7896 7501 8213 8208 8068 8117 8090 7980 8379 8413 8545 8323 8340 8199 8066 8677 7730 8268 7929 8294 7989 8400 8952 8369 7973 8701 8269 8192 8177 8360 8374 8506 7819 8502 7900 8297 8269 8017 8245 8091 8125 7918 8030 8064 8078 7820 8166 8194 8658 7993 8658 7672 8166 8557 8645 7707 8330 7534 8407 7671 8155 8276 8142 7783 8443 7942 8230 8063 8092 7894 8245 8385 8451 8061 8413 8430 7517 7431 8037 8174 8560 8137 8186 7562 8309 7972 8069 8003 8197 8817 7928 8335 8368 8326 7853 8440 7957 7550 8724 8030 8144 8238 8449 8710 8431 8541 7862 8426 7920 8560 8381 8528 7848 7616 8272 8233 7914 8148 8640 7933 7907 7643 8225 7965 8407 8021 8212 8161 8012 8277 7859 8016 8155 8148 8339 8563 8273 7742 8203 7463 8583 8040 8029 8342 7629 8283 7660 8237 7657 8334 8295 8011 8182 8889 8442 8403 8410 8451 8043 8379 7710 8395 8296 8208 8360 8111 7944 8834 7503 8734 8254 7899 8191 8878 8061 8582 8284 8014 8042 8023 7795 7658 8304 8246 8537 8310 8008 7858 8086 7937 8398 7967 7933 7959 8243 7601 7960 8010 7940 7970 8425 7340 7768 7970 7800 8046 8600 8225 8339 8188 8039 8152 8121 8147 8305 8332 8174 7804 8391 8081 8326 7977 7679 7847 8258 7792 8054 8588 8523 7815 7895 8128 7545 8060 7986 8200 8395 7976 7988 7961 7765 8230 7954 8093 8125 8602 7956 7808 8435 8021 8252 7601 8359 7677 7941 7801 8593 7661 8289 8244 8559 8303 7902 7982 7426
7932 7667 7683 7523 7768 7956 7526 7347 7353 8096 7881 7976 7762 8052 7611 7939 8067 7515 7236 7988 8169 7249 7607 7562 7593 7616 7559 7515 7544 7680 7355 7792 7889 7387 7103 7797 7719 7917 7665 7686 7272 7832 7220 8303 7746 8041 7943 7641 7234 7609 7319 7381 8009 7920 7765 7703 8211 7552 8255 7562 7921 7863 7733 8034 7304 7838 7875 7524 8033 7625 7601 7473 7891 7669 7740 8159 7613 7399 7545 7565 7564 7782 7852 7214 7625 7484 7482 7623 8314 7817 7815 7336 8015 7547 7765 7823 7721 7858 7880 7649 7964 7944 7590 7767 7834 7169 7487 7436 7798 7625 7426 7778 7401 8180 7681 7604 7881 7982 7686 8170 7793 7105 7173 7700 7559 7330 7444 8311 8369 7593 8182 7754 7572 7531 8027 7481 7320 7548 7748 7582 7510 7753 7550 7815 7481 8071 7726 7467 7550 7657 7882 7310 7604 7195 7647 8008 7693 8080 7738 7668 7876 7880 7287 7602 7865 7689 7558 7601 7975 7119 7766 8010 7843 7599 7639 7618 7758 7530 7641 7816 7495 7614 7727 7996 7533 7871 7677 7584 8377 7928 7010 7909 7227 7962 7295 7396 7384 8067 7157 7866 7593 7746 7540 7375 7685 7869 7966 7391 7722 7952 7858 7243 7057 7504 7606 7705 7711 7816 7639 7737 7369 7508 7693 7574 8314 7844 7510 8038 7848 7448 7675 7482 7361 8037 7683 7524 7637 7796 7677 8004 8052 7263 7847 7664 8039 8124 7730 7500 7489 7913 7889 7570 7439 8358 7431 7718 7313 7775 7500 8036 7481 7707 7793 7436 8190 7590 7711 7821 7393 7814 8064 8153 7232 7934 6805 7771 7578 7661 7709 7408 7956 7544 7855 7449 7889 7845 7709 7699 7884 7703 7644 7832 7894 7862 7844 7895 7694 7606 7718 7683 8085 7556 7993 7639 7816 8061 7613 7484 8177 7771 7398 8138 7831 7457 7630 7259 7585 7924 7574 8002 7443 7818 7277 8172 7816 7794 7794 7547 7519 7845 7291 7748 7965 7358 7536 7836 7017 7082 7604 7483 7803 7886 7950 7448 7741 7524 7691 8006 7749 7863 7809 7239 7790 7779 7305 7614 7920 7384 7718 7549 7136 7629 8180 7746 7569 7859 7618 7147 7761 7380 7781 8057 7444 7567 7462 8052 7262 7805 7545 7678 7876 7704 7216 7988 7142 8049 7970 7773 7274 7457 7465 7894 7522 7672 7711 7603 7924 7919 7634 7321
8329 8365 7911 7707 8209 8326 7621 7497 7779 8425 7949 7809 8095 8289 8007 8200 8399 7712 7411 8346 8290 7891 7928 8181 8109 7901 7978 8056 8075 8155 7869 7993 8020 8180 7461 7736 7689 8532 8289 7736 7520 7890 7943 8611 8183 8259 8025 7851 7411 8330 7546 8278 8435 8278 8141 8006 8955 7927 8562 8378 8238 7929 8378 8341 7659 7986 8165 7806 8304 8051 8090 8216 7964 7792 7638 8253 7862 7665 8155 7855 7913 8156 8036 7820 7929 8003 7834 8058 8160 8030 8089 7903 7939 7585 7942 8298 8083 8316 8423 7937 8136 7821 8104 8214 8109 7382 7970 7757 7916 7998 7670 7747 7745 8488 7993 7499 8376 8428 7989 8185 7868 7739 7483 7647 8344 7919 7700 8649 8467 7924 8143 8072 8084 7753 8302 7858 7715 8022 8068 7970 8349 7911 8099 8378 8022 8530 8103 7959 7919 8058 8699 7217 8477 7574 8062 8258 7785 8991 8242 7987 8443 8021 7966 7984 8215 7927 7874 7627 8260 7549 8195 8248 8126 8168 7668 8105 8009 7635 7969 8084 7977 7918 8099 8343 7847 8249 7843 7894 8293 8432 7501 8156 7768 8444 7706 7838 8026 8043 7744 8213 7821 8149 7985 7802 7858 8015 8204 8071 7991 8178 8134 7460 7410 8016 8432 8092 7807 7993 7411 7706 7868 8116 7847 8077 8428 7909 8104 7883 8250 7715 8062 8102 7631 8240 8075 7590 8143 7983 8505 8131 8566 7629 8469 7687 8353 8141 8157 7758 8077 8086 7964 7856 7659 8681 7748 7759 7792 8267 8087 8080 8044 8071 8152 7478 8390 7786 8082 8060 8251 8270 8121 7554 7677 8130 7333 8116 8084 7800 8081 7295 8485 7620 7932 7242 8084 7902 7965 8279 8676 7866 8027 8077 8234 8450 8088 7580 8271 8237 7918 7985 8200 7779 8433 8046 7783 8284 8034 8247 8160 7922 7819 8455 7787 7575 7842 7718 7583 8407 7967 8378 8112 8203 7523 7880 8275 7999 8147 8099 7697 8131 7701 8032 8154 7857 8069 8122 7373 7708 7878 8037 8174 8296 8261 8181 7954 7760 8329 7551 8216 7727 8226 7780 8066 7717 7798 8060 7763 7709 7792 8297 7486 7903 8675 7888 7701 8304 7808 7294 7968 8100 8073 8294 7925 7811 8074 8167 8084 8000 8096 8094 8489 8017 7881 8100 7822 8205 7919 8070 7748 7717 7794 8225 7731 8233 8198 8624 8018 8068 7658 7965
8580 8607 8161 8065 8616 8838 8545 8045 8389 9195 8459 8137 8649 8642 8051 8562 8662 7939 8336 8874 8775 8059 8565 8745 8392 8304 8265 8424 8950 9050 7847 8467 8568 8583 7858 8381 8150 8574 8499 7975 8283 8558 7815 8683 8371 8495 8695 8185 8321 8745 8096 8528 8665 8789 8475 8551 8881 8453 8781 8673 8444 8359 8467 8849 8419 8461 8566 8471 8377 8300 8884 8368 8345 8265 7828 8674 8434 8554 8630 8458 8164 8551 8424 8134 8350 8400 8420 8526 8815 8234 8412 7910 8500 8076 8687 8733 8415 8567 8803 8624 8675 8259 8327 8659 8616 7590 7954 8181 8445 8179 8112 8641 8110 8978 8371 8070 8813 8990 8581 8564 8210 8157 7643 7876 8418 8439 8060 8920 8726 8316 8811 8561 8595 8254 8717 8046 7904 8170 8376 8190 8552 8481 8392 8266 8549 8949 8562 8435 8385 8448 8973 8098 8775 7983 8378 8499 8382 9243 8704 7951 8787 8356 8137 8115 8715 8354 8629 8112 8709 8146 8500 8752 8865 8368 8379 8564 8503 7932 8199 8426 8280 8403 8482 8667 8011 8691 8136 8260 8826 8724 7865 8160 8076 8490 7673 8588 8033 8788 8335 8270 8458 8309 8573 8063 8485 8577 8591 8396 8439 8899 8542 7739 7803 8242 8494 8507 8231 8838 7913 8467 8583 8516 8031 8443 9181 8280 8558 8526 8460 8210 8461 8201 7935 8932 8450 8504 8560 8791 8444 8485 8822 7973 8908 8291 8788 8644 8436 8265 8196 8378 8540 8119 8059 8985 8436 8179 8337 8431 8399 8514 8474 8377 8307 8179 8282 8395 8325 8810 8300 8584 8714 8651 8245 8483 7634 8667 8171 8122 8620 7922 8560 8445 8705 8126 8491 8454 8089 8694 9090 8641 8667 8387 8526 8804 8492 8013 8722 8476 8533 8223 8547 8281 8859 8061 8686 8617 8709 8618 8810 8557 8478 8641 8467 8276 7647 8114 8361 8598 8214 8769 8142 8543 8153 8041 8730 8441 8675 8426 8072 8770 8015 8268 8435 8636 8187 8542 7582 8154 8210 8436 8658 8600 8494 8261 8651 7947 8433 8530 8321 8498 8431 8182 8325 8590 8092 8163 8497 8121 8493 8806 7716 8478 8742 8554 8289 8641 8354 8011 8537 8210 8106 8615 8578 8600 8353 8353 8265 8348 8254 8592 8687 8072 8264 8414 8155 8652 8128 8596 8227 8294 8135 8826 7820 8881 8360 8707 8927 8357 8190 7848
7735 7486 7960 7409 7811 8112 7399 6849 7496 7802 7513 7298 7332 7928 7560 7771 7921 7304 7538 7784 8135 7235 7966 7569 7477 7658 7080 7401 7897 7735 7460 7679 7901 7370 7108 7440 7258 7740 7817 7570 7044 7840 7227 8197 7596 7950 7779 7926 7414 7582 7080 7688 7611 8141 7818 7872 8120 7489 8067 7659 7582 7555 7717 7784 7622 7410 7729 7574 7812 7241 8195 7586 7477 7424 7280 7732 7421 7422 7807 7422 7372 7942 7717 7063 7450 7804 7407 7671 8090 7572 7694 7546 7609 7058 7694 7827 7627 7938 7581 7546 7777 7641 7345 7561 7698 6824 7080 7314 7482 7774 7488 7606 7767 7789 7210 7117 7703 7946 7400 7735 7595 7413 7237 7522 7704 7510 6841 8109 8071 7693 7736 7896 7584 7727 7768 7384 7402 7423 7727 7626 7646 7510 7311 7694 7339 7734 7649 7099 7456 7624 8015 6987 7633 7185 7751 7712 7524 8284 7647 7968 8144 7601 7352 7517 7724 7542 7695 7179 7803 7202 7581 7835 7583 7580 7563 7394 7711 7343 7244 7761 7585 7494 7638 7949 7645 7774 7322 7769 7893 7863 7185 7595 7146 7912 7515 7569 7617 7695 7209 7835 7397 7828 7598 7516 7923 7771 7704 7759 7587 7773 7603 7100 6899 7554 7921 7816 7626 7641 7335 7693 7598 7562 7392 7348 8173 7522 7851 7783 7552 7290 7668 7204 7098 7890 7491 7156 7907 7776 7692 8018 8194 6944 8041 7436 8529 7624 7903 7573 7517 7590 7650 7351 7305 8103 7337 7497 7456 7790 7357 7899 7378 8017 7508 7560 7828 7332 7586 7779 7781 7993 7836 7557 7690 7476 7114 7680 7677 7422 7991 7229 7740 7406 7933 7105 7754 7811 7685 7686 7949 7591 7756 7552 7746 7793 7936 7123 7809 7911 7696 7561 7611 7712 7793 7124 7828 7864 7806 7758 8262 7551 7790 7653 7504 7141 7427 7551 7561 7844 7434 8087 7638 7734 7496 7506 7726 7901 7897 7661 7310 7762 7412 7418 7846 7579 7248 8110 7087 7325 7467 7385 7956 7744 7589 7236 7507 7198 7514 8085 7678 7818 7489 7441 7109 7941 7393 7498 7749 7305 7403 7928 7380 7320 8161 7611 7386 7670 7294 7186 7333 7388 7863 7718 7475 7538 7673 7811 7240 7408 7530 7513 7937 7595 7213 7690 7214 7892 7462 7794 7668 7316 7121 7724 7331 7427 7304 7707 7803 7715 7110 7014
8329 8132 8087 7623 8233 8549 8041 7428 7510 8273 7845 7937 7787 8217 7575 7809 8257 7113 7747 8040 8421 7638 8332 8458 8007 8027 7916 7857 8190 8442 7609 7991 7897 7801 7363 7970 7254 8191 7980 7783 7487 8009 7386 8332 8021 8014 8035 8108 7742 7846 7894 7908 8249 8161 8053 8343 8601 7933 8419 8220 7893 7672 7790 8182 7488 8113 8190 7995 8232 7507 8211 7906 7889 7533 7391 8480 7701 7463 7904 7980 7604 8132 8011 7626 7897 8042 7651 7965 8707 8147 8036 7622 8020 7634 8338 8330 8023 8405 8260 7653 8480 7770 7730 8235 8116 7628 7665 7864 8082 7987 7468 7801 7644 8343 7795 7622 8456 8404 7785 8312 7807 7525 7392 7513 7946 7672 7519 8101 8387 7764 8492 7986 8124 7716 8242 7671 7514 7918 8113 7843 8246 7933 7962 8372 7839 8408 8136 7722 7883 7503 8191 7695 8150 7180 7940 7932 7686 8757 8220 7994 8199 8107 7895 8018 8019 8119 8074 7482 8028 7638 8094 8209 7804 8188 7614 7902 7711 7743 7604 8054 7783 8004 7962 8416 7713 8027 7792 8024 8183 8209 7519 7670 7436 8360 7527 7933 7969 8265 7502 8007 7998 7983 7816 7966 7785 7775 7858 7852 8300 8117 7849 7456 7102 7928 7755 8035 7799 8393 7602 7885 7957 8069 7902 7757 8345 8223 8049 7849 8256 7891 8407 7882 7549 8439 8013 7590 8053 8039 8438 8127 8250 7668 8178 7914 8295 8422 8135 7876 7859 7922 7918 7951 7673 8562 7627 7755 7488 8031 7991 8015 7637 7742 7953 8218 8089 7841 7769 8340 7850 8309 8031 7960 7913 8335 7245 8181 8124 7733 8110 7279 8241 7553 8142 7475 7868 7788 7495 7863 8250 8074 8065 8136 8133 8136 7726 7514 8416 8139 8042 7661 8149 7615 8483 7714 8289 8137 8011 7980 8388 7876 7937 8055 7818 7714 7659 7792 7444 8136 8015 8507 8008 8165 7592 8164 8027 7561 8257 7834 7564 8562 7698 7763 7824 7616 7904 8288 7099 7501 7566 7999 8057 8094 8085 7914 8060 8031 7894 8117 8087 8060 8275 7948 7675 8058 7906 7855 7842 7575 7790 7867 7509 8053 8345 7996 7648 8600 8056 7204 7780 7897 8182 8299 7947 7828 7925 7963 7844 7626 7903 7890 8418 7571 7623 8210 7596 8250 7769 7830 7898 7824 7595 8261 7716 8031 7882 8171 8228 7890 7627 7413
8824 8623 8253 8354 8755 8839 8559 7916 8590 9094 8581 8223 8514 8611 8365 8510 8606 8045 8600 8928 8696 8074 8796 8251 8498 8388 8457 8302 8986 8463 8214 8411 8242 8597 7933 8635 8344 8479 8563 8440 8162 8544 8119 8852 8959 8663 8754 8505 8453 8525 7915 8444 8885 8853 8890 8643 9600 8814 8908 8381 8589 8571 8528 8956 8368 8756 8984 8559 8603 8349 8788 8314 8529 8475 8276 8689 8541 8387 8764 8499 8497 8351 8647 8071 8455 8102 8680 8368 8885 8597 8632 8166 8784 8094 8655 8667 8390 8884 8865 8406 8583 8423 8397 8661 8867 7906 8414 8155 8456 8580 8139 8735 8303 8842 8485 8100 8566 8763 8219 8754 8543 8175 8091 8277 8403 8657 7960 9096 9065 8443 8930 8880 8802 8482 8772 8307 7949 8478 8771 8262 8464 8478 8451 9013 8188 8994 8674 8342 8514 8527 9070 8342 8943 7985 8617 8382 8285 9078 8574 8475 9139 8688 8246 8742 8645 8627 8863 8202 8486 8046 8602 8798 8439 8755 8440 8621 8411 8109 8075 8520 8486 8330 8356 8690 8241 9101 8106 8540 8686 8878 8298 8146 8067 8781 8275 8760 8243 8567 8010 8470 8538 8417 8550 8542 8686 8451 8643 8625 8439 8635 8637 8140 7980 8311 8883 8581 8484 8675 7984 8601 8581 8751 8497 8262 8966 8611 8413 8691 8464 8148 8691 8196 7851 8566 8457 8250 9034 8707 8647 9029 8828 7991 9108 8596 9180 8881 8911 8293 8390 8639 8572 8447 8225 9552 8585 8703 8502 8492 8654 9319 8310 8595 8519 8311 8756 8392 8295 8982 8357 8887 8578 8763 8323 8295 7737 8805 8526 8300 8805 8190 8834 8429 8862 8146 8634 8358 8357 8446 8933 8576 8556 8777 8902 8550 8901 8197 8638 8321 8604 8612 8750 8671 8779 8336 8400 8603 8799 8697 9058 8523 8478 8618 8457 8371 8172 8048 8256 8838 8279 8574 8428 8563 8150 8380 8635 8270 8633 8824 7846 8695 8051 8467 8382 8483 8151 8774 8056 8149 8458 8430 8517 8827 8793 8429 8469 8071 8506 8755 8566 8429 8646 8331 8248 8857 7831 8187 8446 7981 8328 8688 7987 8724 9030 8289 8380 8750 8342 8172 8536 8550 8773 8631 8685 8502 8354 8501 8355 8150 8391 8403 8756 8532 8395 8673 8244 9069 8640 8705 8218 8535 8054 9005 8213 8398 8290 8322 8655 8477 7970 7729
7755 7628 7709 7522 7776 8121 7483 7201 7431 8274 7812 7216 7465 7447 7416 7624 7908 7101 7205 7733 7687 7191 7499 7851 7691 7491 7292 7673 8136 7705 7163 7372 7190 7458 7226 7456 7083 7581 7840 7243 7116 7495 7206 7827 7433 7293 7700 7534 7240 7665 7131 7529 7730 7805 7549 7728 8208 7535 7682 7642 7537 7059 7580 7826 7569 7111 7770 7562 7614 7422 8026 7535 7751 7481 7264 7589 7592 7300 7519 7221 7481 7597 7840 7256 7451 7269 7338 7265 7869 7579 7712 7045 7303 7410 7703 7751 7504 8137 7709 7446 7729 7587 7249 7703 7606 6622 7512 7293 7468 7658 7356 7449 7307 7737 7387 7001 7529 7790 7487 7630 7639 7187 7101 7314 7676 7308 7326 7879 8049 7617 7524 7328 7479 7229 7774 7128 7019 7318 7670 7138 7192 7667 7491 7645 7459 7755 7727 7384 7304 7571 8094 7072 7757 7240 7394 7628 7584 8035 7811 7202 7827 7615 7224 7645 7991 7702 7436 7529 7557 7232 7667 7943 7169 7491 7471 7416 7953 7152 7169 7604 7405 7577 7673 7855 7395 7932 7526 7660 7706 7761 7133 7809 7436 8058 7314 7404 7543 7781 7236 7736 7307 7663 7271 7518 7383 7924 7599 7486 7501 7678 7855 7053 6907 7492 7482 7487 7569 7649 7040 7486 7571 7400 7206 7630 7896 7401 7496 7692 7405 7089 7647 7314 7324 7843 7326 7256 7640 8007 7645 7763 7548 7372 7694 7376 7847 7370 7435 7661 7382 7789 7540 7160 7375 8219 7497 7498 7192 7779 7260 7767 7449 7582 7512 7620 7461 6831 7459 7431 7653 7537 7723 7394 7297 7637 6866 7693 7616 7053 8031 6688 7715 7572 7706 7325 7855 7693 7244 7100 7875 7377 7764 7684 7775 7702 7754 7205 7511 7542 7385 7606 7717 7523 8110 7176 7969 7722 7833 7490 8020 7858 7439 7696 7192 7482 7442 7433 7409 7657 7328 7881 7442 7640 7014 7567 7472 7837 7603 7564 7011 7549 7109 7356 7622 7520 7122 7121 6456 7090 7401 7391 7399 7705 7682 7364 7625 7241 7389 7433 7433 7604 7636 7490 7532 7485 7403 7220 7250 7347 7417 7519 7231 7409 8037 7734 7325 7372 7128 7094 7428 7385 7538 7486 7339 7317 7457 7804 7259 7177 7469 7668 8006 7343 7242 7511 7310 8034 7353 7460 7270 7457 7164 7833 7355 7925 7462 7385 7843 7443 7304 7125
8384 8227 8056 8068 7937 8478 7934 7713 7893 8394 7973 8022 8039 7967 8098 8238 8707 7459 7710 8431 8051 7387 8548 8009 7879 7881 7679 7587 8525 8193 7736 7906 7918 7805 7601 7870 7666 7994 7722 7841 7592 8298 7778 8268 7932 8014 7872 8026 7598 7907 7631 7825 8432 8444 8179 8492 8473 8047 8272 8534 7750 7968 8180 8380 7675 7782 8249 7835 8267 7850 8131 7851 7784 7699 7333 8155 8164 8173 7787 7715 7868 8238 8098 7646 7854 8339 7820 7754 8332 8301 8354 7536 7895 7854 7966 8524 8082 8591 8387 7626 8256 7702 7915 7760 8151 7205 7774 7768 7702 7771 7607 7767 7936 8223 7825 7497 8349 8637 8004 8168 7944 7901 7281 7958 7950 7480 7504 8065 8343 7889 8490 8289 7904 7714 8306 7653 7451 7900 7927 7843 8328 7651 7983 8388 7738 8343 8182 8130 7845 8051 8409 7529 8261 7499 7970 8101 7951 8334 8084 7835 8300 8180 7914 8184 8283 8152 8108 7713 8241 7673 7772 8056 8073 8073 7916 8065 7807 7537 7757 7787 7760 8006 8206 8242 7922 8121 7659 8217 8485 8368 7467 7725 7541 8156 7862 7972 7895 8147 7556 8047 7958 8006 8132 7867 7883 8271 8282 7828 7744 8376 7882 7415 7128 7903 7893 8021 7834 7929 7616 8289 7798 7779 7849 7758 8970 8055 7823 7734 7952 7770 7980 7620 7845 8144 7927 7808 8143 8157 8544 8089 8468 7951 8384 7799 8454 8385 8011 8114 7714 8216 7675 7672 7993 8635 8230 7942 7666 8237 7560 8063 7695 8027 7861 8137 8020 7775 8007 8213 7921 8052 8179 8496 7880 7898 7418 8128 7913 7537 8083 7415 7924 8076 7751 7842 8159 8209 7817 8007 8793 8235 7949 8109 8411 8091 8383 7767 8085 8154 8100 8240 8077 8014 8470 7343 8353 8244 8007 8052 8419 8212 7760 8302 7984 7670 7864 7982 7760 8182 7925 8207 8148 7829 7285 7964 7948 8099 8156 7624 7645 8166 7510 7457 7854 8027 7521 8478 7214 7585 7925 8184 8107 7977 8547 7935 8073 7556 8212 8181 7957 8128 8013 7691 7862 8187 7552 7843 7955 7774 7723 7919 7500 7713 8041 8051 8025 8064 8044 7473 8288 8090 7963 8303 7860 8213 7613 8388 7643 7555 8015 8203 8157 7631 7888 8191 7582 8272 8107 7877 7984 7938 7519 7875 7681 8412 7869 8310 8358 8070 7757 7765
8091 8238 8281 7800 8312 8443 7739 7681 8056 8459 8022 7765 8157 8154 7951 7892 8089 7517 7926 8367 8391 7779 8478 8244 7946 7584 7870 7784 8651 8277 7430 8058 7941 7967 7519 8428 7799 8261 8063 7934 7746 8229 7744 8194 8207 8304 8318 8186 7707 8076 7622 8376 8441 8336 8431 8159 8753 8050 8604 8170 8143 8010 8323 8228 7791 7865 8583 7958 8391 7864 8672 7999 8019 7610 7628 8069 8150 8050 8188 7925 7901 8229 8091 7694 8287 8160 7966 8038 8351 8198 8399 7777 8056 7816 8055 8259 7826 8631 7995 7876 8454 7852 7666 8225 7902 7676 7934 7907 8255 8035 7758 7990 7567 8345 7974 7638 7998 8621 7914 8199 8080 7647 7587 7937 8016 8194 7996 8663 8292 7938 8157 8330 7979 7974 8397 7856 7572 8140 7910 7884 8271 8188 7995 8200 7950 8388 8202 7954 7847 7867 8740 7750 8168 7981 8354 7893 7770 8381 8236 7666 8315 8336 8134 8109 8062 8036 8379 7465 8226 7769 7983 8127 7959 8068 8034 8194 7988 7780 7437 7990 7945 7904 8344 8216 7938 8552 7568 8184 8588 8278 7463 7980 7671 8394 7501 8219 7942 8339 7990 8667 7908 8139 8132 8120 8171 8159 7894 8284 8235 8266 8246 7590 7479 8299 7864 8203 8016 8139 7535 8201 8077 7936 7889 8060 8856 8093 8317 8193 7996 7471 8086 7931 7781 8782 7970 7973 8650 8224 8537 8230 8696 7588 8506 7915 8560 8350 8219 8029 8013 7948 7953 7677 7763 8975 7879 7730 8160 8026 7980 8285 7982 8148 8082 7951 8192 7922 8037 8030 8163 8068 8394 7963 7527 8413 7510 8136 8512 7966 8179 7199 8625 8175 8399 7720 8322 8313 7750 7982 8379 8145 8203 7943 8505 8353 8767 7358 8121 8359 8061 7859 8283 7941 8182 7603 8322 8187 8259 8071 8551 8081 8005 8214 7982 7785 7902 7915 7466 8230 7821 8613 8241 7819 7657 7882 7770 7989 8347 8430 7774 8386 7735 8056 8119 8138 7757 8321 7357 7748 8085 8125 8189 8283 8248 7964 8152 7943 8361 8535 8136 8167 8409 7771 7627 8249 7799 8102 7657 7824 8050 8108 7901 7974 8507 8114 7858 8274 8140 7433 7956 7834 8640 8166 8095 8100 7752 8069 7837 7633 8115 7977 8272 7549 7577 8173 7821 8318 8293 8099 7821 7847 7886 8482 7938 8041 8018 7868 8053 8228 7656 7491
8478 8389 8491 8547 8576 9006 8361 8054 8356 8736 8455 7964 8364 8232 8352 8759 8823 8130 7799 8907 8867 8281 8403 8659 8528 8268 7976 8457 8470 8621 8091 8597 8140 8280 7693 8272 8096 8378 8601 8268 8034 8432 8017 8742 8295 8369 8536 8655 8150 8630 8009 8594 8765 8583 8596 8552 9402 8362 8893 8560 8618 8228 8670 8783 8230 8489 8815 7954 8628 8218 8681 8515 8420 8146 8221 8233 8430 8363 8630 8061 8227 8730 8112 8190 8270 8409 8267 8365 8740 8465 8623 8350 8616 7960 8629 8744 8117 8838 8299 8144 8743 8502 8379 8609 8793 8130 8510 8169 8045 8339 8160 8234 8044 8836 8592 7656 8822 8669 8505 8328 8612 7933 7879 8214 8455 8247 8079 9185 8806 8362 8733 8505 8373 8167 8634 8013 7914 8658 8434 8314 8598 8207 8201 8402 8185 8535 8480 8326 8543 8208 8823 7947 8640 7926 8337 8721 8267 9062 8645 8100 9107 8319 8300 8337 8773 8490 8550 8217 8676 8139 8300 8500 8355 8448 8392 8330 8550 8265 8214 8281 8419 7920 8570 8783 8407 8849 8279 8617 9008 8833 7781 8062 7947 8516 7843 8503 8463 8313 8157 8428 8333 8081 8483 8409 8164 8845 8208 7992 8316 8654 8507 7836 7907 8604 8433 8493 8337 8456 7801 8403 8358 8420 8506 8237 9016 8497 8456 8511 8645 8146 8480 8027 8161 8932 8374 8595 8537 8448 8707 8666 8328 8154 8692 7962 8746 8611 8715 8659 8276 8828 8429 8274 8169 9101 8072 8483 8323 8427 8325 8643 8238 8389 8294 8267 8217 7958 8148 8397 8121 8397 8802 8547 8145 8449 7676 8536 8292 8513 8516 7726 8342 8146 8688 8076 8333 8463 8377 8667 8885 8643 8423 8549 8839 8453 8591 7952 8774 8183 8471 8566 8566 8373 8742 7925 8571 8672 8357 8574 8845 8365 8483 8557 8477 8065 8351 8409 8114 8329 8179 8840 8488 8426 7887 8180 8441 8751 8656 8270 8122 8411 7810 8243 8549 8229 8092 8937 7469 8024 8302 8708 8442 8638 8706 8404 8664 8025 8594 8572 8168 8223 8496 8271 8254 8202 8411 8443 8095 8083 8109 8419 8265 8391 8687 8666 8180 8316 8499 7672 8351 8544 8417 8640 8251 8243 8154 8324 8320 8273 8322 8567 8708 8125 7857 8610 8060 8300 8488 8209 8202 8200 7844 9062 8201 8568 8625 8760 8638 8409 8418 7743
8269 7804 8434 8093 8300 8557 7902 7675 8012 8783 8267 8363 8300 7915 7904 8617 8557 7316 8097 8784 8554 7869 8581 8313 8182 8121 7931 7803 8379 8186 7949 8255 8195 8283 7438 8036 8020 8336 8223 7770 8035 8285 7869 8619 7921 8339 8285 8204 8066 7901 7810 8469 8625 8203 8401 8490 8560 8214 8232 8256 8306 8135 8620 8480 7791 7926 8826 8311 8603 7963 8429 7685 8160 8039 8006 8376 8183 8150 8349 7953 7685 8268 8306 7821 7764 8219 8203 7883 8536 8310 8583 7818 8212 7878 8260 8333 8129 8579 8589 8225 8451 8349 8000 8618 8368 7339 7862 7966 7790 8474 7845 8249 7916 8657 7944 7863 8397 8487 7923 8411 8147 7619 7367 7841 8401 7982 7985 8737 8298 8136 8262 7902 8261 8008 8578 7794 7535 8206 8255 7874 8068 8108 8185 8344 8055 8762 8066 8265 8022 8144 8440 7605 8513 7916 8554 7936 7975 8614 8585 7869 8258 8351 8146 8368 8567 8314 7894 7805 8447 7788 7775 8537 8206 8160 8154 8501 8122 7832 7705 8033 8211 7750 8139 8659 8031 8515 7757 8141 8594 8798 7899 8293 7744 8466 7720 8336 8235 8372 7972 8574 7996 8149 8496 7735 8334 7837 8071 8416 8607 8462 8021 7673 7448 7975 8526 8527 8005 8329 7800 8059 8549 7967 7894 8314 8569 8345 8452 8492 8055 7485 8311 7725 7823 8204 8008 7618 8214 8308 8192 8760 8382 7647 8497 7670 8609 8430 8182 8630 8130 8164 8112 7874 7876 9056 8198 8006 8126 8207 8079 8167 8154 8494 8326 8046 8190 7849 7976 8245 7833 8571 8605 8227 7953 8293 7227 8494 8103 7902 8494 7471 8338 7824 8566 8194 8560 8218 7915 8047 8734 8382 8104 8443 8407 8225 8382 7980 7891 8236 8061 8140 8322 8261 8173 7732 8521 8497 8309 8385 8775 7839 8044 8293 7841 7752 8138 7890 7994 8321 8248 8451 8065 8188 7509 8179 8017 8231 8147 8223 8009 8627 7813 8218 8082 8226 7872 8085 7295 7774 8230 8179 8546 8488 8591 8148 7911 8032 7895 8342 8273 8117 8250 7969 7961 8372 7725 8503 8013 7716 7968 8373 7794 7821 8461 8432 7923 8316 7908 7299 7802 8140 8495 8272 8099 8176 7834 8489 7980 7897 7767 8113 8821 7916 7795 8195 7439 8345 7756 7982 7770 7810 7922 8362 7951 8293 8099 8319 8277 8169 7577 7566
7923 8167 7996 7810 7865 8394 7873 7407 7705 8446 7772 7722 8242 7873 7845 8537 8362 7637 7486 8114 8056 7509 8428 8046 8156 7604 7570 7410 8008 7968 7488 7975 7611 7534 7277 7820 7976 7955 8058 7692 7421 8108 7476 8238 7756 7849 7846 8009 7837 7994 7644 7857 8262 8159 8280 8143 8489 8072 8352 8103 7564 7712 8157 8278 7643 7887 7865 7902 7980 8116 8109 7830 7852 7813 7559 7947 7655 7635 7741 7871 8017 8286 7588 7710 7695 7703 7776 7799 8115 7909 8191 7422 7905 7565 7763 8052 7736 8634 7971 7764 8291 7907 7653 7927 7865 7409 7798 7520 7627 7762 7596 7933 7406 8288 7509 7294 7745 8100 7981 8036 8055 7395 7321 7675 7892 7675 7775 8408 8661 7842 8180 8047 7758 7580 8157 7398 7517 7759 7900 7347 7970 7859 7632 7828 7680 8176 7724 7959 7785 7909 8163 7436 8092 7508 7922 8140 7916 8176 8109 7398 8303 7772 7825 8060 8138 8007 7759 7534 8177 7262 8054 8348 8019 7816 7714 7953 8022 7356 7723 8058 7982 7773 7865 8091 7532 7912 7644 7811 8502 8335 7242 7638 7346 7802 7396 8081 7727 8008 7486 7972 7536 7992 8090 7618 7795 8026 8049 7974 8177 8059 8183 7341 7082 7826 7838 7870 7640 7614 7720 7753 7742 7686 7837 7895 8573 8189 8126 8116 8233 7549 7972 7556 7635 8181 7919 7595 7773 7760 8052 8106 8055 7290 8197 7555 8233 7989 8068 7951 7426 7810 7805 7427 7577 8580 7951 7879 7629 7736 7728 7949 7728 8331 7696 7948 7955 7346 7923 7662 7494 8047 8141 8272 7711 7993 6989 7829 7891 7958 7877 7364 7941 7676 8174 7607 7796 7930 7702 8112 8399 7757 8025 7880 8023 7763 8062 7324 8138 7817 8055 7654 8159 7495 7924 7371 8035 8259 8025 7763 8459 7755 7925 8133 7668 7688 7779 7576 7788 7882 7454 8064 7749 7659 7549 7884 7877 7744 8036 7879 7686 8291 7441 7522 7856 7781 7886 8011 6986 7629 7706 7929 8143 8025 8181 7563 7886 7606 8272 8185 7905 8066 8073 7800 7544 8042 7748 7540 7386 7730 7783 7869 7706 7837 8181 7912 7363 7817 7740 7336 7899 7601 7619 7626 7951 8045 7577 8005 7606 7602 7719 7831 8490 7969 7687 7970 7176 8139 7729 7693 7503 7942 7462 8194 7920 8299 8003 7883 7716 8016 7608 7618
8424 7768 8242 8051 8155 8608 7954 7771 7939 8663 8211 7837 8083 8350 8230 8571 8747 7984 7941 8389 8381 7793 8309 8208 8205 7967 7856 8121 8285 7994 7736 7965 8090 8216 7409 7764 7740 8206 8124 7951 7700 8248 7622 8590 8221 8237 8225 8107 7866 8092 7496 8117 8134 8495 8215 8215 8709 7923 8518 8391 8308 8171 8576 8486 8096 8259 8295 8169 8471 7833 8526 8547 8280 7950 7717 8237 8448 7856 8168 7982 8020 7994 8189 7801 7960 7968 8276 8031 8125 8364 8442 7482 8027 7922 8326 8290 8120 8470 8351 8234 8461 8058 8227 8088 8442 7433 8053 7927 7981 8259 7966 8164 8061 8516 8066 7502 8179 8305 8111 8319 8041 7734 7454 8162 8464 7848 7684 8390 8646 7914 8271 8128 8211 7915 7973 7722 7617 8249 8129 7896 8090 8171 8272 8170 7934 8320 8108 7967 8258 7926 8705 7758 8220 8072 8184 8293 7996 8524 8296 8203 8328 8012 8107 8149 7934 8484 8084 7805 8298 7886 8119 8502 7954 8129 8002 8028 8045 7739 7727 8207 7806 8043 8254 8502 8056 8606 7799 8295 8486 8527 7826 7673 7902 8257 7525 8161 8117 8379 7385 8549 7988 7988 8214 7747 8103 8377 8173 8139 8114 8498 7801 7619 7200 8135 8290 8413 7644 8046 7890 8300 7896 8127 8150 8102 8792 8443 8116 8480 8383 7781 8360 7810 7668 8375 7839 7831 8011 8651 8296 8391 8096 8004 8665 8268 8670 8365 8169 8164 7913 8407 8185 8015 8071 8587 7814 8113 7945 8087 8031 8287 7888 8373 8048 8010 8067 7935 8125 8265 7905 8450 8283 8691 7464 8005 7624 8325 8500 8001 8158 7779 8138 8025 7895 7945 8378 8495 7962 8343 8963 8168 8144 8396 8371 8586 8768 7806 8055 8073 8158 8137 8221 8062 8400 7645 8261 8488 8151 8514 8419 7995 8252 8255 7938 7664 8151 7776 8110 8157 7651 8262 8260 8143 7593 7917 8018 8017 8353 8100 7506 7972 7889 8137 8303 7968 7899 8471 7419 7906 7793 7852 8264 8363 8398 7852 8151 7871 8124 8138 8284 8136 8266 7618 7956 8247 7994 8119 7862 7641 7886 8392 7799 7987 8440 8403 7899 7994 8240 7474 8227 8202 8116 8377 8118 7869 8347 8275 7943 7887 8075 7886 8385 7881 8116 8310 7877 8628 8302 8179 7900 7993 7675 8416 7714 8321 8112 8460 8616 7956 8062 7382
8194 8174 7717 7710 8089 8621 7859 7313 7711 8576 8134 7882 7881 7913 7620 8274 8443 7670 7414 7948 8216 7696 7967 7838 8125 7953 7822 7886 8206 8145 7513 8087 8156 8193 7349 7872 7999 8017 8334 8123 7679 7896 7499 8520 7929 8398 8276 8104 7833 8003 7677 7684 8295 7980 8225 8140 8489 8028 8436 7966 7896 8071 8380 8321 7690 7788 8311 7994 8113 7821 8268 8003 7929 7624 8032 8236 7860 7742 7685 7812 8048 8167 7951 7963 7829 8161 8093 7732 8331 8175 7783 7677 7601 7566 7793 8064 8056 8266 8230 7782 8068 8001 8221 8102 7993 7449 7532 7728 7808 7903 7622 8151 7623 8431 7936 7547 7990 8197 7817 7819 8224 7758 7666 7870 8042 7539 7701 8342 8442 8120 8346 8086 7582 8027 8005 7910 7298 7876 8044 7739 7966 7955 8053 8117 8123 8312 8067 7671 7927 7853 8568 7419 7989 7434 7852 7977 7966 8443 7765 7982 8469 8071 7810 7879 7985 7962 7683 7708 8381 7613 8178 8173 7968 7989 7920 7454 7916 7486 7936 7700 7648 8099 7948 8128 7900 8334 7332 7594 8287 8433 7506 7678 7495 7975 7717 8010 7513 8051 7633 8074 7686 7677 7822 8184 7961 8009 8054 7955 7765 8111 8161 7455 7391 7901 7997 8188 7681 8043 7676 7892 7748 7874 7831 7799 8497 7866 8036 7870 8167 7600 8142 7502 7549 8382 8110 8013 8433 8133 7893 8379 8100 7742 8206 7965 8517 8277 8241 8071 7600 8217 7886 7609 7681 8679 7811 7924 8058 8081 7767 8287 7820 7797 8048 7725 8143 7799 8065 7910 7811 8015 8290 8026 7709 7978 7324 8261 8195 7993 7968 7443 7953 7864 8020 7633 8016 7924 8087 8504 8630 8352 8311 8149 8061 8109 8310 7808 7969 7770 8282 8227 8040 7968 8252 7651 8054 8036 7938 8178 8637 7852 7910 8327 7986 7700 7751 7833 7617 8003 7408 7849 8057 7820 7272 8036 7998 7694 7940 7888 7770 8313 7305 7716 8120 8107 7785 8181 7294 7772 7954 7983 7798 8027 8250 7624 8047 7567 8009 8108 8229 8085 8169 7524 8009 7911 7796 8076 7821 7871 7919 8232 7525 7920 8593 8088 7764 8159 7734 6894 7996 7963 7865 8377 7625 7868 8136 8082 7988 7846 7722 8192 8381 7505 7864 8089 7757 8300 8140 8016 7918 7759 7463 8064 7631 8004 7902 7849 8341 7866 7769 7337
8890 8444 8635 8063 8758 9165 8711 8008 8455 8842 8697 8209 8613 8413 8312 8669 8867 8141 8311 8944 8980 7935 8930 8826 8516 8781 8264 8459 8916 8819 8487 8724 8659 8361 8169 8193 8178 8974 8587 8447 8178 8850 7895 9226 8571 8715 8367 8555 8435 8765 7944 8628 8674 8930 8868 9097 9438 8402 9208 8922 8622 8493 8931 8961 8605 8521 8460 8580 8637 7912 8711 8614 8692 8347 8254 8903 8348 8500 8278 8350 8388 8810 8560 8251 8465 8463 8531 8330 9113 8511 8714 8457 8812 8099 8704 8867 8545 9020 8764 8444 8697 8629 8672 8612 8973 7850 8659 8268 8650 8465 7919 8626 8261 8881 8253 7930 8746 9040 8683 8576 8632 8124 7998 8478 8804 8510 8017 9206 8878 8254 8925 8740 8435 8579 8782 8259 8058 8444 8423 8320 8797 8364 8487 8728 8559 8769 8447 8317 8236 8379 8791 8039 8441 7920 8807 8523 8734 9492 8422 8565 9007 8574 7926 8397 8341 8434 8703 8054 8449 8362 8683 8825 8293 8830 8675 8184 8509 8184 8177 8579 8392 8343 8451 9004 8547 9033 8407 8484 8922 8844 8070 8150 8183 8687 8122 8322 8338 8526 8392 8927 8330 8784 8646 8561 8328 8524 8805 8499 8800 8729 8199 8028 7937 8385 8471 9050 8299 8497 8177 8723 8429 8722 8527 8080 8946 8611 8451 8627 8449 8309 8736 8243 8142 8811 8634 8339 8838 8599 8887 8928 9344 8223 8871 8220 9163 8950 8592 8460 8312 8672 8626 8364 8118 9135 8462 8651 8595 8702 8471 9063 8354 8633 8378 8673 8659 8239 8332 8657 8650 8823 8729 8889 8264 8177 7927 8516 8640 8335 8600 8034 8615 8427 8876 8132 8815 8662 8339 8608 9425 8754 8605 8764 9078 8660 8336 8093 8503 8847 8716 8357 9021 8441 9101 8056 8534 8906 8500 8644 9147 8501 8437 8910 8542 8129 8462 8546 8376 8556 8639 9131 8518 8725 8002 8488 8552 8610 8843 8316 8387 8848 8450 8282 8462 8445 8199 8731 7679 8025 8357 8463 8618 8737 8532 8509 8515 8292 8626 8892 8508 8457 8535 8362 8385 8338 8539 8666 8379 8183 8663 8785 8659 8564 9074 8712 8300 8479 8501 7918 8532 8516 8926 8834 8343 8106 8351 8781 8609 8708 8413 8811 8911 8434 8211 8622 8371 8912 8413 8742 8354 8182 8022 8897 8790 8417 8309 8498 9086 8449 8205 7783
8506 8533 8675 8427 8365 8980 8432 7704 8216 8853 8420 8207 8601 8509 8389 9005 8873 7988 8003 8962 8887 8019 8534 8810 8314 8167 8261 8028 8600 8489 8225 8446 8583 8614 7982 8500 8087 8865 8517 8229 8139 8615 8137 8963 8525 8300 8321 8321 8312 8598 7876 8575 8805 8469 8357 8915 9485 8269 8977 8469 8555 8346 8559 8697 8708 8275 8473 8147 8493 8199 8923 8335 8510 8192 8009 8635 8400 8453 8689 8410 8179 8765 8415 8243 8463 8104 8547 8222 8628 8303 8485 8233 8405 8282 8851 8581 8437 8880 8926 8344 8972 8702 8573 8742 8926 7626 8413 8298 8261 8425 7850 8636 8311 8712 8063 8090 8476 8869 8677 8936 8736 8039 7893 7969 8434 8007 8232 8915 8919 7946 8781 8350 8448 8088 8527 7717 8056 8360 8462 8259 8633 8204 8451 8516 8277 8734 8442 8226 8124 8451 8886 8098 8175 7951 8538 8295 8437 9284 8825 8063 9090 8601 8278 8550 8740 8557 8344 8137 8914 7926 8335 8554 8319 8404 8252 8273 8390 7780 8076 8354 8305 8122 8308 9086 8210 8703 7915 8570 8839 9129 8160 8350 8426 8610 7923 8488 8229 8391 7781 8559 8296 8682 8555 8182 8399 8536 8740 8433 8478 8440 8536 7786 7768 8083 8485 8778 8083 8263 8090 8651 8397 8661 8586 8537 8806 8644 8583 8478 8389 8006 8677 8289 8107 8675 8305 8536 8225 8628 8520 8651 8790 8298 8954 8071 8931 8670 8658 8395 8313 8785 8559 8146 8164 9343 8341 8545 8455 8545 8180 8623 8085 8306 8343 8561 8612 8272 8471 8564 8158 8698 8686 8764 8206 8233 7749 8739 8340 8211 8702 7606 8674 8199 8670 7497 8652 8602 8501 8707 9101 8644 8524 8360 8754 8654 8795 8092 8652 8380 8458 8560 8698 8506 9401 8014 8801 8784 8790 8689 8977 8701 8626 8450 8349 8114 8387 7999 8421 8559 8529 8725 8311 8335 7790 8213 8733 8150 8558 8025 8117 8553 8117 8258 8133 8544 8133 9001 7704 7953 8351 8594 8243 8740 8477 8245 8705 8018 8191 8503 8448 8338 8710 8259 8256 8636 8205 8378 8281 8188 8236 8721 8225 8298 8945 8765 7983 8872 8227 7709 8657 8665 8253 8595 8004 8324 8285 8506 8221 8231 8243 8280 8844 8306 8181 8630 8195 8689 8175 8471 8112 8461 7973 8872 8361 8559 8651 8608 8881 8443 8479 7722
8337 8139 8476 8109 8251 8874 8053 7873 8346 8525 8032 8149 8154 8705 8356 8519 8709 7976 7711 8776 8205 7678 8203 8429 8482 8065 7979 8008 8517 8259 7959 8316 8334 7912 7853 7987 8024 8329 8046 7849 7707 8522 7622 9009 8194 8365 8207 7825 7880 8524 7872 8355 8416 8488 8276 8240 8762 8333 8862 8535 8641 8072 8547 8501 7989 8279 8303 8038 8264 8032 8544 8051 8473 8141 7869 8445 8154 8133 8121 8011 7715 8216 8007 7674 7990 8192 8331 8034 8879 8158 8416 7837 8143 7952 8316 8592 8155 8478 8399 8067 8845 8026 7978 8143 8253 7237 7964 7891 7888 8355 8151 7880 7990 8796 8036 7652 8286 8650 8271 8255 8005 7808 7729 7870 8275 7822 7436 8602 8740 8074 8205 8422 8350 7939 8259 7656 7752 7988 8166 8016 8166 8170 7962 8293 7900 8649 8152 8155 8251 8061 8798 7874 8273 7796 8289 8282 8122 8636 8422 8176 8440 8111 8080 8131 8456 8251 8365 7909 8375 7859 8233 8312 8261 8163 7984 8112 8300 8156 7942 8517 8292 8069 8506 8475 8038 8359 8158 8209 8523 8860 7600 7956 7953 8436 8266 7885 8041 8401 7741 8503 8099 8306 8328 8039 8156 8295 8296 8557 8540 8432 8313 7653 7411 8008 8478 8381 8020 8325 7779 8338 8111 8256 8028 8033 8774 8279 8506 8123 8201 7943 8145 7705 7987 8688 8220 8215 7964 8445 8529 8652 8700 7824 8545 7857 8594 8372 8311 8085 8219 8632 8459 8093 7875 9087 8103 8072 8184 8442 8014 8343 8056 8413 7799 8482 8111 7877 8276 8310 8453 8158 8540 8389 7931 8140 7622 8238 8406 7852 8642 7902 8503 8415 8456 8102 8280 8434 8182 8372 8686 8486 8083 8324 8672 8426 8577 7741 8141 8106 8101 8014 8587 8217 8422 8024 8106 8432 8220 8253 8843 8349 7995 8230 8107 7950 8027 7951 7963 8377 7802 8362 8082 8541 8021 8368 8218 8517 8287 8001 8079 8435 8114 8457 8170 7952 8324 8357 7374 7936 7898 8217 8253 8594 8342 8048 8080 7992 8375 8173 8188 8128 8516 8066 7967 8085 8069 8349 7995 7762 8088 8482 7765 8023 8811 7973 7891 8371 8393 7811 8159 8287 8369 8396 7765 8024 7729 8493 8107 7702 7951 8013 8146 7974 8150 8211 7926 8756 8161 8144 7781 7973 8109 8459 7926 8425 7958 8392 8073 8011 7868 7674
8264 8563 8257 8062 8594 8485 8084 7918 8124 8906 8419 8246 8410 8524 8077 8067 8369 7572 8420 8575 8765 7929 8685 8731 8556 8193 8172 8185 8589 8832 7662 8194 8017 8191 7731 8116 7844 8446 8265 7743 8025 8331 7964 8932 7922 8576 8379 8082 8490 8316 7938 8224 8480 8496 8537 8486 8888 8449 8778 8616 8449 8085 8349 8630 7973 8118 8163 8607 8763 8024 8542 8334 8162 8284 8078 8461 8457 8085 8134 7921 8006 8730 8510 7666 8205 8112 8312 7940 8880 8386 8361 8002 8356 7859 8699 8388 8598 8786 8445 8323 8848 8214 8382 8320 8357 7815 8294 8272 8253 8473 7860 8138 7909 8726 8087 7830 8330 8711 8342 8592 8358 7849 7882 8032 8283 8146 7954 8755 8486 8167 8638 8575 8512 8011 8557 7820 7534 8071 8504 8046 8498 8173 8242 8579 8368 8587 8459 8235 8092 8206 8689 7913 8277 7915 8334 8003 8227 8853 8504 8163 8636 8072 8387 8219 8379 8448 8510 7997 8176 8145 8037 8580 8378 8385 8048 8279 8200 8027 8186 8157 8159 8640 8360 8939 7971 8737 8154 8364 8573 8812 7870 8091 8002 8502 7944 8334 7818 8709 7765 8403 8111 8274 8465 8506 8515 8498 8247 8419 8282 8419 8508 7900 7540 8072 8563 8370 7911 8131 8002 8522 8425 8304 8362 8035 8827 8450 8264 8657 8671 7725 8535 8376 7973 8986 7989 7929 8410 8454 8546 8496 8674 8005 8696 8406 8952 8563 8500 8061 7776 8392 8387 8016 8361 8949 8036 8234 8515 8212 8189 8737 8114 8341 7840 8296 8190 8032 8162 8417 8380 8277 8545 8456 8090 8395 7650 8418 8083 8156 8458 7670 8595 8205 8795 7814 8521 8303 7979 8233 8784 8654 8414 8616 8598 8308 8668 7861 8319 8448 8507 8206 8680 8233 8648 8038 8443 8282 8526 8306 8639 8399 8265 8545 8092 7912 8131 8006 8056 8593 8493 8803 8474 8196 7886 7868 8288 8071 8295 8465 7976 8473 8263 8245 8321 8290 8189 8280 7753 8409 8189 8271 8060 8443 8392 8302 8104 8274 8555 8442 8335 8093 8263 7956 7703 8481 8299 8116 8202 8300 8438 8781 7894 8034 8582 8270 8332 8922 8260 7971 8374 8478 8445 8118 8168 8194 8010 8229 8168 8045 8483 8272 8701 8096 8126 8586 7982 8524 8186 8209 7995 8035 7710 8831 7698 8455 8252 8263 8600 8436 8102 7459
8047 8374 8158 7762 8393 8589 8066 7692 7648 8502 8217 7804 8325 8207 7781 8057 8510 7700 7805 8544 8494 7709 8520 8414 8388 7990 8022 7812 8538 8691 7517 8250 8403 7965 7590 8103 7623 8490 7880 7991 7562 8125 7698 8376 7889 7903 8437 8025 7883 8256 7907 8390 8255 8389 8636 8241 8978 8078 8607 8393 7912 8275 8450 8516 7812 8097 8284 8132 8401 8130 8348 8065 8186 7746 8116 8362 8060 7925 8111 8098 7881 8372 8234 7589 8408 8058 8159 8284 8471 8286 8363 7815 8335 7591 8205 8306 8079 8560 8171 7947 8250 8113 8293 8395 8070 7160 7977 8331 7982 8273 7592 7992 8003 8718 7762 7673 8046 8107 8364 8441 8186 7789 7447 7643 8272 7930 7780 8789 8421 7894 8487 8511 8350 7871 8317 7791 7248 8002 7878 7624 8389 8062 8255 8452 8309 8444 8122 7918 8066 8003 8878 7730 8180 7612 8240 7884 8197 8533 8295 8294 8539 8211 7879 8387 8554 8161 8149 7759 8453 7868 8107 8511 8110 7985 8281 7932 8002 8185 7794 8159 8019 8244 8140 8506 8154 8374 7526 8376 8573 8477 7582 8165 7709 8290 7783 8151 8198 8179 8076 8556 8038 8150 8332 8348 8038 8356 8244 8380 8642 8149 8185 8088 7472 8358 8450 8463 8090 8104 7819 8353 7904 8178 7989 8046 8800 8057 8368 8046 8375 7760 8310 7966 7567 8863 7750 7680 8346 8414 8040 8278 8686 7804 8513 8117 8365 8050 8486 8177 8001 8095 8133 7851 7458 8989 7793 7780 7816 8368 7935 8262 8269 8199 8006 8236 8013 8111 8215 8189 8141 8311 8201 8101 7916 8625 7306 8211 8455 8036 8178 7178 8570 8034 8198 7686 7795 8141 7802 8254 8658 8289 8386 8273 8422 8267 8056 7712 7993 8033 8342 7949 8362 7824 8599 7980 8265 8373 8445 8238 9135 8149 8111 8431 8042 7725 8075 7718 7967 8470 7919 8527 8047 8077 8021 8293 8234 7975 8282 8260 7996 8439 7935 8151 8031 7908 8189 8264 7209 8040 8197 8330 7984 8521 8396 8138 8389 8059 8531 8059 8390 8312 8384 7741 7742 8142 8302 8191 8150 8171 7901 8255 7691 8206 8634 8192 7656 8306 8148 7398 8112 7741 7703 8041 8104 8189 7977 7935 7962 8327 7933 8382 8394 8328 7856 8327 7763 8544 7979 7917 7835 7791 7814 8704 7776 8261 7970 8164 8255 8257 7949 7664
8080 8137 8054 8116 8195 8712 7965 7837 8120 8298 8184 7723 8110 7828 8011 8146 8207 7470 7991 8321 8575 7673 8286 8224 8212 7952 7788 7948 8300 8156 7757 8251 8088 7913 7617 8005 7872 8351 7726 7650 7773 8130 7751 8760 7532 8318 8218 8126 7752 7875 7576 8331 8077 8537 8386 8407 8249 8056 8472 8318 8108 8219 8149 8463 7779 7996 8337 7972 8079 8136 8524 7805 7916 8052 7570 8213 8008 8089 8084 7734 7793 8225 8163 7783 7732 7998 7978 8003 8527 8187 8080 7555 8057 7750 8338 8235 8028 8352 8388 7906 8499 7973 8188 8003 8238 7334 7743 7883 7986 8131 7764 7669 7933 8465 7819 7420 8124 8529 7941 8160 8134 7681 7114 7755 8298 7788 7546 8418 8335 8126 8164 8092 7707 8114 8188 7516 7590 8099 8071 7914 8245 8040 7839 8374 7941 8609 8080 8090 7847 7958 8265 7793 8472 7673 8118 7914 7794 8691 8278 7919 8089 8240 7961 7969 8071 8258 8303 7694 8160 7657 8148 8305 8263 8144 8255 8051 7965 7945 7800 8190 7840 7827 7995 8353 8111 8278 7739 8433 8452 8746 7740 7902 7826 8281 7690 8084 7768 8428 7680 8037 7954 7871 8215 7887 7866 8013 7897 8039 8169 8436 8126 7889 7310 8244 8173 8274 8240 8185 7661 8107 8240 8042 8239 7899 8626 7773 8123 8385 8189 7788 8346 8020 7590 8423 7778 7547 8150 8105 8076 8142 8301 7753 8729 7796 8947 8321 8455 7987 8049 8423 8263 7578 7920 8916 7797 8059 8024 7951 7856 8231 7873 8067 8273 7997 7889 8028 8027 7971 8168 8097 8391 8285 7804 8377 7541 8290 8089 7883 8401 7497 8375 7995 8090 7930 8084 8234 8104 8170 8700 8198 8227 8260 8320 8570 8343 7673 8302 8447 8243 7879 8217 7943 8399 8039 8263 8399 8141 8426 8651 8236 8215 8303 7911 7757 7778 7985 8166 8124 7725 8340 7810 8149 7319 8083 7919 8349 8119 7953 7761 7962 7681 7983 7864 8202 7983 8261 7301 7872 7639 8008 8201 8234 8110 8197 8089 7563 7989 8356 8290 8380 8043 8072 7680 8180 7831 7983 8050 7735 7618 8022 7795 7845 8269 8194 7762 8353 8155 7548 7912 7854 7993 8506 7806 8315 7815 7687 7975 7797 7694 8052 8536 7842 7962 8254 7758 8488 8335 8080 8015 7901 7741 8393 7850 8276 7988 8040 8045 7997 7805 7662
7887 7733 7820 7613 7864 8016 7614 7410 7545 8083 7637 7686 7900 7712 7571 7941 7894 7356 7363 7957 7819 7484 8145 7913 7746 7490 7666 7307 7730 7728 7235 7704 7763 8028 7430 7651 7392 7988 7635 7590 7324 7655 7318 8094 7631 7721 7857 7801 7538 7746 7265 7610 8225 7991 7825 7894 8365 7477 8059 7969 7690 7723 8060 8039 7222 7561 7951 7884 8123 7730 8217 7677 7738 7363 7413 7903 7557 7562 7771 7835 7624 7946 7800 7282 7436 7560 7612 7832 7720 7388 7854 7302 7409 7448 7566 7952 7532 8107 7876 7201 7766 7793 7399 7775 7872 7167 7653 7349 7730 7809 7148 7461 7324 8257 7228 7210 7632 7787 7927 7647 7503 7396 6911 7086 7824 7473 7472 8387 8144 7407 7949 7796 7362 7663 7797 7210 7466 7780 7820 7498 7815 7720 7747 7585 7712 7562 7808 7868 7698 8057 8370 7145 7725 7088 7895 7732 7660 7977 7602 7523 8137 7617 7705 7470 7616 8414 7941 7285 8210 7494 7639 7992 7777 7710 7541 7740 7470 7149 7317 7660 7575 7630 8002 8251 7473 7743 7560 7595 8199 8184 7139 7157 7227 7869 7217 7551 7526 7808 7264 7886 7598 7607 7730 7488 7734 7646 7512 7818 7713 7964 7643 7086 6801 7372 7763 7763 7524 7592 7352 7843 7538 7845 7278 7596 8286 7970 7721 7761 7684 7261 7664 7294 7141 7920 7639 7599 7704 7714 7756 7723 7903 7538 7857 7460 7909 7679 7992 7651 7463 7749 7733 7471 7121 8017 7598 7739 7570 7583 7307 7858 7515 7442 7743 7558 7789 7359 7496 7778 7352 7865 8072 7536 7261 7541 7062 7626 7535 7605 7742 7046 7890 7082 7679 7142 7544 7596 7663 7572 8041 7788 7483 7561 8028 7760 7939 7578 8099 7727 7648 7379 7757 7419 8154 7485 7960 7910 7655 7916 8219 7788 7692 7948 7760 7536 7662 7344 7257 7928 7514 7908 7374 7579 7606 7596 7647 7348 7758 7495 7490 7693 7233 7436 7516 7822 7500 7878 7031 7347 7466 7881 7663 7777 7942 7685 7971 7273 7500 7517 7791 7734 7807 7650 7400 7805 7571 7524 7716 7657 7274 7846 7104 7525 8170 7481 7509 7672 7501 7151 7852 7568 7672 7919 7713 7642 7446 7335 7651 7282 7620 7671 8088 7606 7843 7810 7618 8027 7518 7696 7609 7397 7306 8406 7442 7727 7483 7863 7781 7663 7380 7173
7908 7994 7955 7743 7927 8658 7911 7282 7918 8266 7984 7681 7873 7777 7921 7899 8283 7720 7560 8073 8393 7400 8176 8014 7490 7757 7547 7809 8363 8137 7747 7831 7756 7978 7344 7677 7847 8025 7601 7767 7472 8033 7887 8771 7953 7654 8240 7654 7581 7876 7551 7876 8233 7832 7720 8137 8639 7972 8240 8147 8090 7867 8453 8169 7736 8123 8078 8052 7887 8031 8101 8146 7953 7571 7383 7893 8062 7603 7791 7877 7750 8017 7902 7456 7961 7754 7775 7743 8439 7863 7866 7581 7923 7575 8073 7955 7731 7938 8085 8104 8568 8122 7829 7864 7780 7314 7948 7671 7850 7960 7482 7915 7706 8190 7945 7312 8299 8375 7940 8117 8036 7393 7385 7998 8271 7758 7768 8737 8839 7688 8071 7754 7822 7903 8294 7655 7266 7733 7902 7910 7876 7628 7978 8034 7803 8146 7951 7741 7577 7732 8373 7780 7934 7971 7914 7779 7609 8269 8192 7831 8391 8100 8075 7759 8441 7873 7787 7698 8128 7484 7941 8163 7619 8076 7627 7884 8203 7714 7557 7845 7819 7523 8090 7963 7512 8166 7775 8084 8256 8261 7538 7985 7448 8016 7503 8060 7319 8135 7457 8252 7754 7870 8026 7605 7763 7716 7904 7793 7961 7922 8153 7331 7120 7648 7874 7884 7681 8047 7415 8114 8016 7920 7695 7828 8522 7598 7657 7661 8043 7528 7969 7749 7395 7991 7572 7862 7605 7621 8253 8384 8374 7824 8108 7578 8396 8347 8299 7801 7421 8021 8077 8093 7722 8625 7261 8016 7764 7744 8137 8224 8024 7870 7869 7614 7747 7615 7699 8026 7981 8236 8227 7899 7551 7862 7413 8047 7569 7698 8282 7303 8122 7716 8145 7407 8132 8033 7774 8147 8542 8339 8114 8111 8003 7930 8106 7447 8162 8084 8033 7914 8376 7641 8213 7446 8064 8229 8040 7823 8412 7886 7793 7803 7730 7835 7634 7673 7841 8062 7625 8729 7770 8049 7372 7769 7799 7919 7929 7539 7455 7732 7517 7989 7896 8000 7567 8206 7179 7582 8057 7930 7977 7901 8065 7907 7804 7868 7790 7997 8119 7753 7927 7693 7676 7789 7787 7776 7785 7330 7923 8327 7645 7892 8460 7612 7925 7891 8057 7454 7935 7938 7904 8122 7865 7835 7591 7962 8036 7829 7675 8030 8098 7744 7700 8036 7556 8086 7546 7802 7444 8125 7921 8419 7515 7850 7703 7856 8117 7618 7667 7381
8386 8407 8619 8651 8528 8698 8357 7990 8381 8910 8447 8076 8372 8408 8496 8564 8768 8017 8239 9064 9170 8037 8794 8849 8420 8136 8028 8159 8746 8544 7856 8083 8595 8584 7893 8270 8122 8674 8409 7972 8016 8371 8322 8842 8222 8721 8622 8639 8124 8555 7708 8356 8597 8468 8787 8533 9293 8525 9006 8608 8359 8348 8520 9035 8142 8408 8903 8407 8858 8319 8779 8624 8354 8569 8246 8647 8430 8268 8458 8456 8159 8687 8793 8213 8327 8366 8364 8622 8698 8961 8558 7713 8578 8041 8536 8914 8194 9000 8661 8131 8695 8472 8516 8408 8449 7816 8336 8193 8084 8264 8384 8299 8319 8613 8281 8028 8524 8844 8385 8705 8336 8071 7685 8264 8306 8657 7959 8684 8835 8357 8664 8788 8417 8278 8580 7863 7621 8315 8585 7956 8732 8285 8352 8552 8332 8723 8583 8249 8247 8133 8566 8201 8529 7795 8605 8319 8057 8938 8658 8251 8759 8440 8233 8431 8611 8647 8277 8089 8595 8196 8520 8714 8564 8484 8582 8404 8242 8026 8150 8309 8340 8535 8268 8959 8061 8726 8311 8262 8540 8695 8189 8409 8093 8531 7970 8355 8161 8636 8014 8593 8246 8171 8293 8449 8400 8349 8650 8345 8688 8406 8630 8092 7599 8453 8435 8637 8357 8874 7837 8311 8340 8579 7987 8517 9065 8344 8481 8500 8499 8205 8931 7925 8208 8992 8374 8106 8692 8479 8689 8513 8660 8210 8642 8394 8930 8484 8773 8445 7965 8505 8373 8364 8213 9249 8119 8353 8510 8181 8354 8782 8220 8625 8402 8743 8107 8178 7602 8431 8289 8472 8724 8751 7900 8305 8063 8494 8523 8218 8467 7785 8201 8164 8523 8028 8286 8529 8206 8408 9056 8583 8404 8414 8763 8688 8335 7941 8813 8327 8872 8306 8848 8321 8695 7976 8369 8577 8536 8688 8711 8444 8401 8634 8381 8333 8024 7880 8344 8539 8210 8859 8103 8320 8039 8432 8661 8523 8522 8207 8009 8857 7915 8250 8356 8332 8258 8782 7639 8115 8178 8433 8684 8891 8769 8425 8565 7859 8521 8466 8792 8588 8797 8059 8334 8967 8085 8249 8211 8101 8112 8278 8105 8524 8597 8427 8422 8454 8532 7943 8381 8821 8179 8819 8346 8641 8189 8242 8402 8073 8203 8368 8885 8266 8123 8455 7784 8552 8124 8541 8458 8277 8155 8592 8062 8877 8483 8525 8675 8389 8195 7955
8084 8654 8185 8114 8483 8478 8021 7634 7829 8661 8076 7992 7962 8265 7985 8328 8399 7876 7973 8457 8431 7682 8070 8149 8089 8101 7901 7944 8473 8572 7601 8237 8248 8122 7503 8217 7736 8258 8103 7894 7660 8305 7666 8640 8017 8225 8285 7927 8109 8309 7708 8187 8419 8236 7858 8153 8872 8030 8370 8491 8135 8148 8367 8356 7940 7954 8340 7986 8403 7982 8492 7973 8061 7936 7593 8537 8156 8185 7988 7876 7775 8277 8129 7709 8023 8187 7933 8371 8431 7640 7868 7732 8278 7485 8193 8336 8039 8770 8479 8069 8588 8079 7837 7995 8372 7380 8054 7932 8271 8494 7681 8101 7830 8566 8032 7690 8413 8581 8152 8523 8054 8036 7501 7636 7912 7713 7979 8728 8641 8020 8787 8386 8102 8105 8312 7817 7461 8109 8038 7865 8136 8194 7840 8174 8266 8257 7798 8177 7878 7954 8700 7649 8419 7839 8173 8222 8163 8890 8378 7875 8441 8369 7994 8188 8149 8242 8194 7744 8252 7899 8253 8325 8143 7786 7848 8074 8213 8030 7743 8000 8314 8135 8466 8457 7938 8506 8052 8183 8532 8219 7649 8002 7527 8091 7608 8303 7790 8139 7831 8110 8102 7659 8128 7945 7661 8055 8104 8219 8394 8369 8383 7601 7709 7665 7943 8325 7820 8239 7774 8299 8283 8120 8107 7768 8863 7627 8085 8028 8002 7518 8033 7602 7951 8536 8065 7840 8207 8330 8274 8191 8503 8221 8465 7875 8328 8150 8480 8076 7482 8289 8033 8043 7954 8973 7786 7994 8137 8179 7775 8746 8257 8052 7896 8025 8196 8037 8004 8242 8176 8048 8358 8261 7778 8244 7365 8261 8251 8217 8194 7442 8268 7955 8167 7769 8295 7783 7615 8116 8621 8182 8148 8020 8442 8057 8349 7687 8201 8199 8238 8171 8486 8063 8536 7652 8213 8282 8451 8047 8334 8279 8041 8583 8210 7958 7962 7790 8110 8493 7969 8563 7930 8336 7523 8093 8047 8062 8521 7746 7891 8095 7589 7972 8130 8063 7797 8314 7229 7734 7950 8195 8107 8603 8327 7983 7919 7964 8168 8190 8150 8014 8456 7633 8163 8200 7988 8166 7705 7812 7976 8039 7882 8033 8486 8350 7895 8348 8339 7343 8267 8066 8044 8142 8098 7985 7747 7840 8010 8211 8155 8195 8372 7828 8046 8098 7747 8337 7925 8090 7937 7843 7884 8518 7745 8229 8330 8361 8635 7903 7803 7375
7877 7508 7516 7599 7913 7936 7934 7330 7604 8085 7909 7582 8016 7783 7625 7753 8288 7191 7391 7987 8028 7624 8261 7853 7470 7377 7586 7622 7770 7819 7383 7731 7639 7921 6987 7737 7361 8097 7748 7460 7481 7831 7091 8319 7698 7917 8141 8007 7558 7893 7749 7821 8097 7517 7760 8287 8533 7549 8209 7800 7667 7872 8043 8316 7356 7902 7798 7697 8091 7706 8116 7711 8004 7556 7177 8178 7767 7473 8116 7766 7677 7765 7783 7288 7723 7853 7545 7456 8578 7720 7651 7287 8146 7714 8053 8071 7961 8114 8034 7743 7770 7979 7681 7875 8305 7056 7634 7522 7852 7700 7518 7484 7409 7980 7322 7410 8138 8322 7796 7980 7676 7496 7312 7294 7574 7610 7093 8414 7924 7530 8043 7652 7680 7323 7977 7123 7409 7574 8174 7703 7791 7779 7737 7930 7800 8171 7938 7958 7917 7740 7855 7457 7920 6966 7929 7743 7471 8476 7794 7921 7956 7911 7339 7750 8161 7970 7830 7599 7953 7241 7736 8011 7745 7809 7847 7584 7674 7496 7471 7775 7620 7558 7924 7935 7350 8191 7481 7933 7944 7969 7655 7714 7409 7708 7328 7606 7484 8117 7155 7967 7655 7765 7957 7410 7605 7687 7571 8009 7905 7919 7787 7157 6976 7650 7985 7764 7521 7981 7420 7855 7780 7808 7530 7606 8558 7800 7746 7854 8051 7390 7915 7642 7302 8305 7432 7269 7767 7996 8028 8037 8109 7522 8021 7526 8073 8159 7849 7826 7297 7837 7853 7786 7450 8533 7624 7709 7509 7696 7832 8016 7758 7637 7773 7636 7584 7428 7577 7809 7527 7624 7904 7820 7528 7874 6870 8009 7812 7297 7936 7410 7983 7650 7945 7501 8055 7727 7647 7842 8289 7901 7809 8051 8013 8215 7859 7283 7814 7725 7909 7937 8039 7483 8185 7362 7901 8003 7536 7804 8033 7737 7780 8073 7506 7433 7645 7402 7607 7845 7548 8296 8148 7635 7146 7587 7634 7885 8005 7625 7648 7781 7565 7694 7836 8008 7633 8112 7221 7559 7894 7870 7820 7825 8113 7617 7904 7353 7457 7874 7967 7956 7824 7712 7550 7946 7526 7901 7870 7273 7422 7897 7581 7524 7977 7535 7565 7771 7597 6974 7626 7487 7603 8021 7545 7542 7693 8025 7735 7572 7563 7464 8031 7486 7297 7946 7185 7861 7677 7588 7467 7619 7739 8069 7453 7840 7817 8171 8172 7668 7522 7440
8074 7892 7735 7685 7960 8323 7674 7120 7820 8025 7800 7447 7571 7905 7510 8105 8221 7532 7490 8276 7981 7334 7932 8258 8028 8008 7393 7401 8003 8022 7490 7829 7599 7694 7454 7730 7139 8204 7907 7703 7335 7582 7621 8291 7429 7729 7875 7648 7491 7697 7590 7719 8030 7686 7999 7793 8462 7792 7947 8105 7533 7707 7961 8253 7646 7623 7875 7241 7816 7604 8234 7912 7477 7723 7286 8113 8179 7622 7794 7511 7619 7924 7729 7439 7928 7866 7639 7611 8207 8008 7780 7336 7789 7470 7793 8080 7988 8257 8155 7439 8173 7705 8054 7848 7831 7219 7735 7742 7787 7756 7547 7554 7655 7911 7526 7281 8171 8181 7533 7712 7896 7283 7196 7370 7935 7561 7524 7975 7730 7899 8040 8070 7759 7657 7618 7296 7453 7655 7874 7548 7874 7458 7972 8025 7831 7929 7618 7819 7753 7679 8609 7495 8099 7485 7802 7964 7539 8338 7862 7694 8204 7899 7480 8025 7755 7839 7641 7502 7958 7672 8014 7880 7699 8012 7671 7663 7872 7459 7519 7612 7843 7731 7756 8143 7766 8151 7504 7604 8278 7932 7365 7592 7596 8217 7519 7557 7804 8061 7332 8106 7812 7439 7647 7479 7695 7768 8031 8044 7894 7741 7937 7161 6492 7717 7826 7955 7517 8061 7317 7993 7539 7754 7647 7756 8367 8027 7645 7792 7821 7445 8010 7453 7428 8066 7712 7417 7965 8292 8157 8141 7841 7540 8129 7637 8131 7833 7965 7918 7621 8002 7950 7832 7610 8164 7882 7821 7727 8058 7645 7852 7844 7437 7735 7603 7615 7620 7980 7969 7690 7770 7959 7945 7342 7654 7072 8170 8054 7669 8133 7287 7839 7769 8156 7445 7944 8048 7661 8008 8358 7579 7828 7784 7858 8083 7944 7103 8000 7849 7882 7534 7922 7556 8397 7491 7650 8007 7748 7986 8251 7428 7757 7698 7618 7203 7695 7356 7380 7693 7503 7983 7778 7781 7277 7704 7824 7629 7691 7556 7373 7827 7478 7515 7644 7859 7501 7922 7162 7273 7474 7827 7710 8021 8086 7894 8032 7397 7745 7763 8047 7830 7972 7688 7541 7980 7692 7762 7479 7284 7538 8017 7693 8001 7863 7772 7469 8021 7896 7304 8041 8031 7483 8012 7982 7766 7734 7691 7620 7379 7522 7734 7861 7303 7358 7702 7668 7939 7634 7847 7343 7778 7371 7536 7490 8111 7837 8094 7966 7599 7725 7203
8373 8146 8087 7559 7786 8548 7824 7566 7569 8388 7692 8061 8192 8112 7928 8182 8092 7510 7592 8057 7996 7305 8176 8305 8084 7594 7750 7894 8502 8290 7553 7911 7892 7956 7644 7759 7410 8206 8123 7629 7408 7958 7638 8382 7908 7942 8132 7826 7760 7876 7176 8067 8506 8017 8188 8152 8290 7764 8263 8221 8233 7748 8452 8066 7595 7961 8239 7808 7926 7898 8106 7906 7973 7621 7551 8203 7849 7816 7744 7601 7640 8184 7936 7614 7769 7673 7996 7877 8202 8328 7806 7555 7936 7536 8211 8220 7961 8373 7946 7637 8399 7817 7871 7741 7661 7517 7904 7572 7946 7921 7451 7824 7703 8333 7547 7492 8101 8453 8227 7944 7909 7877 7241 7846 8170 7879 7651 8539 8531 7692 8277 8210 7706 7570 7744 7671 7315 8091 7854 7766 8291 7757 7856 8215 7506 8358 7893 7966 7925 7867 8567 7566 8020 7672 7894 8060 7651 8360 8141 7859 8157 8029 7973 7822 8126 7786 8233 7895 8300 7915 7969 8169 8134 8087 7893 7567 7671 7301 7781 7883 8050 7522 8097 8368 8010 7969 7787 7748 8174 7932 7194 7552 7531 7835 7471 7834 8010 8281 7483 8204 7740 7846 7959 7923 7832 8048 7963 7755 8159 8357 7991 7687 7246 7783 8016 8024 7642 8052 7818 7976 7958 7572 7908 7633 8344 8020 8173 7849 7897 7280 8370 7710 7467 8442 7959 7656 8148 7844 8186 8483 8131 7681 8235 7728 7899 8390 7910 7910 7636 8036 7980 7722 7674 8624 7775 7923 7911 8242 7629 7955 7596 7453 7637 7794 8138 7607 7736 8168 7820 8104 8195 8152 7361 8063 7153 8245 7974 7911 8070 7220 8119 7507 8117 7526 7948 7992 7701 8349 8334 7879 8006 8161 8108 7836 7947 7610 8232 7973 7817 7708 7873 7447 8373 7467 7968 8109 7827 8038 8541 8145 8159 8251 7985 7838 7808 7834 7620 8270 7980 8221 7769 8172 7330 8043 7866 7760 8060 7583 7709 8251 7729 7720 7829 8081 7952 8360 7171 7567 7594 8022 8085 8085 7864 7650 7842 7850 8194 8329 8136 7872 8116 7981 7453 7744 8012 8092 7642 7643 7765 8206 7526 7877 8349 7765 7618 8199 7853 7584 7894 8127 8033 8255 7884 8241 7644 8003 7568 7554 7772 7954 8190 7797 7498 7921 7359 8355 7695 8159 7447 7605 7574 8135 7763 8407 7876 8042 8118 7597 7729 7072
8228 7677 8071 7622 8208 8202 7911 7660 7785 8556 7881 8028 8215 7810 8148 8109 8441 7389 7866 8468 8338 7554 8105 7900 8108 7653 7779 7916 8107 8018 7684 7733 7842 7820 7421 8009 7739 8238 7862 8031 7253 7861 7499 8694 8034 7965 7687 7672 7575 7962 7410 7666 8572 8038 8297 8129 8784 7571 8192 8140 7945 7782 8191 8189 7693 7966 8290 7883 7903 7530 8174 7839 7740 7896 7461 7955 8090 7695 7895 7866 7807 7935 7796 7825 8048 7771 7969 7757 7994 7822 8195 7798 7867 7812 7975 8243 7783 8486 8119 7585 8413 7643 8016 8374 8188 7606 7895 7742 7554 8125 7569 8062 7794 8306 7537 7296 8313 7987 7756 7867 7823 7719 7349 7771 8111 7738 7927 8557 8309 7937 8010 8428 8119 7444 8225 7584 7522 7985 7587 7464 7882 7578 7989 8220 7933 8423 8051 8142 8021 7918 8251 7390 8115 7523 7623 7789 7972 8018 7863 7677 8245 8383 7693 7986 7966 8203 8205 7669 8233 7402 8285 8253 7844 7935 7826 7807 7650 7331 7923 8202 7737 7665 8112 8432 7627 8160 7723 7821 7991 8376 7425 7709 7464 8349 7447 7744 8062 8198 7469 7794 7902 7882 8058 7686 7598 8036 8190 8195 8024 8076 7803 7488 6871 8145 8348 7886 7724 7682 7677 7818 7973 7914 7951 7960 8476 8237 8138 7859 7533 7701 8145 7514 7603 8199 8123 7733 7897 7952 8217 8231 8145 7527 8593 7866 8061 8156 7908 7970 8007 7754 7805 7707 7948 8633 7675 7705 7405 8045 7936 8318 7696 8108 8056 8113 7857 7393 7800 8205 7986 8113 8381 8096 7748 7904 7178 8275 8154 7856 8051 7255 8183 7628 8340 7610 7938 8004 7807 7875 8557 7715 7891 8083 8113 8217 8228 7610 8404 7882 8159 7783 7844 7717 8270 7817 8272 8211 7910 8205 8450 8105 8047 7949 7775 7494 7552 7756 7987 8246 8045 8334 7273 7800 7517 8092 7742 8142 8055 7793 7826 7982 7452 7899 8146 7997 7646 8119 6954 7551 7823 8130 8254 8319 8264 7623 7929 7519 8185 8085 7951 7738 8180 8175 7572 7835 7863 7786 8074 7690 7445 8114 7421 8318 8666 7918 7598 8084 7750 7455 7750 8295 8088 7838 7849 7920 7586 8103 7887 7577 7823 7840 8605 7786 7828 7881 7422 8378 7741 7621 7582 7954 7774 8160 7376 8095 7813 8044 8180 7989 7609 7204
7970 8145 8059 7727 8053 8281 8140 7353 8147 8450 7877 8020 8234 8024 7953 8028 8590 7760 7646 8386 8377 7499 7974 8048 8052 8191 8004 7758 8227 8162 7916 8241 8086 8185 7746 7895 7838 8528 8200 7888 7832 8200 7793 8510 8406 8388 8174 7884 7730 7942 7474 8005 8201 8480 8076 8128 8687 8068 8609 8460 8188 7995 8305 8521 8080 8035 8004 8169 8082 7876 8299 8205 7867 7866 7496 8139 8212 7983 7978 8237 7920 8474 8306 7942 7887 8135 8044 7893 8343 8208 8001 7698 8169 7817 8395 8366 8277 8245 8344 7839 8227 7724 8128 8482 8080 7694 7767 7694 8014 8061 7784 7768 7610 8652 7869 7496 8305 8440 8283 8439 8099 7853 7820 7998 8095 7680 7670 8672 8423 8040 8103 8171 8059 8423 8069 7679 7309 7813 7890 7707 8136 7873 7952 8358 7971 8716 7929 7974 8006 7932 8292 7427 8249 7697 8108 8062 7767 8891 8227 7812 8522 7906 7812 8170 8413 7971 7882 7775 8189 7714 8327 7887 8064 8074 7878 8096 8165 7759 7949 8162 7790 8046 7908 8269 7701 8392 7832 8031 8613 8402 7692 7945 7961 8110 7788 8154 7954 8394 7464 8435 8004 7985 8043 7870 7996 8061 8112 8115 8095 8205 8077 7725 7170 8145 8109 8346 7700 8325 7673 7898 7771 7790 8029 8233 8780 8134 8027 7891 8179 7533 8171 7913 7749 8493 7985 7681 8059 8286 8304 8458 8458 7767 8324 7838 8674 8643 8411 8020 8132 8187 8098 7760 7858 8732 7965 7885 8086 8000 7818 8142 7807 8053 8060 7734 7968 8049 8127 8094 7806 8169 7958 8286 7848 8183 7552 8123 8270 8093 8474 7581 8307 7649 8072 7702 8251 7983 8000 8487 8535 8076 7811 7949 7929 8067 8403 7449 8141 8102 7862 8053 8262 7930 8474 7927 8272 8473 8038 8450 8585 7986 8368 8088 7898 7837 8078 7683 8015 8171 7724 8353 7852 8145 7438 7997 8238 7969 8316 7850 7450 8173 7526 7619 8261 7996 7886 8406 7436 7550 7896 8289 8133 8297 8350 7931 8080 7572 8002 8172 8117 8217 8142 7826 7930 8295 7786 8145 7878 7389 8065 8226 7588 8212 8294 8055 7855 8090 7990 7533 7823 8135 7979 8081 7837 8225 8137 8416 7838 8019 8057 7960 8380 7458 8080 8263 7990 8572 8055 8041 7731 8025 7850 8150 8044 8385 8112 8035 8378 7925 7845 7757
7747 8149 7729 7550 8009 8411 7951 7334 7237 8113 7967 7419 7788 7813 7556 7671 8094 7578 7615 7636 7988 7350 7924 8193 7553 7632 7548 7730 8289 7685 7787 7901 7696 7686 7493 7689 7520 7736 7984 7731 7443 7618 7396 8116 7702 7812 7984 7920 7679 7785 7192 7783 8009 7938 7858 8055 8427 7752 8158 7812 7952 7625 7883 8036 7635 7702 7831 7461 7804 7444 7901 8034 7898 7391 7487 7808 7706 7646 7752 7769 7822 7961 7731 7715 7730 7495 7681 7612 8191 7720 7895 7323 7795 7296 8307 7966 7913 7700 8336 7595 7848 8069 7847 7698 8105 7358 7875 7305 7775 7859 7207 7619 7348 7682 7428 7256 7942 8164 7825 8046 7928 7475 6855 7726 7632 7515 7610 8209 8432 7474 7933 7746 7569 7652 7879 6902 7505 7471 7889 7519 8031 7853 7586 7916 7952 7931 8165 7909 7612 7694 7994 7369 7897 7244 7385 7625 7866 8211 7835 7615 8145 7719 7455 7854 8037 7789 7659 7560 7787 7413 7507 8057 7612 7880 7972 7613 7674 7507 7752 7899 7444 7744 7944 8160 7689 8089 7588 7670 8124 8142 7212 7585 7323 8132 7449 7670 7425 8172 7568 7782 7715 7888 7509 7597 7599 7849 8107 7712 7750 7872 7958 7358 7042 7998 7647 8075 7674 7646 7617 7704 7833 7705 7798 7564 8420 8001 7744 8071 7907 7618 7919 7734 7212 8151 7714 7586 7945 8063 7951 7618 8063 7720 7983 7433 8549 7987 8049 7379 7623 7842 7597 7179 7602 8217 7467 8013 7851 7934 7662 7899 7739 7560 7582 7782 8003 7658 7702 7900 7476 7838 8088 8216 7753 7588 7237 8048 7819 7506 7900 6851 7822 7567 7783 7296 7878 7958 7472 7713 8201 8103 7942 7974 8049 7674 7675 7240 7961 7541 7869 7512 8009 7900 8444 7394 8142 8035 7863 8052 8323 7900 7641 8022 7827 7706 7722 7738 7828 7836 7620 8046 7758 7497 7467 7683 7552 7539 8038 7405 7662 8119 7339 7352 7665 7970 7653 7967 6953 7546 7213 7821 7672 7647 7937 8085 7940 7546 7533 8136 7684 7749 7878 7730 7342 7617 7849 7655 7881 7606 7487 7928 7293 7863 8258 7870 7583 7851 7819 7475 8013 7700 7476 8075 7625 7866 7698 7740 7753 7511 7961 7612 7977 7345 7510 7992 7589 7928 7496 7689 7549 7800 7332 8119 7438 7977 7551 8069 8356 7670 7463 7326
7821 7833 7742 7360 7918 8235 7499 7242 7728 8375 7728 7521 8006 7988 7666 8014 8288 7149 7632 8103 8396 7173 8107 7953 7881 7629 7596 7876 7811 8223 7274 7845 7819 7599 7297 7512 7438 7890 7679 7653 7544 8087 7318 8092 7691 7913 7879 7793 7627 7836 7360 7877 8298 7958 7785 7938 8644 7841 8354 8075 7859 7530 7930 8046 7456 8044 7816 7911 8302 7543 8026 7761 7784 7171 7465 7895 7714 7875 7964 7659 7427 7617 7943 7477 7697 7788 7624 7461 8126 7931 8023 7359 8153 7335 7847 7715 8041 8347 8079 7629 8191 7853 7893 8151 7681 7525 7530 7603 7507 8006 7392 7509 7430 8152 7620 7470 7826 7999 7943 8033 7677 7615 6889 7493 7752 7698 7477 8101 8183 7907 8009 7943 7730 7684 7974 7265 7165 7511 7522 7446 8013 7827 7728 8084 7838 7873 8025 7910 7477 7744 8063 7429 8127 7023 8025 7427 7508 8381 8203 7581 8142 7606 7487 7898 7970 7915 7923 7611 8072 7566 7992 8077 7664 7866 8077 8021 7900 7122 7271 7812 7889 7994 8063 8143 7484 7861 7513 7749 8119 8126 7247 7929 7518 7956 7299 7548 7919 7964 7663 8093 7659 7697 7983 7626 7746 7921 7953 8010 8016 7798 7755 7251 7248 7582 7814 7717 7842 8001 7577 7786 7787 7591 7615 7928 8523 7794 8195 7947 8047 7387 7921 7636 7471 8287 7441 7463 7925 7767 8125 8075 8367 7237 7847 7278 8344 7988 7993 7660 7649 7977 7809 7498 7151 8513 7632 7915 8025 7916 7708 7901 7941 7539 7677 7746 7562 7651 7621 8211 7485 7783 7890 8133 7341 7649 7120 7648 8005 7766 7882 7111 8046 7574 7865 7606 7948 7981 7857 7819 8211 7770 7784 7907 8404 8102 7883 7373 8246 7671 7742 7644 7832 7644 8294 7271 8056 7708 7650 8121 8444 7724 7590 8062 7401 7404 7621 7686 7559 7867 7756 8023 7687 7848 7315 7663 7962 7841 7690 7626 7563 8205 7569 7132 7643 7917 7535 8127 7145 7336 7785 7885 7886 8245 8014 7870 7692 7711 7890 7995 8229 7681 8151 7459 7477 7966 7397 7381 7767 7677 7425 7859 7386 7899 7914 7857 7570 7657 7824 7165 7763 7691 7592 7701 7763 7598 7651 7799 7550 7816 7703 7623 7961 7694 7524 8064 7343 8141 7731 7793 7455 7500 7161 8033 7645 7842 7648 7992 8137 7558 7586 7379
7790 8072 7720 7316 8041 8470 7618 7618 7912 8111 7722 7950 8233 7894 7721 8059 8486 7557 7449 8245 8218 7381 7925 8146 8088 7965 7674 7727 8000 8112 7398 7792 7978 7667 7372 8066 7617 8255 7937 7819 7507 7911 7558 8158 7802 8080 7996 7712 7413 8074 7264 7963 8201 8170 7865 8151 8528 8091 8234 8463 8022 7854 8380 8132 7545 7682 8028 7682 7814 8009 8002 7828 7778 7811 7869 8122 7990 7779 8003 7783 7621 8093 7658 7494 7793 7729 7973 7680 8266 7801 8350 7510 7808 7458 7856 8018 8161 8258 8174 7826 8199 7991 8005 8075 8045 7102 7963 7557 7790 8051 7582 7995 7806 8226 7676 7488 8123 7892 8010 8028 8141 7406 7245 7404 7859 7861 7703 8491 8203 7641 8106 8257 7918 7825 7861 7432 7243 7832 7604 7570 7861 7761 7908 8148 8142 8121 8067 8068 7684 7695 8644 7082 7705 7681 7935 7795 7654 8405 8053 7615 8551 7877 7693 7961 8083 7833 8186 7347 7922 7528 7960 8255 7598 7990 7711 7945 7824 7672 7434 7884 8000 7837 7855 8073 7934 8001 7744 7826 8276 8204 7173 7516 7403 8297 7550 7777 7710 8066 7945 7806 7711 8050 7573 7856 7951 7948 8188 8074 7858 8141 8008 7561 7169 8181 7921 7933 7564 7819 7868 7763 7665 7588 7629 7975 8479 7877 8156 8217 7865 7373 8191 7594 7431 8302 7946 7581 7946 8392 8224 8226 8172 7598 7989 7637 8049 8211 7908 7661 7787 8155 7755 7586 7762 8425 7617 7688 7792 7961 7611 8224 7360 7747 7853 7922 7982 7501 7434 7927 7783 8142 7972 7868 7759 7951 6926 7974 8230 7800 8033 6990 8270 7519 8146 7647 7903 7911 7742 7859 8319 7766 7732 8128 8413 7946 7845 7631 7894 8163 8115 7800 8240 7700 8156 7813 7882 8201 7406 7827 8335 7993 7737 8485 7506 7765 7692 7450 7631 8172 7592 8225 7577 8009 7336 7931 7612 7726 7725 7999 7714 8069 7575 7900 7767 7965 7577 7981 7075 7578 7737 7676 7785 8042 8278 7723 8051 7913 7973 7648 7817 7992 8033 7862 7673 7575 7499 7836 7506 7752 7780 7940 7423 7627 8629 8041 7798 8041 8163 7116 7879 7572 7933 8108 7768 7713 7674 8069 7732 7759 7821 8001 8039 7828 7468 7792 7322 8059 7833 8158 7621 7734 7609 8194 7765 7931 7803 7837 7675 7861 7805 7316
8231 8245 8117 7619 8130 8425 7951 7682 7927 8686 8243 7825 7991 8117 7964 8113 8390 8046 7881 8508 8464 7623 8240 8340 8178 8041 7958 8094 8098 8634 7731 8048 8055 8232 7583 7845 7713 8580 8233 7995 7706 8132 7917 8506 8114 8152 8085 7889 7810 8258 7600 8384 8301 8432 8161 8192 8973 8054 8760 8256 8138 8169 8601 8429 8041 7990 8612 8502 8485 7732 8385 8462 8085 8056 7892 7902 8314 8407 8221 8073 8070 7939 8063 7760 8326 7823 8025 8057 8372 8026 8317 7632 8216 7778 8233 8413 7979 8712 8394 7934 8483 8232 8090 8194 8194 7613 7969 8117 8071 8191 7704 8336 8077 8358 7981 7777 8402 8652 7920 8288 8500 7878 7955 7590 8120 8217 7405 8737 8744 8252 8554 8323 8423 8022 8400 7867 7303 7785 8049 7807 8622 8085 8306 8662 8094 8314 8211 7855 7966 8014 8171 7956 8352 7789 8244 8194 8347 8540 8235 7882 8609 7964 8123 8219 8464 8144 7827 8052 8249 8081 8401 8205 8032 8068 8142 8048 8267 7916 7981 7755 7954 7890 8014 8312 7958 8606 8173 7980 8842 8465 7853 8075 8007 8220 7852 8212 8339 8073 8256 8663 8157 8154 8006 8224 7958 8498 8366 8196 8570 8618 8008 7526 7398 8017 8060 8159 8225 8759 8075 8226 7659 8078 8271 7848 8693 8108 8242 8111 8204 7679 8334 7684 7864 8733 8153 7940 8318 8326 8726 8594 8999 7900 8226 7850 8285 8420 8558 8291 7792 8347 8129 7891 7797 8713 7964 7923 7942 8120 8025 8328 8110 8319 8208 8380 8344 8001 7883 8431 8084 8315 8590 8258 7751 7985 7484 8368 8215 7930 8276 7578 8293 8156 7972 8045 8367 8007 8012 8457 8759 8176 7907 8167 8361 8456 8588 8033 8011 8198 8372 8372 8331 8023 8735 7814 8214 7937 7976 8305 8566 8227 8193 8400 8028 8213 7937 7787 8072 8631 8152 8459 8242 8186 7723 8548 8364 8142 8384 8035 7807 8276 7539 7999 8084 7765 7988 8439 7442 7643 8188 8183 8243 8311 8252 8258 8057 7957 7836 7986 8612 8109 8012 7854 7934 8309 7848 8274 7792 7716 8125 8427 7799 8079 8494 8174 7891 8322 7885 7471 8470 8313 7953 8236 8260 7830 8032 8196 8509 8044 8285 8336 8392 8093 7801 8031 7746 8576 7921 7991 7930 8134 7341 8518 7817 8255 8440 8101 8427 7847 7773 7878
8576 8334 8094 8627 8739 8504 8357 7784 8137 9125 8599 8169 8248 8452 8287 8761 8900 8066 8225 8842 8376 8006 8324 8275 8267 8084 8336 8310 8645 8441 7878 8080 8203 8295 7835 7981 8142 8330 8366 7918 7823 8320 7953 9232 8252 8667 8411 8336 7988 8091 7943 8576 8752 8532 8471 8549 9377 8401 8717 8705 8476 8304 8377 8848 8013 8475 8216 8504 8717 8079 8387 8304 8466 8154 7784 8695 8261 8124 8091 8258 8032 8489 8244 7716 8231 8416 8319 8189 8948 8338 8440 8045 8469 8086 8744 8520 8260 8848 8874 8404 8673 8486 8304 8575 8381 7635 8143 8213 8764 8233 8021 8500 8109 8783 8346 7744 8651 8828 8182 8606 8131 7992 7960 8085 8560 8216 7899 8879 8888 8030 8953 8334 8225 8116 8786 7975 8099 8345 8404 8101 8334 8263 8225 8536 8423 8769 8253 7940 8243 8177 8904 8109 8557 7774 8236 8439 8117 9177 8689 8123 8500 8260 8288 8420 8664 8421 8102 8062 8715 8097 8376 8503 8261 8522 8396 8118 8472 8048 8023 8624 8068 8300 8212 8964 8088 8275 7954 8384 8550 9016 7903 8045 7964 8479 7965 8331 8167 8426 7677 8500 8177 8351 8338 8281 8159 8346 8437 8275 8456 8242 8384 8093 7685 8147 8284 8519 8187 8542 7767 8619 8419 8561 8324 8331 9185 8583 8344 8389 8622 7863 8548 8105 7745 8762 8278 8075 8299 8610 8907 8901 8709 7980 8568 8361 8504 8704 8557 8140 7773 8548 8563 8435 8128 8955 8339 8335 8537 8739 8066 8451 8509 8334 8130 8098 7870 7973 8331 8309 8275 8649 8510 8509 8039 8231 7743 8578 8302 8264 8505 7920 8533 7966 8262 7741 8459 8203 8330 8645 9257 8550 8482 8663 8636 8411 8231 7634 8440 8427 8316 8412 8798 8152 8955 8212 8268 8377 8599 8594 9052 8121 8285 8300 8382 7988 8143 7744 8214 8428 8101 8556 8546 8448 7899 8429 8058 8392 8504 8273 8338 8331 7924 8000 8357 8374 8441 8690 7629 8340 8179 8591 8682 8568 8637 8343 8393 7970 8621 8492 8139 8121 8520 7883 8206 8408 8170 8319 8047 7803 8126 8563 8383 8449 8822 8012 7968 8667 8055 7778 8460 8114 8266 8496 8481 8343 8276 8537 7935 8447 8105 8223 8714 8062 8171 8365 8145 8522 8403 8399 7978 8152 8264 8258 8419 8520 8230 8547 8588 8122 7768 7665
8760 8662 8654 8706 8621 9186 8488 8014 8207 8727 8645 8160 8400 8629 8329 8876 8565 8018 7940 8917 8716 8332 8806 8508 8195 8254 7923 8357 8737 8572 8078 8537 8786 8550 8006 8051 8214 8658 8664 8370 8016 8762 8082 8811 8582 8548 8667 8584 8284 8554 7975 8595 8857 8654 8551 8534 9229 8325 8769 8595 8386 8600 8595 8959 8213 8682 8722 8398 9037 8241 8660 8434 8621 8350 8234 8888 8290 8471 8719 8516 8589 8647 8405 8030 8369 8681 8343 8235 8763 8721 9023 8303 8439 8372 8806 8754 8317 8972 8804 8193 8861 8456 8459 8625 8532 7872 8427 8297 8182 8493 7938 8501 8518 8880 8165 7613 8544 9015 8397 8726 8475 8126 7644 8112 8689 8059 8385 9174 8929 8268 8733 8540 8162 8335 9211 8005 7889 8531 8383 7998 8905 8440 8144 8513 8418 9166 8604 8530 8613 8375 8583 8106 8885 8108 8527 8607 8299 9160 8864 8146 8826 8530 8083 8497 8284 8916 8776 7971 8730 8173 8517 8701 8556 8196 8452 8521 8565 8172 8228 8397 8219 8546 8568 8764 7852 8882 8155 8403 8973 8636 7885 8155 8267 8731 8162 8424 8354 8771 8300 8957 8507 8355 8426 8292 8553 8278 8503 8286 8666 8688 8426 7824 7687 8360 8508 8725 8594 8553 8001 8538 8342 8692 8644 8389 9130 8750 8868 8832 8651 8299 8696 8166 8217 8930 8475 7981 8140 8622 8937 8844 8841 8109 8634 8348 9019 8435 8646 8310 8329 8898 8678 8186 8023 9048 8562 8217 8264 8592 8484 8724 8450 8686 8155 8512 8587 7965 8112 8658 8513 8675 8776 8538 8212 8827 7654 8442 8584 8315 8635 7918 8756 8074 8665 8401 8867 8798 8576 8499 8854 8494 8419 8458 8908 8955 8380 7995 8797 8562 8405 8454 8855 8561 8915 8216 8589 8746 8383 8500 8994 8439 8354 8611 8494 8032 8208 8033 8042 8774 8419 8790 8331 8421 8207 8377 8595 8431 8500 8338 8158 8767 8277 8679 8620 8165 8190 8837 7767 8125 8285 8436 8345 8916 8813 8519 8738 8356 8591 8759 8885 8627 8911 8270 8191 8708 8230 8849 8216 8206 8708 8461 7845 8682 8832 8385 8057 8733 8524 7805 8709 8540 8374 8643 8245 8304 8116 8645 8323 8055 8362 8328 8763 8318 8285 8908 8037 8698 8595 8451 8220 8039 8136 8813 8392 8421 8229 9156 8536 8272 8111 7985
8237 8380 8400 8142 8089 8477 8349 7705 7760 8793 8279 7819 8183 8468 8175 8508 8571 8130 7920 8612 8298 7715 8465 8148 8419 8279 7956 7981 8418 8422 8072 8510 8264 8221 7502 8033 7783 8757 8378 7875 7481 8271 7748 8630 8106 8444 8118 7945 7825 8097 7677 7977 8598 8522 8412 8628 8808 7989 8834 8443 8324 7933 8268 8386 7822 7743 8295 7963 8316 7974 8290 8056 8185 8313 7707 8674 8059 8058 8171 8078 7969 8337 8261 7880 8071 8129 8078 8095 8650 8374 7848 7702 8248 7913 8509 8461 8192 8441 8521 7870 8353 7970 8165 8071 8278 7325 7724 7826 8131 8054 7752 7657 7688 8283 7572 7499 8336 8594 8125 8301 8151 7610 7753 7971 8082 7721 7687 8810 8311 7939 8488 8249 8331 7704 8196 7527 7905 8138 8230 8102 8176 8299 8072 8090 8143 8398 8049 8005 8353 8052 8658 7432 8399 7858 8128 8363 8095 8769 8445 8148 8219 8317 8101 8179 8262 8427 8369 7760 8149 7993 8242 8451 8452 8370 8234 7850 8382 7891 7933 8486 7853 7942 8353 8724 8170 8135 7778 7880 8438 8857 7537 7773 7769 8752 7852 7924 7958 8513 7758 8310 8071 8202 8103 8056 8057 8358 8362 8021 8011 8042 8233 7717 7535 8147 8399 8252 7852 8129 7935 8178 7930 8065 8345 8261 9046 8497 8129 8062 8251 7597 8617 8090 7871 8193 8134 7857 8383 8440 8569 8659 8259 7747 8593 7790 8445 8442 8515 7958 8235 8420 7848 7872 7949 8746 8154 8021 8118 8357 7882 8376 7813 8513 7912 8321 8291 7685 8060 8131 8027 8277 8349 8505 7869 8009 7240 8233 8269 7863 8565 7485 8355 8022 8573 7471 8119 7968 8090 8237 8867 8239 8432 8347 8478 8237 8315 7620 8232 8378 8264 7812 8512 7909 8649 7856 8253 8544 8342 8128 8523 8281 8001 8148 8018 7537 8070 8045 8137 8511 8048 8603 8188 7904 7431 8393 7778 8155 8312 8007 7789 8316 7324 8064 8429 8275 8077 8486 7422 7972 7906 8190 8210 8172 8329 8071 8179 7642 8327 8359 8075 8027 8043 8253 7913 8214 8120 8360 8247 7739 8060 8257 7668 8280 8814 7939 8248 8489 7880 7529 8049 8482 8224 8153 8001 8311 7840 8398 7900 8026 8119 8179 8712 8088 7808 8274 7697 8420 8039 8185 7929 7928 7502 8176 8151 8657 8148 8224 8263 8251 7757 7583
8422 8238 8038 8131 8174 8482 7820 7853 8087 8734 8123 7994 8253 8271 8112 7985 8633 7930 7868 8247 8541 7877 8492 8058 7985 8116 7865 8312 8472 8310 7536 8359 7946 8103 7675 7913 7842 8035 8466 8447 8062 7888 7577 8426 8188 8291 8480 8160 7901 8111 7895 8268 8524 8387 8348 8183 8799 8067 8510 8410 7994 8093 8266 8488 8030 8322 8457 8116 8327 7826 8512 8089 8289 7528 7717 8622 8009 8132 8149 8009 8223 8466 8168 7569 7966 8158 7906 8390 8540 8358 8519 7706 8283 7821 8294 8560 8154 8568 8435 8156 8131 8422 8182 8130 7952 7383 8198 8094 7734 8011 8006 8083 8206 8770 8211 7395 8407 8555 8121 8460 8059 7980 7596 7785 8328 8049 7874 8698 8610 8033 8602 8240 8424 8124 8430 7788 7418 8153 8005 7917 8484 8267 8208 8443 8088 8467 8435 8201 8417 7975 8514 7917 8474 7339 8155 8298 8296 8681 8436 7846 8577 8341 7828 8396 8501 8291 8367 7710 8439 8054 8211 8020 7990 8261 8001 8291 8193 7905 7966 7973 7987 8506 8285 8275 7988 8626 7888 8604 8575 8459 7676 8056 7657 8432 7568 8317 8077 8608 7856 8429 7900 8320 7945 8131 7783 8131 8173 8076 8106 8544 8252 7961 7666 8343 8179 8113 8274 8241 7611 8556 8171 8124 8240 8163 8788 8304 8021 8289 8350 7721 8268 8222 7625 8366 8179 8074 8089 8563 8653 8472 8711 7871 8366 7840 8555 8405 8588 8051 7639 8461 8274 7737 7651 8660 7941 7881 7753 7972 7972 8181 8331 8467 7985 7957 8222 7861 7806 8243 7940 8301 8282 8340 7910 8078 7724 8262 8106 7868 8335 7582 8366 7905 7927 7880 8287 8069 7922 8317 8972 8433 8419 8426 8240 8206 8008 7800 8318 8290 8459 8479 8530 8274 8635 7977 8278 8365 8106 8207 8907 8327 7922 8429 7867 8046 7844 7986 8113 8257 7656 8376 8317 8551 7499 8211 8330 8024 8351 8025 7859 8433 7864 8110 8067 8136 7623 8253 7144 7900 8044 8461 8111 8203 8486 8075 8272 7947 8152 8294 8545 8106 8522 7883 8140 8298 7808 7920 7887 7734 7899 8042 7638 8168 8333 8072 7828 8051 8265 7394 8204 8151 8180 8209 8138 8475 8226 8002 8029 8125 8084 8163 8394 7921 8192 8193 7511 8550 7826 8067 7699 8175 7929 8404 7667 8006 8034 8284 8312 7970 7935 7755
8232 8447 8492 7868 8063 8809 8034 7671 7729 8475 8029 7935 8489 8311 8294 7983 8638 7814 7890 8054 8205 8037 8455 8620 8267 8165 7736 8095 8344 8521 7712 8215 8203 7987 7874 8225 7448 8111 8053 8305 7780 8355 7912 8206 7956 8299 8075 8096 7732 7917 7572 8102 8482 8817 8392 8184 8655 8159 8532 8535 8294 8179 8382 8419 8075 7913 8557 7950 8261 7953 8631 8058 8022 7807 7944 8220 7904 8009 8106 8265 8061 8436 8317 7697 8124 8119 7993 7869 8630 8171 8148 7658 7932 7961 8291 8392 8306 8678 8667 7973 8524 7963 8058 8156 8282 7568 8143 8216 8049 8236 8010 7974 7977 8510 8435 7589 8010 8794 8170 8061 8083 7877 7595 7739 7991 7815 7789 8529 8757 8171 8572 8242 8149 7978 8044 7718 7464 8087 7993 8016 8501 8326 7924 8506 8066 8228 8389 8027 7996 8095 8541 7709 8464 7745 8237 8020 7934 8303 8373 7928 8261 8107 8152 8196 8383 8202 7986 7407 8212 7988 8219 8392 8261 7875 8234 8212 8387 7998 7621 8233 7812 8218 8315 8269 8288 8428 8004 8255 8613 8609 7849 7933 7860 8541 8116 7930 8109 8277 7789 8359 7998 8124 8064 8183 7891 8298 8322 8035 8222 8418 8357 7799 7527 8353 8286 8399 7920 8311 7581 8200 7913 7932 8316 7994 8598 8417 8060 8106 8081 7686 8382 8030 8138 8472 8203 7977 8400 8460 8650 8278 8580 7878 8273 7917 8390 8389 8068 8323 8102 8192 8212 7877 7920 8729 7654 7842 7725 8354 7761 8119 7908 8194 8067 8200 8358 7783 7896 7870 8221 8484 8276 8128 8001 8236 7530 8445 8275 8139 8241 7751 8359 8170 8233 7834 8200 7879 7869 8041 8810 8055 8071 8576 8330 8270 8106 7707 8502 8293 8165 8129 8425 7832 8633 7897 8342 8459 8183 8461 8738 8339 8198 8595 7942 7903 8158 7850 7800 8384 7807 8675 8327 8119 7497 8362 8276 7844 8460 7950 7918 8772 7965 8149 8098 7980 7980 8495 7224 7962 8133 8280 8220 8119 8795 8296 8173 7984 8428 8473 8239 8258 8192 7784 8028 8288 8063 8334 7868 7905 8096 8016 7698 7971 8772 7916 8043 8366 8165 7430 8290 8246 8163 8221 7957 8322 8263 8066 7840 7869 8328 7909 8705 7916 8236 8315 7556 8378 8074 8018 7891 8039 7592 8393 8111 8191 8031 8131 8232 8256 7829 7780
8710 8111 8473 8392 8643 8969 8220 7893 8026 8955 8348 7983 8396 8414 8199 8488 8537 7819 8242 8445 8540 7863 8582 8377 8220 8405 8249 7933 8518 8746 7813 8322 8192 8235 8204 8119 7925 8386 8428 8088 7985 8246 8215 9155 8245 8723 8518 7872 8220 8547 7729 8488 8597 8616 8539 8601 9157 8487 8810 8635 8645 8608 8882 8467 7767 8258 8652 8089 8521 8134 8644 8122 8530 8439 8027 8488 8224 8160 8228 8308 8036 8689 8655 7629 8243 8449 8521 8125 8998 8208 8604 8067 8181 8282 8323 8680 8171 8504 8632 8312 8547 8271 8232 8162 8241 7638 8229 8108 8316 8385 8034 8055 8169 8736 8219 7806 8338 8654 8116 8242 8631 8182 7650 8064 8548 8386 7819 8906 8864 8167 8595 8403 8409 8265 8809 8069 7684 8054 8313 8214 8529 8293 8420 8390 8001 8850 8402 7909 8101 8037 8728 7986 8141 8126 8328 8184 8245 8486 8529 8068 8860 8294 7971 8378 8606 8493 8398 7904 8661 8223 8344 8834 8178 8471 8311 8211 8080 7969 7923 8170 8234 8424 8674 8745 8107 8674 8146 8252 8740 8678 7941 8457 7806 8686 8010 8499 8119 8446 8033 8760 8482 8266 8188 8254 8294 8168 8329 8238 8419 8463 8383 7720 7938 7991 8211 8585 8255 8751 7814 8664 8216 8045 8209 7931 8973 8413 8395 8552 8428 7861 8658 7860 8116 8659 7875 8049 8385 8448 8201 8788 9078 7966 8404 8201 8896 8585 8504 8568 8104 8564 8447 7970 8148 9149 8113 8285 7902 8412 8347 8613 8278 8398 8175 8246 8215 8296 8279 8392 8352 8594 8742 8260 8346 8359 7758 8613 8325 8469 8554 7920 8458 8017 8479 7863 8243 8300 8055 8395 8765 8755 8364 8638 8887 8210 8346 8139 8297 8028 8258 8366 8691 8429 8543 7945 8362 8425 8360 8551 8957 8481 8211 8600 8541 7977 8393 7967 8080 8358 8202 8851 8194 8388 7922 8542 8189 8217 8294 8381 7976 8318 7977 8307 8317 8389 8150 8484 7393 8288 8353 8239 8579 8366 8470 8443 8213 8010 8424 8387 8281 8228 8547 8088 7794 8214 7925 8535 8261 7906 8184 8505 7662 8101 8909 8176 8215 8561 7955 7979 8483 8475 8347 8559 8242 7943 8133 8460 8101 8005 8010 8323 8706 7960 8095 8207 7965 8795 8148 8169 8047 8298 8251 8441 7998 8351 8269 8504 8789 8471 8121 7633
8200 8111 7961 7715 8201 8496 8167 7543 7516 8431 7987 7685 8169 8349 7986 8225 8622 7691 7797 8193 8360 7950 8190 8327 7960 7551 7775 7902 8436 8370 7625 7990 8092 7879 7277 7827 7883 8345 8095 7976 7659 8158 7595 8275 8047 8072 8158 8045 7773 8222 7828 8429 8562 8204 8167 8402 8696 8023 8438 8320 8025 8286 8455 8404 7856 8366 8373 8156 8472 8009 8216 8175 8034 7800 7676 8343 8099 7938 7982 7746 7587 8329 7944 7874 7907 8243 7743 7864 8588 8248 8413 7815 8254 7728 8245 8015 7876 8259 8036 7984 8393 7960 8007 7980 8092 7335 7637 7731 8064 8054 7620 7823 7886 8379 7872 7480 8249 8445 8248 8228 7874 7996 7457 7738 8073 7884 7598 8713 8348 8006 8445 8295 7945 8010 8325 7601 7686 7919 8005 7926 8265 8087 8034 8418 8286 8304 8241 8001 8111 8112 8642 7662 8302 7829 8002 8034 7817 8508 8142 7742 8468 8167 8039 7960 8451 8341 8171 8010 8327 7809 7833 8041 7997 8101 8111 8057 8221 7633 7791 8089 7900 7747 7894 8065 7873 8467 8009 8265 8443 8408 7442 7995 7574 8294 7570 7977 7895 8300 7763 8238 7854 7978 8166 8210 8163 8047 7920 8004 8437 8436 8196 7502 6881 8049 8174 8177 8053 8137 7663 8191 7848 7769 8332 7746 8682 8136 7912 8065 8128 7612 8489 7890 7331 8576 8027 7486 8244 7996 8449 8644 8296 7915 8360 7968 8580 8383 8422 7925 7722 8606 7690 7787 7731 8762 8253 7890 7962 8177 7896 8121 7910 8052 7930 8009 8351 8075 7951 8235 7993 8358 8365 7984 8172 8142 7495 8053 7887 7630 8421 7415 8656 8061 8227 7898 7848 8092 7938 8278 8370 8113 8144 8316 8249 8117 8426 7632 8248 8206 7990 8277 8094 7795 8349 7785 8393 8346 8153 8473 8739 8100 8184 7852 7975 7509 7812 7961 8086 8241 7786 8364 7865 7903 7609 8244 8156 8159 8263 8120 7992 8170 7577 8001 8069 7935 8253 8388 7186 7927 8106 8133 8186 8070 8269 8335 8087 8055 7955 8063 7948 8000 8446 7833 7903 8211 7862 8037 7783 7976 8121 8260 7841 8153 8467 7673 7962 8168 8016 7566 8004 8158 7983 8493 8031 7921 7678 8051 7833 7761 7883 8020 8720 7992 7868 8108 7644 8242 8119 7875 7646 7822 7960 8119 8026 8231 7808 8268 8349 8093 7580 7559
7919 7640 7629 7633 7698 8187 7875 7308 7661 7925 7512 7496 7446 7607 7206 7847 7877 7173 7059 7999 8063 7221 7852 7695 7370 7385 7564 7313 7682 7611 7498 7321 7723 7212 7224 7276 7525 7826 7290 7532 7207 7785 7116 8122 7544 7836 7711 7397 7528 7823 7074 7761 8005 7814 7750 8057 8429 7321 8077 8199 7942 7558 8043 8030 7597 7646 7891 7576 7972 7452 7777 7520 7431 7445 7495 7808 7756 7370 7715 7482 7594 7666 7925 7377 7841 7941 7610 7736 7895 7843 7913 7329 7435 7222 8046 7656 7913 7820 8105 7169 7961 7619 7490 7644 7873 7066 7350 7665 7481 7669 7275 7651 6955 7610 7559 7367 7727 7712 7774 8065 7506 7281 7003 7517 7572 7615 7561 8109 7939 7459 8082 7659 7389 7481 7562 7376 7232 7485 7699 7410 7655 7732 7770 7544 7439 8124 7541 7670 7572 7392 8051 7211 7641 7168 7495 7882 7424 8224 8095 7944 7924 7704 7556 7621 7641 7859 7612 7476 7916 7275 7895 7733 7507 7545 7432 7613 7411 7358 7546 7800 7693 7534 7772 7921 7345 7818 7232 7655 7668 7907 7262 7799 6840 7861 7214 7517 7548 7831 7305 7790 7775 7691 7493 7408 7525 7476 7735 7467 7589 7724 7617 7257 7237 7577 7650 7455 7619 7803 7247 7481 7588 7942 7460 7561 8285 7635 7684 7815 8042 7134 7729 7058 7350 7870 7347 7040 7782 7697 7846 7820 7777 7560 7574 7248 8088 8093 7599 7533 7384 7982 7602 7261 7343 8355 7248 7721 7901 7990 7639 7953 7090 7415 7430 7382 7910 7494 7644 7690 7600 7682 7914 7946 7469 7716 6909 7528 7910 7377 7928 7150 7705 7671 7645 7225 8017 7832 7461 7635 7994 7523 7930 7854 7999 7647 7634 7500 7946 7617 7641 7626 8075 7358 7975 7442 7898 7974 7846 7830 8048 7741 7739 7597 7571 7474 7731 7418 7282 8194 7254 7884 7536 7326 6999 7565 7554 7516 7678 7625 7308 7995 7103 7666 7894 7465 7539 8013 6871 7361 7520 7670 7673 7643 7917 7504 7593 7438 7718 7880 7781 7644 7995 7863 7188 7433 7071 7622 7493 7711 7545 7938 7317 7554 7980 7533 7339 7699 7596 7383 7659 7503 7491 7714 7606 7634 7806 7922 7367 7802 7693 7914 8002 7327 7345 7769 7201 7878 7522 7585 7278 7221 7071 7660 7521 7736 7488 7599 7702 7438 7207 7138
7223 7348 6973 7267 7656 7539 7134 6716 6981 7747 7378 6942 7517 7143 6959 7409 7477 7036 6877 7360 7517 6799 7278 7358 7301 7282 6995 6788 7709 7368 6747 7432 7283 7140 6746 7183 7030 7519 7180 7412 6693 7190 6890 7708 7064 7552 7574 7451 7053 7036 6974 7019 7709 7433 7056 7241 7661 7133 7483 7292 7245 6998 7442 7631 7040 7153 7709 6864 7406 7131 7587 7510 7087 7047 6995 7407 7101 7142 7388 7163 7244 7288 7467 7083 7171 7107 7082 7095 7587 7351 7156 6966 7085 7254 7470 7444 7244 7435 7446 7140 7613 7450 6797 7400 7353 6912 6809 7228 7195 7132 7005 7092 7108 7729 7270 6770 7444 7867 7085 7671 7324 7177 6969 6922 7146 6980 6647 7748 7852 7234 7268 7275 7042 7182 7405 7024 7019 7362 7227 7182 7217 7052 7103 7494 6953 7387 7308 7097 7228 7297 7242 6909 7701 6943 7269 7201 7075 7817 7486 7072 7436 7200 7376 7363 7543 7431 7244 7058 7434 7014 7115 7526 7148 7173 7052 7035 7336 7017 7053 7222 7070 7216 7486 7276 6883 7516 6963 7160 7219 7283 6826 7080 6779 7029 7055 7153 6970 7241 6931 7330 6769 7104 7185 7014 7001 7268 6912 7104 7195 7325 7302 6983 6764 7421 7208 7520 6950 7623 6758 7446 7074 7262 7110 7101 7924 7046 7349 7431 6968 7018 7081 7094 6914 7751 7119 7277 7233 7421 7503 7387 7537 7001 7325 7352 7923 7357 7714 7296 6676 7406 7355 6958 7077 7700 7045 7067 7554 7289 6859 7669 7211 7608 7545 7142 7035 7222 6935 7192 7093 7173 7355 7524 6911 7155 6739 7486 7160 7324 7548 6977 7432 6999 7314 7120 7099 7332 7114 7885 7806 7582 7267 7080 7725 7358 7084 6914 7525 7333 7314 7537 7549 7153 7418 7113 7226 7486 7054 7470 7473 7019 7138 7242 7047 7031 6974 6962 6928 7365 7044 7521 7481 7140 6796 6995 7660 7269 7159 7146 7117 7293 6969 6831 7222 7294 7090 7742 6760 7113 6970 7365 7476 7357 7677 7424 7373 7001 7197 7483 7280 7429 7296 6995 7139 7684 7020 7297 6792 6938 7203 7288 6909 6858 7789 7150 7017 7223 7122 6664 7316 7104 7265 7823 7035 7095 7104 7173 7084 7391 7369 7075 7600 6872 6834 7394 6933 7444 7227 7127 6876 7046 6652 7214 6820 6865 7026 7369 7704 7166 6965 6917
8190 8416 8479 8204 8786 8879 8503 7969 7684 8890 8160 8035 8231 8308 8168 8325 8578 7925 7940 8709 8671 7968 8611 8507 8115 7992 7953 7966 8646 8213 7995 8346 8206 8442 7602 8329 7761 8499 8501 8055 7868 8289 8110 8643 8345 8472 8535 8575 8285 8403 7747 8637 8675 8358 8625 8470 9152 8322 8647 8589 8493 8206 8846 8323 8223 8241 8563 8199 8754 8082 8465 8137 8140 8309 7909 8269 8245 8139 8435 8251 7999 8465 8760 7598 8192 8452 8485 8138 8684 8022 8495 7918 8161 8056 8450 8722 7979 8834 8491 8214 8659 8329 8205 8469 8485 7659 8050 8008 8388 8565 7895 8075 7812 8720 8097 7674 8564 8734 8294 8329 8342 8241 7644 7921 8385 8143 7835 8756 8437 8321 8832 8275 8587 7829 8479 8008 7684 8207 8228 8184 8697 8565 8037 8252 8309 8486 8558 8427 8173 8562 8604 7955 8431 7793 8677 8407 8265 8575 8244 8293 8576 8492 8039 8274 8743 8880 8292 8009 8373 7856 8320 8791 8296 8453 8136 8465 8323 8053 7898 8180 8289 8301 8719 8588 7754 8719 8361 8035 8387 8819 7877 8399 7877 8647 7701 8122 8210 8227 8156 8512 8434 8331 8529 8412 8082 8389 8190 8501 8560 8489 8188 7787 7664 8469 8641 8575 8411 8368 7881 8639 8468 8203 8216 8314 8798 8337 8503 8588 8264 7826 8688 7873 7852 8503 8263 7992 8567 8299 8046 8391 8736 8136 8614 7977 8793 8668 8406 8583 7969 8223 8110 7755 8086 8931 8409 8287 7926 8202 8211 8514 8473 8396 8306 8402 8509 7846 8218 8630 8210 8259 8320 8300 7907 8270 7512 8426 8428 8180 8526 7410 8681 8139 8458 7933 8410 8340 7990 8239 8831 8615 8508 8648 8509 8768 8557 8012 8339 8531 8642 7922 8399 8360 8660 7794 8608 8450 8614 8373 8881 8293 8006 8662 8410 7895 8063 8290 8126 8683 8466 8714 8064 8320 7930 8597 8564 8214 8432 7984 8019 8464 7882 8341 8514 8137 8246 8609 7625 7824 8042 8418 8407 8646 8588 8347 8297 8169 8408 8334 8317 8490 8595 8070 8127 8257 8146 8360 8294 8120 8228 8415 7918 8203 8863 8525 8312 8435 8417 7699 8363 8716 8315 8468 8482 8093 8066 8351 8326 7894 8292 8446 8915 8070 8228 8224 7978 8602 8281 8296 8357 8112 7908 8737 7940 8369 8355 8780 8730 8161 7985 7565
8729 8155 8520 7812 8319 8543 7897 7811 7939 8646 8272 8286 8570 8308 8156 8724 8488 7679 7944 8520 8793 7646 8391 8241 8320 8380 7987 8308 8647 8654 7840 8382 8480 8556 7668 8265 7801 8133 8172 8163 7669 8243 7849 8731 8137 8362 8287 8319 8030 8441 7697 8327 8620 8935 8275 8552 8960 8411 8618 8616 7990 8394 8556 8571 8035 8150 8399 8354 8695 7910 8647 8484 8272 8101 8074 8386 8496 8129 8364 8163 7999 8333 8183 7669 8490 8188 8343 8216 8594 8272 8483 8078 8560 7872 8433 8376 8221 8767 8455 8193 8507 8279 8333 8676 8544 8072 8295 8051 8193 8241 7854 8128 8290 8732 8118 8169 8597 8631 8122 8644 8422 8203 7730 8302 8234 8003 7854 8885 8674 8089 8742 8469 8329 8272 8461 8212 7692 8227 8558 8320 8612 8039 8155 8209 8125 8424 8301 7942 8069 8052 8765 7605 8293 7838 8491 8115 7869 8723 8274 8076 8568 8305 7957 8370 8524 8406 8380 7869 8598 8095 8252 8619 8079 8428 8029 8280 8103 7868 8215 8291 8363 8191 8304 8684 8317 8476 8019 8330 8692 8471 7915 8003 7729 8816 8140 8498 8335 8362 8227 8504 8060 8075 8601 8338 8114 8461 8355 8259 8472 8476 8314 7683 7723 8220 8772 8323 8156 8378 7777 8343 8552 8375 8173 8399 8772 8445 8552 8305 8316 7843 8481 8117 7707 8672 8025 7948 8341 8838 8411 8453 8497 8120 8746 8256 8626 8348 8276 8220 7717 8464 8261 8133 7780 8898 7992 8306 8324 8486 8171 8468 8038 8366 8167 8366 8245 8088 8329 8255 7993 8423 8529 8613 7892 8293 7750 8365 8178 8340 8303 7672 8477 7905 8532 7855 8539 8092 8210 8289 8728 8299 8261 8438 8692 8329 8669 8063 8545 8261 8306 8544 8416 8199 8651 7958 8471 8680 8344 8401 8849 8442 8424 8810 8073 8027 7954 8151 7981 8680 7694 8865 8329 8486 8044 8188 8144 8394 8397 8119 8004 8324 8251 8134 8183 8029 8312 8512 7639 8158 8137 8230 8155 8596 8597 7899 8332 7918 8269 8174 8493 7995 8390 8376 7851 8366 8159 7941 7913 8201 8302 8372 7887 7997 8950 8098 8024 8490 8225 7839 8538 8321 8174 8409 8170 8325 8052 8280 8105 8033 8354 8343 8507 8006 8026 8534 7726 8520 7916 8117 8186 7823 7910 8644 8009 8483 8277 8490 8420 8457 7919 7834
8292 8221 8413 7855 8056 8384 7938 7492 7855 8616 7847 7869 8040 8035 8167 8042 8482 7822 7813 8609 8180 7663 8112 8156 8449 8103 7871 8095 8188 8557 7666 8068 8008 8098 7871 8122 7624 8078 7973 8083 7913 8423 7535 8561 7900 8044 8253 8206 7428 8181 7896 7983 8535 8458 8233 8434 8878 8000 8575 8434 7855 8006 8034 8632 7804 7816 8079 8260 8570 8025 8220 7923 8042 7886 7803 8246 8054 8039 8066 7900 7862 8178 8156 7498 8180 8161 7994 7744 8447 8136 8110 7595 8182 7587 8114 8259 7866 8524 8222 7890 8355 8188 7988 8163 8510 7361 8083 7809 8017 7996 7585 7916 8027 8171 7832 7553 8137 8236 8039 8057 8155 7873 7543 7922 8023 7356 7715 8611 8295 8062 8360 8275 7868 7774 8227 7331 7579 8084 8077 7902 8031 7691 8325 8108 7997 8316 8129 7994 7980 8112 8873 7331 8533 7898 8286 8093 7945 8529 8335 7932 8365 8036 7783 8043 8202 8147 8197 7670 8141 7669 8255 8563 8122 8216 7642 8096 8265 7723 7843 7831 7859 8032 8194 8375 8138 8422 7553 8163 8522 8479 7471 8015 7487 8437 7871 7804 8081 8170 7583 8070 7833 7576 8254 7985 7916 7917 8177 8056 8071 8191 7977 7533 7634 7684 7926 8164 7925 8388 7746 8014 7709 8013 7811 7999 8596 8403 8086 7961 7967 7512 8099 7926 7872 8000 7683 7656 8389 8140 8312 8270 8463 7980 8455 7931 8241 8341 7914 8169 7901 8361 8215 8058 7869 8861 8120 7803 7937 8171 7618 8519 7547 8246 7925 8178 7929 7694 7918 8078 8054 8069 8169 8349 7871 8158 6985 8181 8263 7837 8073 7664 8196 7788 8142 7626 7978 7836 7885 8161 8457 7913 8035 7827 8517 8070 8292 7802 7896 8214 8094 8158 8201 7833 8474 7538 7934 8431 8303 8049 8655 8084 8248 8447 8121 7758 7903 7608 7647 8435 7676 8056 7779 8042 7969 7970 8218 7997 8202 7977 7718 8160 7638 7922 7888 7956 8014 8195 7191 7851 7936 8137 8032 8257 8253 8277 8298 7639 8159 8134 7985 8037 8006 7856 7792 8277 7807 8120 7748 7724 7948 8327 7565 7658 8978 7989 7857 8059 7892 7496 7944 7839 7952 8266 8190 7900 7959 8006 7618 7913 7847 8088 8303 7999 7819 8279 7740 8159 8090 7892 7898 7823 7609 8337 8013 8148 8013 8345 8079 7959 7595 7580
8437 8383 8314 8302 8438 8706 8285 7796 8467 8739 8488 8164 8290 8361 8183 8504 8760 7951 7912 8773 8582 7991 8518 8606 8293 8218 8096 8148 8596 8329 8036 8100 8303 8258 7518 8043 7850 8491 8490 7949 7785 8341 7587 8720 8461 8390 8409 8041 7964 8498 7658 8263 8641 8498 8474 8568 9062 8404 8887 8458 8497 8258 8765 8539 8262 8357 8394 8361 8729 8251 8662 8340 8487 7936 8138 8558 8277 8120 8589 8401 7986 8596 7999 7959 8630 8296 8252 8445 8722 8258 8714 8047 8354 7932 8410 8602 8306 8653 8842 8201 8533 8395 8193 8525 8521 7723 8046 8143 8371 8370 7907 8234 8413 8593 7776 8074 8807 8746 8482 8518 8451 7762 7585 8349 8709 7981 7918 8831 8767 8227 8817 8717 8426 8224 8407 7776 7621 8241 8281 8121 8723 8298 8109 8356 8365 8486 8658 8591 8227 8220 8880 8056 8403 7865 8342 8407 7925 8931 8537 8183 8722 8021 8237 8440 8576 8317 8371 8002 8495 7864 8289 8521 8481 8134 8401 7978 8086 7939 8329 8529 8339 8533 8507 8794 8194 8776 8189 8284 8512 8667 7781 8130 8007 8440 8210 8169 8416 8595 8031 8623 8080 8247 8424 8058 8458 8602 8614 8192 8575 8522 8638 7896 7489 8314 8409 8510 7971 8542 7899 8373 7987 8229 8231 8383 8780 8724 8548 8658 8250 8015 8633 8147 7685 8691 8257 8089 8517 8434 8915 8559 8781 8002 8781 8074 8819 8610 8672 8365 8173 8610 8530 8226 7670 8992 8184 8453 8030 8560 8053 8843 8265 8476 7990 8429 8327 8074 7949 8496 8332 8486 8408 8723 8049 8375 7555 8421 8502 8336 8479 7530 8624 7930 8466 8071 8324 8434 8400 8424 8801 8471 8166 8365 8745 8602 8632 8098 8523 8133 8322 8328 8355 8200 8794 7883 8270 8571 8300 8392 8787 8458 8582 8609 8063 7640 8077 7948 7901 8694 8182 8849 8402 8117 8025 8169 8423 8344 8584 8145 7943 8604 8244 8078 7970 8037 8351 8481 7541 7776 8286 8476 8302 8448 8572 8293 8528 8029 8305 8208 8539 8324 8357 8025 8015 8377 8086 8211 8127 8064 7822 8494 7980 8026 8603 8207 8148 8342 8190 7582 8530 8503 8350 8607 8148 8125 7840 8212 8292 8169 8247 7963 8663 8152 8121 8608 7790 8551 8189 8322 7998 8050 7943 8682 8089 8380 8416 8376 8877 8248 8085 7818
8675 8745 8504 8556 8730 9080 8392 7892 8721 9192 8967 8364 8484 8724 8698 8809 8859 8576 8111 8862 9086 8171 8834 8638 8766 8503 8188 8754 8858 8947 8421 8778 8496 8715 7721 8787 8405 8625 8642 8131 8400 8853 8387 9234 8787 8950 8950 8837 8360 8312 8246 8597 8891 8966 8918 8659 9259 8657 9052 8909 8579 8709 9043 8944 8666 8502 8551 8698 8767 8752 8632 8405 8450 8218 8192 9014 8644 8421 8680 8896 8668 8790 8576 8032 8635 8434 8494 8493 9166 8694 8715 8194 8494 8288 8745 8796 8414 9246 9044 8491 8978 8485 8508 8811 8749 8053 8627 8279 8384 8755 8616 8522 8660 9025 8606 8167 8719 9160 8443 8925 9007 8225 8258 8505 8857 8447 8427 9092 9152 8580 9145 8882 8395 8728 8931 7992 8191 8564 8579 8354 8933 8705 8434 9053 8562 8812 8573 8747 8871 8667 9293 8201 8764 8234 8787 8745 8552 9061 8882 8359 8793 8852 8628 8771 8872 8884 8625 8533 9036 8176 9017 8904 8698 8277 8438 8578 8633 8256 8474 8696 8559 8795 8809 8764 8320 9037 8146 8775 8953 8913 8070 8519 8166 8991 8096 9088 8695 8720 8302 8829 8747 8455 8572 8675 8321 8486 8696 8547 8816 8880 8741 8046 8124 8480 9075 8685 8729 8897 8124 8445 8690 8673 8738 8824 9316 8702 8833 8529 8955 8108 8950 8282 8411 9205 8388 8237 8917 8957 8949 8802 8904 8102 8918 8379 8967 8976 8977 8278 8477 8876 8478 8757 8449 9425 8467 8534 8516 8467 8838 8905 8472 8716 8527 8867 8823 8269 8305 8550 8483 8869 8867 8870 8531 8402 8103 8859 8661 8251 9061 7815 8925 8484 8941 8101 8651 8292 8499 8929 8891 8867 8863 8589 8986 8845 8752 8320 8870 8882 8668 8472 9158 8353 8738 8270 8940 8970 8570 8563 9097 8635 9047 8834 8695 8494 8577 8297 8695 8772 8366 8878 8497 8774 8119 8834 8413 8631 8751 8610 8273 8931 8314 8499 8675 8362 8348 8872 7697 8431 8409 8577 8702 8892 8960 8257 8900 8425 8967 8717 8744 8978 9086 8480 8314 8613 8429 8675 8285 7965 8733 8583 8421 8571 9050 8514 8310 8781 8590 7893 8677 8680 8301 8750 8541 8956 8704 8702 8486 8477 8455 8269 8910 8379 8381 8713 8368 8900 8334 8541 8365 8538 8137 8902 8234 8724 8817 8820 8525 8843 8295 8610
8476 8136 8363 7734 8169 8352 8103 7558 8054 8322 7987 7950 7946 7765 8240 8197 8714 7622 7758 8487 8370 7468 8437 7997 8160 7838 7949 8068 8482 8345 7539 8217 7712 8338 7520 8050 8146 8480 8102 7817 7704 8046 7551 8402 7819 8441 8262 8275 7688 8183 7600 7978 8478 8261 8143 8457 8848 8255 8333 8201 8124 7932 8255 8165 7855 7854 8746 8300 8399 7922 8246 7854 7936 7994 7874 8038 8159 7746 8017 7988 8014 8247 8052 7651 8214 8046 8317 7949 8449 8108 8146 7825 8283 7864 8193 8429 8147 8530 8217 7906 8227 8036 8210 8252 7938 7604 8236 7889 7895 7797 7870 8090 7639 8269 8055 7568 7982 8482 8111 8493 8053 7882 7355 8041 7979 7962 7865 8332 8527 8085 8466 8009 8463 8398 8394 7726 7520 7864 8322 7873 8112 7896 8475 8457 7835 8387 8149 7960 7753 7828 8696 7843 8046 7400 8201 8096 7833 8927 8517 7970 8633 8159 7860 8113 8442 8038 7862 7715 8269 8027 8148 8078 8027 8069 7980 8035 7954 7572 7902 7889 7959 8111 7955 8445 7895 8546 7868 8154 8529 8899 7691 7762 7583 8279 7497 8149 7897 8146 7643 8146 7889 7997 8185 8075 7998 8322 8133 8057 8158 8465 7883 7352 7434 7925 7945 8280 7830 8145 8004 8171 7931 7979 7946 8065 8901 7938 8194 8359 8117 8022 8135 7925 7483 8428 8002 7938 8316 8310 7915 8017 8907 7773 8077 8099 8405 8310 8206 8000 7735 7899 7862 7834 7839 8892 7943 8080 7759 7922 8066 8400 7814 7975 7895 8001 8071 7891 8022 8367 7849 8156 8374 8443 7590 8063 7370 8134 8016 8035 8182 7465 8143 7830 8298 7859 8233 8163 7723 8018 8689 8297 8103 8035 8143 7996 8340 7713 8211 8266 8258 7803 8361 8116 8192 7790 8112 8658 8308 8264 8657 7810 8166 8190 8040 7936 7473 7770 7843 7928 7940 8243 7759 8194 7716 8149 7975 8040 8337 7998 7760 8178 7459 7803 8489 8010 8334 8322 7616 7758 7779 7872 7909 8166 8224 7926 8084 7774 8146 8326 7914 8152 8300 7767 7968 8372 7746 8100 7880 7796 7741 7998 7632 7754 8404 8193 8300 8180 7909 7343 7967 7797 8133 8255 8076 8054 7993 8182 7732 8109 7632 8024 8642 7935 7721 7951 7506 8596 8329 8327 7968 7861 7602 8499 7730 8023 7990 8060 8154 8160 7744 7415
8178 8122 8292 7914 8355 8517 7887 7433 7700 8865 7979 7976 8046 8175 7949 8228 8495 7788 7697 8262 8236 7640 8642 7932 8045 7921 7917 7944 8184 8542 7684 8084 7665 7983 7362 8042 7755 8162 8086 7893 7873 7992 7594 8660 8065 8140 8320 8054 7985 8355 7815 8436 8243 8335 8160 8253 8880 8103 8348 8350 8474 8161 8445 8497 7545 8150 8205 8048 8133 7870 8113 8256 7840 7697 8071 8140 8096 7986 7880 8034 7913 8058 8385 7524 7982 8077 8128 7960 8525 8174 8142 7829 8097 7695 8357 8417 8070 8398 8308 7850 8506 8112 8039 8288 8295 7394 8105 7873 8039 8366 8006 7877 7940 8854 8191 7530 8212 8361 8054 8446 8053 7658 7702 7822 8183 8305 7785 8696 8397 7785 8509 8399 8073 7910 8491 7995 7706 8383 8024 7917 8022 8112 8102 8042 8028 8614 8153 7903 8066 8082 8769 7922 8223 7605 8234 8098 7858 8586 8160 7711 8547 8046 7932 8418 8416 8494 8099 7851 8405 7806 8319 8472 8301 8260 8097 8031 8173 7813 7947 8265 7763 8086 8439 8227 7939 8355 7938 7913 8439 8495 7364 7931 7637 8430 7826 7931 7937 8360 7961 8489 8153 7957 8228 8031 7912 8038 8138 8053 8334 8383 8513 7719 7831 8011 8212 8265 7600 8251 7621 8256 7972 8055 7649 8217 9061 8257 8161 8130 8429 7386 8348 7915 8008 8757 7789 7894 8176 8182 8419 8330 8430 8143 8419 7886 8109 8563 8121 7811 7712 8213 7930 7991 8163 8698 7877 8068 8097 8191 7723 8285 8036 8200 8159 7871 7873 7700 7905 8099 7918 8127 8121 8156 8039 8216 7248 8194 8023 7981 8065 7011 8360 7986 8321 7754 7811 7681 7916 8257 8425 7968 7833 8390 8172 8273 7986 7898 8063 8266 8037 7872 8637 7871 8414 7989 8100 8287 7961 8437 8421 8151 8044 8672 7899 7994 8197 7892 7800 8546 7969 8380 8145 8176 7690 8067 8030 7954 7918 8008 8044 7995 7750 7962 8253 8045 7709 8547 7251 7906 7819 7826 8135 8357 8263 8326 8203 7976 8285 8090 7997 8082 8503 8067 7664 8065 8125 7914 7920 7859 7971 8013 7448 7930 8715 8099 8019 8364 7947 7577 7875 8178 8288 8274 8055 7684 7527 8203 7721 7981 8044 8011 8259 7886 7989 8012 7761 7966 8041 8116 7863 7741 7852 8496 7690 8053 8536 8053 8306 8082 7619 7700
8958 8831 9160 8341 8901 9050 8532 8102 8318 9123 8617 8552 8719 8478 8526 8692 8952 8278 8060 8820 9009 8106 8811 8499 8558 8371 8188 8531 8905 8638 8205 8681 8347 8348 8296 8799 8411 8821 8479 8355 8128 8528 8265 9270 8650 8802 8602 8365 8237 8730 7862 8871 8844 8762 8857 9115 9383 8598 8834 8787 8822 8874 8843 8980 7989 8664 8529 8089 8978 8546 8776 8597 8802 8020 7879 8957 8648 8253 8682 8632 8704 8795 8636 8254 8426 8513 8349 8412 9137 8711 8968 8216 8659 8045 8683 8788 8400 9474 8829 8456 8821 8424 8577 8618 8838 7940 8535 8255 8564 8642 8014 8520 8341 9109 8483 8072 8984 8930 8784 8703 8519 8126 7887 8320 8677 8537 8237 9514 9021 8636 9134 8980 8741 8586 8602 8649 8173 8755 8992 8699 8799 8520 8449 8776 8707 9027 8396 8756 8460 8361 9366 8465 9017 8133 8938 8708 8312 9138 8867 8668 9048 8900 8710 8610 8817 8544 8557 8406 8784 8375 8532 8954 8525 8456 8375 8454 8659 8581 8299 8675 8751 8409 8830 9108 8411 8774 8250 8475 8879 9214 8345 8148 8167 8731 8074 8522 8112 9133 8058 8337 8502 8483 8392 8338 8573 8633 8311 8603 8296 9089 9151 8295 7894 8263 8720 8545 8500 8682 8412 8773 8797 8776 8542 8363 9416 8681 8666 9022 8510 8309 8795 8567 8100 8927 8154 8358 8666 9012 8985 8997 8974 8474 8891 8530 9126 8883 8771 8074 8277 8895 8899 8495 8081 9220 8318 8715 8526 8728 8210 9138 8854 8796 8453 8373 8530 8486 8452 8624 8668 8835 8842 8738 8336 8497 8000 8698 8519 8716 8830 7931 8690 8283 8782 7998 8715 8478 8310 8686 9314 8671 8623 8625 8637 8817 8950 8274 8712 8868 8640 8487 8941 8342 9235 8288 8986 8503 8850 8676 9415 8631 8554 8974 8612 8264 8426 8063 8513 9004 8432 8807 8286 8812 8108 8992 8815 8585 8465 8450 8421 8822 8282 8672 8643 8595 8451 9077 7757 8513 8415 8382 8976 8727 9076 8524 8526 8227 8559 8474 8574 8374 8621 8792 8410 8543 8321 8550 8631 8209 8488 8432 7927 8386 8825 8723 8532 8518 8635 8106 8827 8278 8563 8689 8852 8568 8242 8938 8487 8207 8480 8622 8833 8324 8413 8840 8412 8757 8577 8269 8234 8554 8372 9028 8101 8753 8809 8628 8942 8515 8147 8068
8273 8024 8017 7846 8275 8237 7493 7234 7595 8526 8092 7498 8078 8157 7540 7938 8408 7407 7729 8137 8352 7610 8085 8031 8042 7897 7689 7917 8012 8063 7163 8062 7825 7628 7300 7621 7443 7785 7909 7619 7466 7834 7459 8254 8128 7777 8264 7815 7572 7749 7170 8233 8077 8045 8095 8114 8517 7829 8350 8155 8273 7610 8181 8054 7929 7922 8178 7951 8111 7826 8116 7907 7872 7528 7690 7663 7970 7786 7649 7594 7757 8249 8167 7711 7776 7999 7487 7686 8081 7887 7491 7624 7868 7384 7900 8077 7986 8310 8340 7211 8105 8071 7904 8100 8115 7135 7560 8081 7804 7948 7547 7887 7698 8617 7767 7472 7969 8132 8040 8119 7940 7562 7487 7659 7995 7859 7520 8638 8208 7922 8388 8253 7889 7712 8069 7415 7597 8139 7770 7775 7983 7921 7809 8544 7718 8484 7923 7508 7881 7874 8349 7652 8346 7349 7846 8008 7938 8664 8006 7806 8289 7752 8062 7958 8038 7935 8056 7703 8057 7481 8054 8083 7909 7757 7890 8137 8039 7480 7743 8041 7532 7988 8196 8273 7594 8184 7642 7930 8314 8096 7535 7580 7365 8097 7462 8040 7921 8178 7263 7708 7851 7886 8079 7707 7555 7837 7736 7447 8011 8034 7970 7308 7498 7711 8169 7949 7569 8090 7614 7815 7951 7784 8099 7607 8633 7923 7855 7968 7962 7512 8134 7619 7549 8285 7616 7568 8174 8088 8046 7955 8143 7517 8133 7644 8115 8180 8253 7856 7852 8078 7885 7679 7510 8601 7774 7968 7719 8048 7919 8029 7970 7775 7986 7366 8049 7892 7750 8008 8138 8194 8315 8054 7601 8266 7208 8015 7733 7830 7689 7260 8284 7445 7909 7593 7976 8006 7420 8321 8818 8182 8064 7730 8092 8018 8031 7378 8003 7811 8241 7750 8140 7498 8123 7731 8021 8211 8051 8140 8225 7662 8089 8266 7809 7485 7711 7657 7637 8321 7985 8341 8002 7988 7695 7614 8109 7673 8165 7495 7861 8144 7368 7846 7852 8101 7705 8398 7259 7696 7735 7749 8142 8030 7946 7482 7669 7715 7938 7767 7757 7801 7721 7825 7544 7997 7649 7787 7740 7643 7778 7993 7598 7798 8291 7770 7992 7970 8062 7003 7563 8245 8258 8418 7807 7492 7908 7619 7596 7870 7836 7928 8309 7677 8044 7977 7578 8203 7734 8048 7642 7664 7647 8390 7461 7769 7966 8163 8083 7863 7316 7349
8524 8231 8337 7943 8366 8548 8040 7835 8100 8524 8421 8069 8452 7942 8094 8377 8596 7746 7836 8468 8452 7962 8524 8598 8180 8017 8131 7927 8463 8367 7889 8209 8024 8163 7750 8240 8011 8365 8396 7987 7947 8213 7883 8322 8353 8333 8379 8152 8341 8393 7782 8318 8628 8246 8177 8626 8860 8355 8076 8338 8372 8144 8585 8638 8218 8397 8453 7987 8332 7929 8540 8185 7998 8156 8175 8264 8444 7855 8466 8023 8079 8398 8693 7547 8438 8007 8610 8075 8598 8357 8403 7922 8374 7986 8313 8285 8349 8614 8486 8247 8737 8043 8100 8407 8450 7597 8041 7969 8022 8197 7938 8132 7853 8785 8222 7687 8507 8501 8434 8649 8119 8163 7529 7962 8515 8207 7898 8745 8596 8110 8462 8017 8032 8385 8505 7746 7544 7934 8283 8123 8188 8201 8250 8414 7946 8648 8424 8235 8256 8170 8672 8094 8566 7982 8316 8283 7893 8873 8727 8120 8727 8505 8215 8170 8498 8151 7986 7860 8258 7845 8233 8641 8104 7973 8316 8043 8106 8051 7895 8352 8071 8438 7972 8795 7992 8208 7969 8314 8668 8455 8010 7733 7752 8420 7741 8471 7849 8355 7773 8660 8268 8168 8211 8163 8541 8225 8216 8189 8321 8568 8398 7883 7283 7829 8285 8528 7635 8338 7742 8500 7832 8390 7935 8191 9087 8422 8128 8587 8161 7778 8396 7950 7747 8441 7836 8078 8262 8527 8354 8377 8770 8029 8568 8322 8780 8506 8485 8266 8043 8382 8436 8151 8326 8807 7985 8002 8213 8516 7930 8693 7998 8164 7998 8356 8136 8020 8024 8457 8093 8439 8488 8561 8085 8188 7466 8316 8150 8129 8407 7894 8418 7911 8451 7843 8307 8391 8198 8388 9089 8504 8564 8572 8191 8243 8403 7884 8192 8357 8328 8241 8478 8095 8715 7962 8013 8529 8538 8516 8886 8056 8443 8505 8147 7948 8026 7797 8128 8201 8037 8587 8361 8667 7746 8152 8280 8328 8287 8274 7786 8409 7935 8313 8396 8373 8001 8489 7610 7850 7859 8020 8088 8510 8621 8173 8481 8214 8101 8023 8119 8333 8538 8170 8106 8513 8195 8322 8078 7862 7995 8648 7442 7977 8585 8417 7923 8363 7799 7539 8170 8231 8272 8517 7940 8293 8030 7978 7938 7961 8183 8199 8392 7979 7744 8404 7823 8622 8001 8257 7716 8033 8147 8868 7782 8327 8090 8381 8648 8020 8026 7506
8535 8589 8504 8103 8906 9031 8180 8197 8107 8968 8587 8585 8581 8627 8664 8713 9018 8078 8172 8547 8952 8198 8577 8638 8681 8248 8113 8453 8490 8823 8015 8641 8455 8496 8241 8527 8038 8759 8420 8410 8141 8593 7857 8952 8270 8549 8606 8417 8322 8418 8254 8612 8780 8716 8555 8595 9159 8670 8882 8799 8286 8439 8627 8927 8319 8553 8880 8497 8845 8347 8834 8622 8616 8435 8337 8660 8381 8214 8268 8235 8270 8716 8557 8070 8469 8486 8595 8364 8675 8476 8422 8163 8533 8145 8470 8822 8595 8847 8733 8292 8784 8321 8712 8436 8347 7838 8433 8165 8505 8595 7940 8505 8378 8879 8238 7859 8637 8516 8565 8584 8411 8290 7899 8626 8357 8141 8124 9179 9021 8174 8950 8730 8557 8484 8575 7862 8112 8505 8400 8313 8437 8462 8805 8599 8269 8814 8588 8314 8561 8382 9159 7883 8734 8035 8406 8406 8043 9247 8861 8409 8963 8544 8292 8351 8485 8649 8779 8004 8759 8217 8542 8819 8206 8721 8396 8563 8746 8335 7972 8423 8094 8651 8682 9036 8388 8883 8471 8821 8582 9048 7994 8598 8326 8950 8063 8382 8426 8802 8025 8423 8472 8438 8443 8559 8585 8570 8696 8299 8766 8711 8573 8050 7984 8285 8566 8700 8422 8443 8263 8836 8610 8587 8587 8370 8990 8553 8498 8432 8589 8272 9027 8375 7980 8838 8141 7998 8719 8702 8764 9025 8717 8170 8523 8691 9046 8711 8821 8471 8199 8758 8285 8157 8080 9436 8159 8734 8353 8543 8422 8727 8276 8594 8528 8608 8295 8213 8425 8636 8558 8875 8444 8719 8465 8551 7653 8276 8526 8475 8357 7801 8798 8048 8678 7926 8638 8700 8487 8883 9043 8397 8606 8857 8872 8499 8570 7993 8503 8789 8597 8275 8991 8674 8868 8076 8701 8652 8612 8712 9304 8691 8373 8745 8354 8123 8344 8118 8177 8536 8425 8823 8335 8599 8194 8463 8428 8347 8763 8414 8426 8791 8359 8242 8369 8763 7943 8758 7775 8454 8264 8666 8560 8510 8757 8251 8506 8054 8378 8769 8730 8336 8813 8198 8417 8698 8383 8532 8548 8338 8465 8670 7756 8488 8940 8397 8551 8865 8563 7845 8340 8453 8359 8848 8279 8400 8591 8695 8361 8537 8453 8479 9109 8055 8448 8736 8524 8792 8506 8544 8374 8319 8079 8987 8363 8772 8366 8513 8670 8703 8135 7738
8877 8276 8233 8099 8463 8479 8326 7909 8258 8703 8444 7903 8210 8398 8228 8447 8778 7930 7813 8724 8788 7944 8660 8759 8430 8393 8034 8043 8320 8461 7919 8521 8280 8524 7575 7991 7997 8412 8199 7936 7848 8468 7731 8895 8044 8485 8358 8116 8031 8568 7873 8569 8528 8164 8211 8438 9217 8409 8889 8497 8399 8362 8797 8412 8070 8414 8494 8182 8624 7907 8371 8431 8326 8060 7879 8571 8386 7980 8499 8223 7762 8687 8651 7645 8373 8286 8382 8241 9030 8408 8520 7802 8423 8279 8498 8741 8375 8790 8841 8050 8760 8280 8405 8491 8525 7407 8330 8171 7944 8179 7846 8330 7904 8608 7809 7738 8586 8705 8244 8553 8399 8252 7860 8073 8236 8065 7903 8916 8583 8028 8606 8703 8382 8171 8215 7551 8032 8083 8215 8054 8678 8421 8263 8924 8110 8674 8442 8055 7878 8063 8851 7892 8508 7669 8179 8037 8209 8932 8758 8124 8434 8367 8170 8218 8207 8585 8455 8075 8339 7735 8559 8563 8189 8235 7965 8401 8246 7757 8116 8265 8059 8410 8396 8818 7909 8567 7941 8422 8801 8393 7558 8229 8136 8469 7860 8020 8309 8127 7596 8613 8295 8226 8479 8129 8206 8535 8200 8243 8339 8204 8046 7416 7618 8301 8555 8246 8093 8617 7851 8238 8069 8395 8154 8308 8970 8403 8264 8311 8526 8201 8229 8031 7907 8580 7964 8130 8731 8357 8332 8495 8810 7845 8413 8221 8546 8655 8306 8488 8203 8458 8398 8138 8270 9222 8054 8154 7928 8242 8145 8445 8265 8467 8183 8051 7995 8098 8164 8202 8125 8304 8460 8756 8259 8409 7520 9000 8234 8104 8335 7841 8516 7983 8227 7934 8265 8310 8204 8413 8812 8306 8388 8112 8514 8451 8701 7726 8175 8309 8182 8203 8558 8169 8560 7864 8262 8498 8382 8471 8719 8288 8024 8667 8181 8012 8195 7661 8064 8625 8020 8733 8112 8228 7997 8037 8023 8036 8342 8114 8039 8683 8230 8288 8286 8149 8094 8483 7387 8128 8106 8188 8226 8699 8683 8146 8340 8166 8558 8323 8385 8190 8793 8011 8341 8493 8249 8420 8363 8285 8285 8647 7668 8489 8870 8474 8212 8288 8393 7461 8304 8606 8385 8714 8119 7890 8176 8304 8091 8001 8105 8187 8713 8102 8253 8309 7878 8609 8183 8525 8009 8066 8194 8692 7940 8444 8219 8225 8341 8406 7745 7967
8213 8174 8197 8346 8252 8569 8109 7671 7827 8509 7931 7871 8271 8119 8120 8296 8124 7802 7650 8316 8315 7703 8375 8281 8426 8161 7677 8048 8257 8378 7556 8089 8238 7887 7742 7797 8069 7906 8195 8004 7580 8135 7479 8435 7859 8172 8339 8054 7842 7822 7417 7883 8332 8270 8260 8404 8685 8059 8720 8493 7760 7899 8202 8454 7934 8113 8240 7961 8339 7810 8552 8261 7966 7958 7676 8149 7842 8043 7942 8053 8054 8262 8036 7406 7981 8145 7618 7897 8450 8274 8209 7656 8298 7685 8148 8134 8138 8183 8417 7853 8243 8043 8073 7886 7768 7735 7804 7681 7972 8042 7619 8051 8207 8269 7996 7147 8327 8607 7708 8183 8027 7728 7676 7730 8041 8164 7506 8697 8311 7817 8130 8294 7755 8122 8564 7743 7390 7785 8052 7606 8149 8000 8093 8148 8161 8292 8028 7902 8010 7879 8246 7685 8275 7656 7920 8151 8119 8673 8261 7943 8265 7706 7992 7610 7992 7905 8151 7913 8254 7572 8332 8621 8028 7895 8114 8110 7991 8009 7554 8307 7638 8156 8089 8475 7756 8466 7825 8282 8419 8340 7551 7931 7208 8228 7720 8220 7735 8177 7613 8199 8016 8142 8020 7980 8084 7920 8171 7930 8276 8064 8179 7733 7479 8349 8159 8205 7920 7960 7429 7981 8337 7993 7949 7637 8530 8000 8096 7839 8231 7765 8122 7921 7955 8683 7958 7360 8178 8113 8103 8414 8584 7734 8304 7981 8568 8171 8388 7908 7923 8534 8352 7596 7750 8509 8201 7891 7763 8142 8281 8329 7960 8141 7892 7908 8078 7977 7674 8003 8094 7996 8289 8203 8026 8083 7400 8295 8071 7835 8222 7673 8228 7952 8359 7799 8285 8374 8300 8319 8778 8170 7772 8162 8279 7943 8047 7685 8193 7886 8081 7914 8473 8054 8248 7835 8117 8166 8124 8335 8485 8059 7975 8082 7885 7705 7803 7980 7892 8481 7736 8242 7854 7902 7604 7967 7952 8118 8116 8077 7574 8102 7629 7920 8053 8105 7847 8524 7280 7910 8148 8123 8386 8132 8392 8102 7826 7761 8248 8225 7832 7836 8137 8113 7656 8314 7804 8276 7824 8268 8012 8105 7581 8075 8569 8128 8072 8273 7752 7380 8088 7905 7992 8419 8112 7973 8256 8205 7855 7865 7890 8106 8282 7968 7763 7810 7620 8163 8039 7881 7466 7655 7563 8359 7659 8005 8117 8149 8390 7945 7460 7512
8274 8187 8308 7953 8099 8986 7874 7524 7940 8493 8060 7969 8147 8447 7803 8291 8567 7475 7877 8152 8186 7887 8443 8171 7878 8135 7711 7750 7911 8098 8159 7847 7894 7625 7477 7956 7740 8322 8278 7997 7442 8101 7646 8607 8097 8344 8238 8056 7865 8222 7734 8154 8503 8473 8396 8327 8898 8111 8747 8215 8246 8015 8329 8402 7899 7998 8262 7760 8240 8061 8277 8019 7975 8068 7949 8435 7959 7818 8263 7892 7814 8028 8060 7827 7646 8013 7914 7909 8354 8036 7849 7764 8164 8107 8441 8490 8221 8325 8094 7777 8480 8127 7678 8141 8150 7247 7794 7751 8148 8090 8033 7774 7760 8415 7627 7226 8004 8394 8125 7972 7999 7906 7723 7683 8188 7864 7619 8526 8807 7876 8539 8290 7956 7841 8426 7535 7645 7956 7916 7843 8055 7998 8140 8413 8029 8324 7860 8006 8244 7884 8292 7554 8340 7549 8135 8092 7783 8850 8247 8194 8518 8183 7729 8284 7751 8110 8058 7537 8277 7702 8159 8270 8269 7947 8120 8232 8074 7430 7723 8250 7852 7805 8291 8376 7938 8374 7595 8050 8104 8447 7876 7973 7579 8560 7621 8075 8094 8249 7595 8203 7949 7963 7981 7652 8035 7984 8410 8312 8376 8366 7871 7624 7568 8275 8388 8040 7815 8040 7849 8208 7963 7991 8013 8109 8582 8050 8426 8194 8050 7703 8154 7866 7963 8362 8230 7729 8240 8372 8161 8225 8326 7710 7960 7838 8491 8240 8283 7753 7840 8258 7887 7904 7665 8577 7851 7938 7874 8284 7875 8305 7783 8356 7961 7934 8394 7890 7781 7989 7958 8059 8155 7983 8018 8206 7211 8272 8046 7680 8320 7631 8159 7637 8431 7592 8035 8144 7909 8175 8420 8260 8194 8277 8192 8274 8015 7587 8172 8103 8057 7775 8183 8040 8358 7570 8170 8495 7733 7994 8598 8099 7955 8239 7870 7687 7925 8002 7841 8086 8031 8620 8252 8077 7645 7799 7902 8116 8255 7862 7936 8207 7426 7978 8077 7964 7844 8476 7371 7768 7778 8074 8163 8396 8357 8122 8252 7770 7902 8191 7895 8024 8247 8172 7692 8003 7614 8052 7946 7791 7816 8046 7876 7825 8453 7619 7849 8445 8088 7358 7654 7917 8250 8487 7888 8012 8064 8185 7837 8003 7787 7977 8831 7961 7396 8039 7794 8361 7838 8102 8090 7887 7585 8337 8065 8163 8068 8131 8187 8193 7701 7315
8581 8349 8540 8178 8520 9096 8405 7866 7910 8674 8118 8107 8103 8329 7969 8326 8639 7414 7825 8389 8597 7941 8388 8519 8348 8239 7718 8134 8436 8401 7572 8012 8328 8356 7757 8346 7998 8535 8336 8170 7696 8473 7992 8578 8022 8114 8578 7849 7967 8215 7971 8277 8714 8272 8238 8314 8740 8292 8559 8246 8564 8244 8761 8771 8279 8189 8788 8061 8563 8032 8667 8154 8058 7987 8090 8690 8606 8066 8527 8267 8042 8486 8545 7725 8380 8357 8488 8107 8684 7936 8221 7511 8413 7832 8588 8483 8260 8691 8942 8013 8368 8427 8267 8285 8312 7703 8175 8176 8023 8374 7686 8414 7723 8434 8030 7799 8505 8660 8357 8261 8340 8031 7603 8050 8253 8041 7876 8998 8705 8283 8582 8542 8256 8439 8231 7859 7664 8437 7977 7900 8295 8547 8179 8328 8414 8635 8263 8377 8130 8335 8746 7825 8285 7910 8160 8356 8364 8572 8278 8063 8552 8252 8054 8361 8376 8595 8412 7756 8793 8066 8389 8654 7681 8205 8200 8179 8486 7723 8029 8690 7802 7957 8470 8718 8201 8848 8034 8448 8674 8434 7781 8182 7845 8680 7759 8368 8177 8300 7721 8389 8296 8002 8265 7944 8161 8341 8407 8309 8510 8381 8510 7980 7574 8629 8435 8567 7963 8214 7761 8355 8167 8313 8068 8065 9020 8564 8271 8187 8155 7513 8568 8030 8062 8570 8057 8150 8278 8437 8193 8579 8516 8282 8966 8002 8674 8379 8634 8574 8528 8637 8061 7964 7844 9031 8068 8317 8274 8627 8158 8338 8105 8185 8304 8235 8431 7979 8182 8421 8238 8310 8401 8252 8241 8468 7528 8597 8201 8070 8414 7750 8418 8013 8368 7861 8323 8186 8286 8248 8697 8501 8097 8304 8703 8556 8098 7818 8206 8371 8122 8319 8586 8087 8665 8054 8499 8669 8430 8651 8974 8318 8108 8466 8330 7882 8257 7949 7936 8671 8258 8638 8517 8311 7829 8335 8401 8285 8383 8339 7967 8697 8094 7928 8200 8408 7985 8403 7400 7868 8189 8264 8469 8218 8637 8129 8222 8265 8195 8595 8354 7858 8462 7991 8498 8283 8112 7981 8379 8150 7819 8202 7670 8472 8847 8642 8367 8687 8174 7453 8203 8301 8272 8364 8152 8121 8099 8034 8023 7893 8158 8357 8537 8087 7948 8389 8051 8347 8296 8355 8151 7968 7692 8635 8244 8431 8097 8163 8620 8514 7920 7617
8636 8721 8618 7931 8532 8760 8264 8074 8026 8820 8415 8340 8574 8790 8339 8697 8832 7987 8225 8581 8682 8020 8620 8684 8092 8412 7940 8315 8621 8761 8163 8621 8311 8390 8003 8394 7735 8474 8596 8329 7621 8437 8037 9139 8358 8809 8597 8552 8247 8590 7819 8376 8625 8803 8829 8869 9224 8448 8916 8917 8060 8687 8495 8585 8524 8292 8629 8442 8830 8432 9080 8471 8390 8283 8204 8536 8568 8441 8562 8318 8334 8669 8387 7810 8300 8423 8257 8580 8875 8536 8308 8079 8533 8395 8456 8758 8536 8862 8618 8482 8774 8597 8520 8707 8775 7713 8253 8268 8571 8434 8240 8226 8236 9084 8478 7974 8759 8698 8458 8411 8527 8252 7663 8212 8201 8263 7900 9137 9184 8172 8726 8523 8264 8557 8477 7948 7796 8347 8461 8332 8853 8245 8404 8729 8438 8811 8532 8128 8120 8435 8806 7790 8557 8201 8578 8578 8191 8873 8524 8566 8746 8452 7907 8172 8704 8860 8151 8038 8470 8094 8717 8938 8457 8523 8419 8305 8559 7859 8018 8374 8313 8471 8771 8630 8536 8787 8585 8262 8495 8766 8040 8414 7991 8730 8151 8306 8258 8677 8091 8903 8477 8116 8295 8331 8590 8680 8403 8495 8473 8492 8304 8011 7833 8384 8412 8450 8134 8583 8189 8618 8091 8253 8179 8411 9065 8563 8439 8364 8783 7512 8778 8425 8079 8697 8327 8046 8573 8749 8673 8496 8757 8355 8694 8436 8795 8735 8701 8320 8165 8495 8510 8373 8155 9012 8022 8365 8281 8594 8000 8816 8339 8470 8453 8735 8648 7863 8286 8419 8546 8646 8696 8571 8197 8535 7816 8492 8746 8402 8743 7739 8637 8167 8597 7794 8406 8532 8297 8549 8776 8336 8572 8601 8678 8605 8862 7888 8866 8526 8643 8731 8509 8417 8943 8218 8736 8714 8576 8441 9108 8655 8542 9034 8221 8106 8379 7975 8047 8390 8219 8929 8467 8654 8133 8275 8627 8394 8777 8131 8068 8524 8095 8359 8444 8254 8397 8727 7660 7835 8131 8431 8430 8313 8529 8433 8562 7992 8445 8376 8649 8448 8653 8290 8252 8302 8270 8226 8325 7944 8558 8509 8082 8553 9020 8779 8388 8733 8590 7663 8788 8406 8334 8472 8465 8439 8511 8396 8265 8421 8414 8403 8753 8453 8510 8771 8210 8594 8382 8394 8449 8198 7824 9014 8256 8402 8188 8544 8906 8561 8279 8043
8756 8248 8328 7865 8207 8898 8084 7711 8178 8876 8342 8161 8285 8524 8271 8367 8765 7617 7824 8576 8506 7872 8145 8441 8471 8129 7991 8282 8064 8537 7872 8151 7933 8204 7772 8178 8160 8225 8276 7874 7748 8687 7650 8711 8152 8089 8420 8009 7860 8363 8164 8375 8922 8544 8145 8077 8774 8325 8690 8581 8394 7970 8538 8585 8126 8008 8508 8566 8294 8400 8507 8094 8399 8165 7801 8231 8467 8162 7952 8277 8220 8582 8078 7841 8307 8110 8387 8547 8589 8202 8416 7914 8434 7997 8365 8376 8399 8814 8481 8217 8439 8230 8123 8283 8079 7555 8083 7864 8033 8394 8047 8080 7903 8661 8143 7970 8354 8777 8343 8558 8462 7730 7637 8038 8485 8319 8119 8717 8750 8339 8753 8162 8107 7934 8702 7741 7821 7822 8160 8117 8241 8401 8322 8504 8493 8570 8058 8314 8127 8165 8852 7712 8677 7844 8453 8332 8197 8805 8595 7887 8619 8161 8138 8224 8859 8362 8530 7969 8460 7967 8135 8401 8259 7775 8051 8200 8670 8116 8136 8223 8015 8132 8485 8725 7968 8506 8215 7986 8781 8655 7790 8230 7786 8253 7590 8315 8076 8506 8105 8497 8147 8112 8263 7879 8397 8196 8270 8163 8314 8516 8312 7612 7336 7926 8146 8403 8540 8887 8072 8228 8030 8163 8223 8149 8925 8321 8366 8271 8420 7799 8559 8148 7766 8328 8166 7811 8407 8548 8597 8283 8555 7824 8457 7835 8615 8308 8820 8278 8037 8521 8437 8073 7867 9041 8352 8043 7766 8251 8066 8562 8248 8071 7884 8068 8236 7992 7972 8397 8228 8415 8591 8301 7926 8206 7566 8261 8198 8333 8521 7738 8361 8137 8162 7938 8241 8259 8291 8401 8831 8382 8565 8346 8207 8308 8391 7830 8337 8116 8193 8289 8596 8247 8645 7720 8511 8404 8297 8189 8760 8287 8148 8081 8053 8165 8044 8100 8071 8231 8331 8674 8313 8358 7774 8075 8119 8351 8422 8157 7692 8336 7865 8112 8154 7798 7965 8227 7230 8277 7963 8132 8381 8520 8596 8276 8355 8008 8051 7830 8448 8293 8470 8318 7925 8492 7959 8327 7977 8056 7826 8520 8183 8140 8686 8147 8343 8330 8105 7444 8474 8226 7864 8344 8304 7909 8179 8317 7811 8088 8014 8311 8299 8133 8085 8259 7750 8676 8124 8193 7585 8144 7967 8761 8003 8398 8071 8574 8390 7710 7849 7469
8224 8495 8783 8081 8535 8722 8415 7947 7958 8952 8465 8152 8683 8774 8499 8361 8670 7849 8201 8509 8638 8373 9073 8800 8148 8218 8274 8237 8675 8649 8027 8609 8428 8251 8200 8379 7950 8476 8674 8223 7771 8537 8099 8862 8168 8608 8406 8766 8233 8512 7821 8812 8416 8843 8569 8423 8938 8216 8807 8806 8469 8476 8417 8752 7957 8265 8837 8413 8672 8271 8735 8264 8218 8182 8036 8330 8112 8384 8361 8324 8119 8428 8721 8114 8300 8275 8004 8378 8794 8469 8864 8025 8202 7815 8448 8800 8220 8925 8833 8114 8842 8283 8356 8133 8336 7811 8132 8301 8165 8368 8098 8095 7882 8910 8236 7781 8513 9006 8453 8437 8354 8045 7768 8179 8445 8186 7955 8975 9169 8377 8746 8527 8301 8055 8707 8061 7889 8211 8435 8072 8912 8258 8484 8362 8530 8853 8580 8325 8226 8460 8792 7890 8593 8026 8309 8459 8380 9199 8880 8035 8987 8488 8560 8550 8683 8631 8213 8185 8560 8101 8222 8824 8619 8259 8020 8495 8414 7661 7883 8311 8148 8410 8645 8931 7919 8565 8131 8413 8466 8929 8097 8268 7851 8102 8186 8334 8302 8671 8012 8252 8311 8306 8232 8314 8160 8441 8484 8325 8282 8724 8230 7943 7605 8471 8299 8887 8182 8314 7808 8242 8022 8593 8155 8258 8931 8330 8146 8318 8326 8190 8223 8036 8103 8742 8489 8343 8828 8631 8691 8485 8590 7977 8692 8456 9079 8341 8404 8417 8432 8182 8676 7867 8269 9072 8311 8062 8080 8193 8203 8576 8355 8349 8131 8151 8749 7831 8179 8312 8661 8617 8664 8462 8121 8852 7674 8640 8402 8222 8410 7487 8686 8121 8471 7868 8221 8467 8144 8460 8808 8582 8555 8259 8742 8694 8368 7984 8993 8612 8612 8382 8711 7981 8798 8178 8414 8435 8703 8600 9008 8384 8074 8852 8194 8210 8457 8141 8486 8597 8363 8640 8368 8407 7566 8301 8537 8379 8564 8568 8325 8676 8091 8191 8671 8126 8148 8443 7530 7883 8636 8353 8529 8968 8711 8431 8290 8037 8407 8524 8283 8543 8371 7874 7775 8134 8461 8420 8147 8271 8046 8656 8213 7905 8986 8279 8071 8619 8084 7805 8005 8294 8454 8418 8375 8325 8187 8647 8239 8090 8404 8619 9086 8163 8134 8364 7856 8608 8324 8769 8320 8137 7936 8771 7832 8663 8264 8514 8404 8451 7836 7939
8511 8391 7945 8094 8325 8657 8090 7860 7920 8613 8150 8195 8051 8361 8260 8073 8574 7744 7693 8003 8802 7772 8479 8428 8284 7989 7844 8153 8311 8256 7708 8041 8080 8225 7491 7652 7827 8388 8351 8171 7685 8121 7819 8394 8049 8525 8492 8360 7911 7923 7937 8181 8458 8079 8513 8795 8832 7987 8594 8386 8311 7990 8501 8601 8253 8262 8471 7847 8250 7997 8466 8409 7838 7900 7631 8173 8184 7653 8122 8165 8258 8197 8235 7790 7996 8366 8217 8059 8623 8252 8284 7852 7937 7950 8556 8356 8107 8407 8355 7939 8804 8033 8231 8386 8173 7581 8179 7878 8017 7950 7781 8006 7745 8371 8199 7716 8447 8609 8074 8264 8256 7693 7662 7967 8145 8119 7868 8717 8860 7900 8559 8661 7934 8214 8273 7724 7531 8205 8086 7679 8549 8063 8140 8428 7925 8441 8421 8005 8320 7889 8643 7940 8330 7886 8318 8238 7813 8596 8215 8078 8522 8309 8282 8034 8051 8460 8116 8438 8264 7850 8452 8463 7929 8333 7880 8193 8107 8128 7823 7870 7905 8149 8373 8580 8011 8565 7764 7806 8489 8568 7646 8135 7561 8367 7716 8427 8090 8687 7807 8563 8126 8183 7979 8031 8053 8207 8475 8304 8156 8164 8372 8046 7672 8142 8327 8320 8072 8479 7980 8093 7750 8483 8192 8183 8827 8228 8582 8081 8401 8018 8516 7835 7735 8725 8064 7786 8357 8107 8334 8345 8542 7959 8294 8277 8812 8664 8317 8132 7858 8547 8234 7803 8207 8864 7821 8175 8269 8166 8194 8246 8001 8065 7967 8341 8042 7983 7638 8340 8031 8346 8717 8432 7778 8105 7572 8484 8260 8076 8042 7612 8248 7789 8374 7907 8324 8299 8100 8367 8843 8303 8212 8229 8294 8263 8117 8022 8403 8256 8306 8002 8590 8157 8350 7826 8417 8353 8016 8332 8309 8104 8130 8383 7826 8120 7681 7988 7764 8611 7861 8362 8235 7796 7642 8128 8273 8149 7813 7941 7546 8305 7602 7707 8165 8232 8005 8650 7567 8131 7899 8315 8389 8278 8676 8288 8449 7946 8083 8256 8378 8168 8398 8142 7908 8136 8294 7962 7668 7960 7921 8340 7972 8148 8553 7995 8025 8084 8128 7740 8539 8290 8129 8522 8130 8019 7997 8042 7974 7644 8179 8414 8590 7921 7877 8354 7874 8435 8209 8164 7630 8398 7910 8450 7421 8436 8545 8466 8283 7986 7817 7376
8674 8238 8247 8169 8369 8843 8612 7786 7908 8561 8442 8006 8362 8390 8110 8307 8453 8009 7703 8478 8538 7684 8391 8238 8154 7931 8066 8074 8602 8389 7880 8192 8058 7998 7600 8025 7740 8258 8310 7813 7644 8074 7697 8602 8356 8342 8457 8202 7935 8202 8044 8239 8657 8203 8649 8678 8859 8462 8765 8297 8514 8239 8750 8543 8189 8433 8308 7989 8547 8014 8512 8029 8240 7863 7682 8165 8201 7889 8202 8181 8254 8425 8016 7881 8083 8353 8649 8246 8626 8269 8607 7694 8275 8114 8192 8328 8190 8732 8448 7987 8396 8444 8294 8230 8286 7692 7930 8040 8085 7911 8047 8173 8262 8325 8052 7480 8317 8721 8213 8495 7927 7913 7665 7945 8363 8342 7928 8629 8699 7896 8440 8296 8233 8055 8458 7685 7863 8235 7921 8107 8659 8176 8219 8469 8195 8197 8181 8180 8125 8161 8912 7897 8658 7854 8270 8327 8094 8481 8489 7864 8608 8279 7967 8064 8351 8098 8150 7692 8531 7783 8275 8459 8162 8317 8258 8192 8183 7843 7823 8141 8277 8150 8183 8416 8327 8532 7786 7866 8381 8574 7767 8167 7749 8386 7333 8249 7978 8241 8170 8635 7672 8395 8355 8241 8088 8553 8450 8293 8220 8419 8691 7827 7417 8144 8552 8350 8028 8441 7784 8159 7941 8176 8404 8171 8862 8230 8289 8309 8387 7951 8485 8268 8006 8698 8123 7800 8295 8379 8377 8734 8728 7484 8533 8187 8638 8612 8387 7833 7904 8776 8153 8078 8032 8900 8000 7961 8161 8413 7971 8348 7922 8254 7870 8008 8322 8024 7761 8171 7915 8344 8669 8455 7754 8162 7788 8474 8375 8376 8276 7525 8444 8240 8192 7633 8259 8228 8149 8362 8804 8169 8464 8234 8494 8378 8443 7471 8357 8361 8060 8152 8434 7742 8476 7793 8350 8590 8547 8308 8831 8347 8403 8412 8125 7923 7912 8272 7897 8385 8018 8324 8388 7833 7575 8408 8268 8194 8255 8016 7709 8352 7979 8062 8053 8239 8201 8643 7804 8117 7875 8061 8143 8440 8448 8046 8433 7924 8079 8302 8284 8125 8681 7955 7851 8351 8105 8241 7849 8058 7911 8349 7919 8253 8697 8136 8226 8252 8300 7683 8479 8030 8182 8301 8022 8330 8484 8303 8011 7800 8084 8219 8539 8092 8201 8540 7907 8251 8246 8109 8070 8057 7774 8469 7698 8349 8342 8257 8762 8279 7923 7647
8883 8626 8419 8360 8545 9053 8354 7558 8354 8950 8584 8331 8458 8727 8176 8391 8905 8168 8090 8849 8676 7776 8362 8544 8535 8258 8315 8717 8719 8651 8014 8613 8269 8236 7948 8307 8069 8517 8388 7824 8065 8674 7693 9284 8144 8911 8649 8147 8017 8274 8180 8531 8769 8531 8863 8791 9248 8364 9015 8768 8515 8153 8448 8854 8216 8412 8198 8413 8517 8394 8552 8284 8601 8017 7950 8836 8470 8103 8181 8093 7903 8774 8134 7962 8435 8365 8377 8120 9144 8457 8471 8065 8592 8012 8362 8525 8293 9137 8462 8151 8637 8717 8276 8355 8761 7661 8184 8071 8455 8588 8020 8147 8220 8905 8223 7875 8699 8823 8213 8361 8516 7933 8106 8121 8341 8206 8236 8745 8655 8353 8635 8579 8021 8259 8581 7530 8000 8289 8430 8525 8272 8417 8324 8822 8411 8692 8327 7965 8798 8108 8947 8290 8736 8028 8505 8501 8273 8998 8688 8143 8460 8674 8323 8398 8483 8237 8460 8019 8573 7908 8458 8457 8427 8235 8301 8507 8398 7557 7946 8200 8069 8437 8646 8818 8262 8752 7845 8284 8823 9029 7895 7675 8077 8204 7792 8567 8191 8718 7964 8169 8272 8348 8288 8159 8392 8412 8657 7949 8446 8613 8240 7767 8024 8296 8268 8373 8257 8329 7870 8622 8486 8434 8457 8390 9132 8542 8276 8491 8884 8018 8614 8413 8133 8809 8055 8245 8571 8903 8597 8788 8615 7989 8497 8091 8834 8360 8474 8260 8170 8666 8445 8220 7922 9057 8087 8394 8147 8542 8180 8384 8312 8330 8321 7972 8465 8061 8319 8324 8187 8282 8650 8849 8093 8077 7697 8270 8242 8194 8577 7824 8358 8401 8529 8377 8193 8061 8320 8616 8780 8637 8564 8499 8598 8773 8733 7981 8609 8332 8267 8277 8525 8095 8585 7852 8440 8554 8365 8503 9024 8700 8349 8619 8169 7883 8141 8123 8034 8378 7977 8623 8483 8246 8077 8066 8322 8280 8549 8318 8316 8434 8017 8233 8336 8324 8181 8713 7501 7908 8090 8229 8204 8264 8418 8656 8502 8115 8333 8403 8236 8144 8789 8032 8027 8605 8319 8337 8138 7947 8170 8565 8132 8322 8856 8309 8124 8677 8455 7416 8279 8185 8417 8787 8685 8223 8521 8584 7937 8358 8564 8367 8733 8292 8155 8506 7959 8554 8116 8398 8109 8428 8007 8481 8059 8592 8402 8380 8289 8814 8049 7817
8282 7953 7916 7943 8164 8336 7957 7485 8081 8461 8196 8153 8126 8191 7862 8240 8735 7702 7696 8623 8628 7683 8058 8440 8329 8070 7853 8009 8347 8351 8133 8027 8102 7913 7412 8055 7813 8454 7996 8053 7635 8535 7640 8540 7800 8250 8588 8155 7902 7769 7660 7967 8429 8439 8633 8343 8698 8119 8509 8440 8108 8035 8081 8564 7739 8121 8588 8001 8400 8002 8439 8359 8210 8212 7721 8030 7983 7989 8033 7896 8047 8236 8136 7577 8232 8132 8187 7879 8305 8255 8290 7902 7887 8007 8255 8257 8033 8589 8153 7870 8700 7910 7876 8434 8081 7453 7767 7767 7757 8202 7918 7881 7895 8739 8186 7655 8298 8406 7959 8091 8112 7479 7523 8013 8122 7984 7631 8560 8471 7897 8275 8259 7980 8103 8295 7941 7459 8166 7830 7989 8240 7796 7937 8176 8006 8591 8084 8311 8204 7996 8690 7614 8217 7986 8272 7799 7875 8543 8470 7868 8211 8227 7788 7928 8486 8188 7748 7731 8282 7809 8163 8352 8191 8275 8145 8185 8084 7724 7751 8246 7999 8028 8030 8491 7972 8324 7806 7740 8597 8566 7551 8017 7788 8411 7909 8155 8224 8210 7754 8194 8066 7650 8298 8056 8267 8465 8196 8164 8140 8346 8007 7598 7591 8187 8114 8288 8501 8303 7750 8064 7849 8041 8185 7938 8865 8100 8228 8217 8199 7837 8087 8047 7845 8612 7895 7795 8067 8351 8198 8460 8357 8033 8545 7787 8348 8408 8313 8218 7769 8148 8030 8018 7926 8838 7961 7850 7917 8079 8001 8346 7854 8199 8264 8357 8203 8014 8257 8177 7882 8032 8476 8149 7915 8127 7513 8374 8117 7815 8265 7713 8370 8066 8213 7788 7892 8521 8134 8374 8351 8534 8046 8321 8485 8125 8365 7937 8218 8346 8138 8127 8480 8011 8001 7679 8569 8539 8283 8069 8586 8027 8156 8204 7869 7908 7916 7675 7866 8217 7951 8646 8213 8154 7576 8109 8011 8318 8271 8232 7750 8549 7751 7887 8039 8027 7758 8620 7230 8090 8172 7966 8389 8007 8289 8035 8158 7842 8499 8449 8392 8086 8208 7958 7791 8170 7890 8055 7871 7827 7946 8049 7818 7818 8315 8320 8010 8169 8155 7435 8338 7982 8024 8281 7886 8559 7882 8197 8028 8061 7856 7960 8427 7875 7930 8708 7724 8523 8048 7964 7951 8156 7802 8363 7918 8073 7699 8468 8145 8259 7971 7676
8193 7984 8129 8291 8216 8739 8086 7610 7880 8508 8320 7801 8077 8381 7947 8418 8582 7892 8004 8335 8437 7831 8458 8489 8196 7932 7907 7862 8351 8131 7903 7944 7970 7810 7524 7923 7937 8111 8053 8033 7503 7966 7796 8484 8104 7931 8325 8137 7948 7983 7658 8157 8211 8350 7980 8394 8829 8000 8445 8141 8263 8301 8391 8529 7815 8419 8385 8081 8490 8120 8445 8300 8205 7985 7621 8317 8054 8057 8047 7738 8126 8281 8363 7785 8124 8074 8017 7937 8369 8202 8390 7868 8188 7855 8210 8448 8280 8499 8537 8021 8452 8018 8033 8189 8069 7612 7638 8151 7974 7880 7668 8132 8090 8512 7864 7669 8479 8673 7916 8225 8251 7805 7276 7776 8365 7904 7521 8477 8529 8169 8419 7850 8491 8242 8452 7916 7762 8530 8131 7940 8436 7752 8219 7944 8028 8816 8221 8125 8112 8268 8263 7760 8525 7627 8270 8617 7879 8353 8233 7709 8727 8038 7895 8124 8547 8172 8122 8102 8298 7875 7993 8585 8435 8106 8158 8251 8204 7783 7869 8431 8165 8327 8314 8331 7857 8209 8166 7950 8444 8825 7687 7947 7825 8523 7524 8219 7976 8135 7763 8568 7909 8118 8247 7776 7944 8576 8243 8215 8395 8494 8159 7880 7305 8337 8334 8312 8088 8533 7810 8405 8057 8116 8319 7917 8810 8374 8361 8097 8378 7674 8261 7693 7836 8508 7592 7753 7897 8360 8266 8818 8564 7764 8626 8031 8728 8351 8668 8083 7830 8492 7971 7949 8198 8700 8179 8167 8197 8260 8175 8045 8212 8337 8356 8266 8304 7805 8072 8160 8030 8181 8243 8463 7781 8148 7322 8381 8118 8136 8396 7780 8404 8060 8337 7827 8197 8531 8027 8352 8800 8139 7933 8128 8426 8381 8578 7593 8290 8051 8175 8179 8348 8081 8420 8006 8419 8144 8268 7973 8568 8160 7988 8334 7915 7544 8036 7804 7970 8211 8009 8455 8143 8052 7750 8199 8219 8065 8172 8326 7589 8073 7672 7939 8131 7862 8028 8778 7235 7498 8173 8065 8295 8288 8273 8262 8218 7910 8048 8117 8053 8072 8385 8081 8003 8166 7888 7999 7921 7755 8042 8222 7763 8129 8251 8005 7838 8418 8022 7387 8151 8074 7868 8827 8144 8179 8103 8232 7790 7978 8370 7901 8839 7662 7461 8264 7893 8333 8229 7762 7696 8202 7868 8237 7990 8567 8264 8224 8718 7954 8065 8224
8957 8631 8888 8363 9265 9251 8715 8327 8676 9185 8843 8779 8962 8955 8655 8609 9139 8243 8473 8964 9192 8342 8772 9234 8604 8923 8796 8866 8845 8820 8336 8852 8514 8806 8214 8679 8531 9149 8877 8649 8168 8865 8412 8994 8719 8731 8883 8644 8240 8998 8252 8916 9092 9016 9232 8970 9416 9031 9378 9153 9049 8759 9180 8906 8510 8825 9186 8702 9066 8632 9265 8736 8782 8794 8496 8833 8993 8613 8667 8614 8677 9086 8912 8397 9053 8744 8809 8634 9135 9059 9136 8226 9033 8451 8688 9301 8790 9217 9083 8447 9373 8828 9057 8680 8991 8233 8655 8291 8763 9008 8380 8547 8726 8961 8719 8402 8971 8982 8997 9185 8836 8619 8271 8671 8684 8825 8598 9329 9444 8661 9033 9140 8932 8773 9297 8302 8175 8570 8666 8957 8685 8631 8745 8934 8695 9273 9090 8842 8756 8708 9185 8350 9222 8336 8783 8941 8846 9423 9239 8649 9385 8961 9007 8705 9252 8684 8739 8259 9110 8459 8715 9204 8826 9089 8715 8954 9089 8551 8561 8930 8737 8694 8822 9137 8761 9318 8444 8812 9249 9503 8436 8728 8303 9393 8173 8838 8452 9174 8334 8771 8885 9021 8630 8396 8683 8702 9028 9174 9060 8994 8808 8304 7877 8766 8823 8867 8683 8805 8468 8686 8746 8957 8697 8578 9231 9047 8962 9116 8808 8376 9109 8437 8121 9162 8815 8483 8724 9087 8942 8678 9100 8257 8632 8506 9414 9277 8666 8908 8631 9049 8820 8449 8313 9340 8406 9072 8550 8949 8961 9080 8427 9047 8665 8760 8695 8380 8235 9001 9076 8873 8951 9177 8641 8668 8112 9174 8896 8531 9362 8396 8958 8496 8862 8350 8680 8981 8633 9140 9447 8831 8910 8767 9180 9177 9236 8393 8988 8776 8812 8817 9189 8680 9087 8468 8960 9088 9001 8975 9343 8644 8914 8931 8873 8504 8684 8556 8591 9055 8579 9411 8612 8577 8357 8675 8985 8761 8747 8598 8540 9080 8310 8945 8866 8800 8620 9139 7832 8239 8474 8805 8730 9035 9475 8582 8920 8680 8747 8884 8985 8729 9108 8779 8367 8783 8461 8977 8781 8562 8626 8889 8222 8398 9530 8596 8724 9092 9141 8235 8880 8769 9050 8862 8583 8677 8745 9104 8699 8402 8703 8551 9446 8693 8560 9005 8223 9345 8773 8679 8394 8646 8527 9217 8449 8799 8820 9060 9296 9018 8373 8331
8374 8107 7892 8306 8035 8388 7983 7635 7669 8971 8459 7898 7911 8622 8156 8225 8339 7796 7967 8328 8678 7982 8124 8407 8035 8161 7755 8069 8601 8479 7644 8077 8189 8440 7643 7929 7920 8531 8240 8114 7812 8351 7842 8471 7934 8183 8209 7991 7960 8195 7837 8225 8398 8092 8178 8436 8966 8085 8488 8201 7855 8165 8224 8564 7893 7880 8548 8364 8561 8047 8539 8099 8293 7968 7757 8271 7828 8112 8106 7819 7932 8300 8280 7381 8039 8179 8233 8315 8503 8460 8463 7964 8055 7896 8542 8558 8028 8387 8366 8060 8051 8268 7878 7898 8061 7315 7922 7670 8047 7998 8150 8156 8080 8328 8143 7669 8012 8593 7938 8154 7997 7986 7618 7868 8360 8220 7878 8583 8761 7884 7974 8161 7941 8054 8632 7995 7615 7781 7981 7975 8314 7939 8095 8306 8165 8769 8404 8057 7986 8165 8535 7955 8352 7472 8194 8346 8212 9106 8472 8139 8086 8489 8017 8000 8544 7934 8342 7575 8327 7750 8089 8465 8490 8108 8179 8213 8049 7502 7757 8182 7959 8193 8158 8780 7949 8674 7980 8420 8347 8559 7662 7950 7436 8291 7631 8531 7786 8107 7599 8188 7619 8102 8117 7967 8399 8300 8126 8114 8215 8110 8115 7766 7269 8204 8192 8060 8125 8079 7557 8192 7950 8243 7876 7785 8860 8354 8135 8548 8588 8025 8455 8071 7840 8634 8156 7997 8362 8318 8608 8333 8589 7878 8271 8353 8712 8718 8194 8041 8010 8245 7941 7732 8009 8526 8064 7964 8061 7922 8101 8248 7654 8428 7667 8086 7957 7890 7852 8396 7968 8304 8321 8383 8029 8175 7035 8420 8058 7515 8438 7823 8458 7535 8158 7724 8291 8365 8202 8101 8559 8365 8445 8318 8614 8113 8419 7653 8183 8623 8046 7891 8302 8164 8750 7824 8280 7649 8439 8461 8608 8113 8037 8154 7906 7996 8067 7521 7878 8299 8233 8505 8352 7970 7671 8185 8095 8466 8570 8396 7768 8444 7893 7780 7972 7864 8032 8531 7319 7827 7941 7970 8526 8180 8193 8132 8284 8044 8325 8259 8033 8032 8449 7868 7897 8610 7738 8126 8054 8038 7940 8068 7744 7744 8694 8236 7909 8361 8008 7338 8218 7846 8317 8186 8112 8212 8090 7978 7651 7713 7910 8007 8409 7970 7826 8344 7440 8126 7969 8353 7979 7914 7908 8409 8040 8364 7792 8020 8772 7952 7571 7456
8020 8016 7990 7672 8212 8633 7799 7244 7627 8091 8050 7804 7868 7937 7531 8033 8309 7467 7148 8050 8458 7518 8247 8065 7945 7748 7971 7989 8065 8139 7457 8110 7693 7469 7718 7926 7595 8167 7813 7444 7630 7926 7705 8306 8022 8171 8324 7985 7660 7662 7674 8138 8428 8224 8253 8386 8590 7910 8464 8100 8170 8017 8040 8616 7591 8029 8180 7675 8070 7448 8123 8073 7906 7551 7563 8092 7720 7642 7845 7742 7702 8300 8199 7923 7802 7627 8004 7713 8304 7874 7955 7788 8055 7545 7895 8193 7923 8380 8294 7688 8475 7814 7794 7999 7817 7569 7621 7746 7897 8248 7790 8003 7572 8472 7911 7311 8303 8289 8005 8213 7647 7619 7284 8028 7945 7699 7164 8593 8501 7628 8375 7907 7843 7923 8318 7694 7558 7918 7958 7847 8055 7982 7838 8303 7629 8653 7880 7796 7819 7554 8512 7669 8525 7478 8171 7773 7348 8491 8379 7805 8345 7915 7812 8024 8047 7845 7993 7499 8191 7762 7890 7997 8137 8124 7686 8013 7983 7839 7458 7785 7892 7931 7838 8320 7738 8081 7474 7860 7998 8431 7732 8039 7482 8259 7584 8279 7796 8029 7668 8330 8070 7573 7797 7787 8061 8045 7862 8052 8012 8171 7915 7526 7657 7788 8090 8171 7759 8379 7661 8162 8070 7910 8079 7997 8734 7979 8281 8121 8155 7211 8137 7639 7578 8360 7697 7608 8286 7924 8356 8165 8176 7687 8338 7346 8336 8346 8095 7836 7767 8246 8145 7787 7876 8563 7612 8237 7946 8051 7924 8216 7513 8018 7714 7836 8054 7834 7647 8318 7830 8140 8214 8003 7710 7910 7136 8018 8050 8081 8178 7218 8357 7743 8114 7576 8013 7654 7928 7990 8413 7832 8292 8037 8479 8124 8332 7480 8352 8054 8055 8061 8256 8048 7987 7566 8230 8005 8123 7907 8411 7785 7725 8371 7925 7539 7816 7510 7455 8191 7778 8330 7784 7830 7377 7644 7887 7808 8109 7796 7405 8515 7619 7871 8077 7903 7664 8613 7245 7622 7861 7718 7988 8133 8220 7795 7805 7793 8135 8228 7958 7769 8281 7592 7888 8102 7634 8078 7885 7628 7802 7916 7722 7750 8421 7959 7844 8283 7969 7346 7714 8190 8083 8359 7967 7601 7615 7777 7856 7923 7957 7748 8522 7613 7757 8154 7700 8296 8266 8310 7509 7903 7568 8369 7459 8216 7606 7955 8048 8077 7684 7463
8576 8259 8380 7686 8140 8655 7777 7771 7726 8356 8142 8224 8201 8186 8170 8263 8198 7644 7682 8609 8303 7733 8373 8339 8032 8183 7929 8173 8562 8271 7930 8274 8145 8047 7605 8069 7911 8269 7937 7961 7852 8194 7980 8555 8227 8082 8208 7995 7748 8552 7948 8245 8399 8250 8159 8321 8872 8381 8760 8371 8291 7867 8659 8473 8022 8234 8010 8006 8526 7927 8509 8235 8014 7934 7754 8352 8252 7912 8087 7837 7757 8515 8187 7906 8247 7937 8331 8447 8490 8415 8368 7723 8338 7698 8041 8349 8276 8477 8559 7790 8659 8512 7899 8347 8185 7439 8292 8216 7899 7922 7740 7951 7793 8589 7728 7798 8516 8515 8094 8314 8030 8169 8016 7761 8159 8298 7946 8442 8528 8003 8354 8086 8248 7637 8372 8084 7596 8140 8141 8234 8087 8183 8022 8365 8006 8398 8157 7959 7973 7965 8765 7445 8060 7557 7749 8018 8065 8630 8355 8174 8643 8216 8004 8361 8203 7909 8041 7492 8527 7934 8239 8388 8309 8390 7911 8377 7976 7468 8049 8177 8193 8021 8243 8525 8078 8355 7778 8134 8617 8303 7586 8245 8125 8163 7556 8037 8037 8331 7998 8379 8110 7985 8341 7818 7948 7941 8292 8213 7996 8048 7966 7545 7243 8018 8227 8211 7853 8432 7463 8032 7844 8103 8065 8228 8942 7965 8108 8388 8063 7836 8204 7887 7738 8544 7937 7884 8785 8011 8468 8394 8401 7950 8256 7898 8648 8190 8343 7833 8006 8417 8295 8089 7760 8783 7794 8190 7880 8197 7842 8234 8089 8176 7858 7911 8203 7916 8270 7995 8070 8011 8535 8022 7777 8109 7651 8237 8086 8078 8459 7484 8283 7907 8044 7943 8403 7897 7931 8075 8373 7940 8417 7972 8285 8273 8545 7862 8158 8342 8076 8301 8466 7930 8658 7492 8040 8225 8461 8180 8692 8302 8378 8417 7743 7678 7995 8086 7741 8485 8127 8584 8415 8268 7458 7743 8202 8300 8317 7815 7647 8216 7599 8038 7983 7909 7818 8341 7378 7864 7991 8063 8021 8279 8174 7998 8339 7780 7867 8088 8712 8010 8085 8022 7647 8318 8030 8248 7863 7617 8083 8187 7711 7974 8476 8163 7962 8293 8006 7551 8150 8106 8223 8468 7980 7883 7994 8210 7713 7744 8125 7904 8310 7968 7732 8370 7497 8250 7603 8105 7974 7960 7718 8203 7629 8267 8213 7861 8421 8202 7834 7702
8183 8049 7770 8035 8195 8130 8095 7182 7894 8363 8066 7920 7939 8025 7848 7906 7898 7651 7704 8182 8071 7425 7990 8085 7473 7943 7729 7786 8269 7906 7681 7897 7645 8131 7362 7899 7816 8339 7636 7878 7453 7906 7710 8662 8152 8289 8146 7589 7317 7837 7419 7867 8109 8089 8044 8045 8705 7755 8418 7865 8114 7789 8076 8214 7588 7989 8176 7901 8188 8050 8211 8087 8113 7958 7659 8001 7993 7812 7962 7828 7460 8047 8048 7535 7965 7741 8135 7690 8058 7657 8176 7514 7773 7786 8210 8315 8060 8474 8221 8049 8017 7829 7969 8174 7997 7459 7471 7517 7746 7877 7532 7902 7803 8472 7882 7155 8218 8265 7528 8011 7880 7726 7588 7876 8100 7864 7521 8359 8496 8048 8121 7963 8242 7910 7761 7452 7507 7830 7750 7740 8297 7849 7975 8157 8169 8366 7788 7998 7957 7925 8280 7670 8204 7563 7886 8120 7785 8530 7758 7591 8273 8139 7787 7817 8181 8050 8021 7441 8418 7316 7770 8360 8089 8208 7909 7725 8256 7399 7700 8045 7575 7939 7920 8051 7541 8261 7995 7507 8286 8239 7407 7942 7713 7790 7748 7989 7922 7852 7656 8062 7748 7983 7912 8089 7656 8147 8310 8359 8032 8335 8100 7754 6911 7799 8093 7724 7818 8145 7335 7930 7755 8100 7931 7543 8509 8132 7563 8134 7532 7553 8109 7756 7544 8166 7691 7754 8098 8172 8154 8395 8198 7447 8358 7582 8473 8176 8235 7889 7692 7851 7991 7613 7551 8623 7912 7877 7920 7819 7609 8187 7648 8005 8077 7766 7784 7618 7582 8241 8295 8054 8307 8063 7808 8289 7288 8195 7954 7999 8063 7222 8348 7405 8086 7793 8036 8092 7770 8016 8396 7887 8252 7849 7984 8163 8205 7116 7897 7870 8028 7867 8280 7924 8299 7614 8017 8164 8310 7944 8396 7744 8047 7960 7883 7792 7766 7747 8003 8283 7522 8008 7958 7975 7386 7684 7970 7785 8141 7626 7802 8043 7609 7823 7797 8011 7651 8117 7247 7747 7809 8123 8057 8470 8034 7881 7977 7583 8044 7965 8170 7822 7996 7649 7944 8075 7529 7586 8071 7317 7624 8053 7398 8285 8566 7840 7480 8040 7642 6956 7741 8206 7999 8122 7759 7774 7908 8182 8031 7839 7765 8089 8267 7613 7851 8003 7555 8299 7901 7709 7591 7703 7474 7953 7778 8175 7546 8110 8124 7976 7686 7423
8897 8403 8803 8552 8651 9196 8584 7873 8475 9250 8782 8464 8548 8624 8653 8655 8874 8432 8530 9183 8924 8440 8909 8943 8792 8545 8493 8629 8959 8910 8281 8551 8344 8448 8396 8432 8230 8675 8713 8550 8356 8968 8252 9119 8700 8762 8837 8585 8236 8595 8251 8909 9089 9114 8561 8834 9379 8737 8857 9056 8870 8483 8906 9228 8634 8817 8752 8623 8913 8476 9058 8835 8632 8495 8337 8763 8666 8632 8421 8913 8555 8995 8752 8492 8763 8554 8652 8541 8914 8824 9127 8202 8800 8248 8604 8451 8814 9049 9099 8182 8678 8695 8650 8492 8667 8068 8594 8270 8669 9053 8489 8757 8634 9270 8679 8226 9020 9000 8769 9241 8615 8100 7908 8694 8883 8397 8462 9387 8800 8440 9022 8691 8490 8377 8932 8419 8060 8587 8645 8516 8848 8567 8552 8865 8656 8882 8903 8886 8703 8754 9198 8333 9216 8285 8745 8565 8581 9292 9176 8291 9046 8659 8387 8749 8983 8917 8842 8582 8768 8726 8854 8925 8569 8593 8474 8744 8575 8602 8343 8785 8449 8652 8625 9065 8484 9052 8398 8401 8917 8973 8221 8403 8122 8934 8277 8702 8587 8864 8252 8774 8619 8254 8423 8725 8711 8312 8559 8478 8924 9073 8717 8293 7755 8497 8677 8813 8531 8782 8184 8602 8428 8811 8596 8669 9532 9290 9064 8734 8884 8246 8968 8665 8366 8960 8414 8322 8970 9002 8862 9202 8786 8312 9163 8364 8964 8994 8713 8465 8444 8903 8903 8417 8330 9410 8685 8534 8228 9036 8684 8908 8729 8877 8268 8899 8699 8405 8238 9022 8446 8907 9208 9067 8278 8514 7895 8642 8528 8821 8587 7746 8975 8275 8646 8280 8802 8771 8546 8689 9408 8638 8723 8759 9189 8868 8866 8235 8600 8683 8633 8688 8738 8463 9229 8344 8687 8421 8860 8845 9131 8689 9099 8989 8471 8330 8385 8128 8561 9075 8654 8866 8513 8643 8267 8675 8543 8584 8880 8639 8326 9022 8329 8658 8665 8611 8428 9230 7812 8504 8794 8682 8772 8795 9056 8292 8669 8586 8578 8553 8935 8816 8623 8597 8069 8836 8271 8554 8378 8205 8476 8791 8084 8611 8885 8518 8713 8807 8248 7921 8836 8837 8643 8885 8693 8823 8379 8897 8263 8180 8693 8512 9070 8454 8565 8871 8582 9177 8389 8604 8418 8379 8431 8868 8620 8921 8684 9066 8935 8300 8416 8078
8501 7930 8440 8367 8154 8365 8073 7654 8119 8833 7942 7977 8217 8186 7998 8396 8718 8092 7988 8545 8630 7735 8040 8487 8281 8322 8069 8145 8378 8216 7916 8524 8267 8294 7519 8036 7536 8354 8102 8159 7652 8288 7690 8557 8059 8336 8298 8271 7831 8126 7964 8181 8399 8571 8373 8325 8925 8333 8743 8540 7954 8026 8427 8670 8151 8224 8382 8239 8450 7734 8552 7850 8197 8065 7885 8148 7976 7847 7990 7943 8055 8485 8378 7808 8305 8441 8452 8229 8824 8215 8314 7810 8112 7963 8294 8388 8019 8286 8536 7914 8491 7956 8217 8324 8226 7826 7754 7757 8196 8193 8134 8050 8169 8485 8237 7878 8532 8518 7893 8535 8080 7640 7653 7880 8056 8261 7755 8775 8542 8151 8317 8405 8081 8013 8220 7754 7663 8184 8161 8246 8372 8044 8234 7850 7888 8517 8250 7724 8522 7993 8917 8180 8234 7738 8379 8215 8178 8696 8415 8005 8451 8182 7935 7821 8533 8149 8160 7990 8284 7912 8115 8118 8557 8007 8154 7905 7977 7972 7812 8072 8198 8284 8503 8516 8200 8515 7879 8099 8623 8302 7687 7752 7620 8309 7860 8226 8178 8313 7962 8284 7835 7995 8277 8111 8242 8267 8291 8071 8158 8449 8073 7867 7451 8185 8322 8401 8306 8493 7770 8275 8016 8195 8080 8086 8852 8411 8139 7797 8275 7745 8578 8023 7973 8503 7807 8310 8061 8601 8332 8668 8671 7613 8504 7912 8836 8517 8683 8335 7838 8310 8069 8029 7843 8969 7948 8040 8100 8327 8098 8169 8156 8193 8053 8433 7954 8197 8122 8316 8164 8592 8417 8373 7932 8357 7287 8451 8264 8282 8356 7349 8387 8089 8174 7720 8222 8474 7876 8611 9196 8416 8233 8437 8756 8216 8401 7762 8283 7897 8472 8176 8264 8091 8484 7907 8080 8422 8240 8535 9023 8062 8288 8098 8196 7804 8121 8113 7905 8418 8094 8730 8312 8478 8061 8212 8199 8309 8062 8043 7806 8569 8030 7711 7652 8023 8152 8699 7325 7855 8035 8169 8335 8197 8429 8046 8323 7596 7965 8071 8528 8387 8250 8019 8103 8721 8312 8178 8034 7907 7717 8506 7739 8074 8331 8363 7749 8280 8054 7308 8094 8138 8163 8544 8064 8312 8487 8391 8012 8156 8460 7912 8440 7858 7946 8559 8103 8553 7908 8091 8006 8093 7826 8434 8192 8187 7999 8357 8725 7812 7833 7817
8413 8178 8320 8057 8047 8750 8192 7441 7939 8398 8400 8471 8058 8441 8061 8403 8617 7837 8232 8459 8560 7867 8210 8299 8312 8267 8159 8173 8216 8276 8172 8024 8385 8154 7693 7941 7752 8475 8154 7923 7779 8026 8135 8617 8134 8075 8131 8132 8061 8447 7795 7999 8351 8575 8367 8449 8863 8347 8895 8461 8518 8118 8329 8411 8049 8351 8449 8054 8483 7966 8402 8185 8035 7949 7967 8338 8300 8044 8247 8041 7910 8315 8086 7628 8352 8237 8411 7863 8631 8238 8329 7837 8626 7689 8521 8498 8379 8230 8432 7817 8444 8250 8348 8263 8365 7496 8177 8008 8057 8189 7707 8125 7912 8608 7945 7635 8201 8487 8073 8501 8227 7586 7452 8349 8216 8213 7596 8715 8571 7861 8680 8369 8132 7876 8303 7849 7789 7884 8400 8175 8501 8091 8250 8488 8182 8459 8309 8297 7952 7911 8621 7867 8366 8149 7716 8002 7906 8509 8606 8516 8650 8455 7990 8591 8105 8071 8104 7810 8477 8115 8363 8505 8374 8417 8438 8173 8009 8238 8116 8021 8261 8141 8166 8630 8229 8407 7898 7979 8721 8641 7642 7951 7838 8490 7850 8230 7958 8259 7823 8492 8045 8096 8359 8078 8352 8314 8717 8210 8509 8069 8551 7848 7471 7953 8371 8744 7999 8403 8000 8153 8039 8178 8148 7989 8816 8262 8448 8196 8641 7795 8291 7666 7652 8722 8032 7906 8317 8498 8262 8654 8434 7865 8571 7999 8714 8436 8323 8210 8258 8149 8281 7700 7809 9121 7866 8110 8043 8261 8142 8308 7858 8231 7977 8438 8005 8115 8070 8515 8171 8321 8690 8318 7923 8377 7509 8435 8381 8001 8158 7827 8023 8105 8031 8219 8295 8273 8030 7986 8953 8297 8370 8295 8395 8387 8169 7774 8300 8152 8322 8042 8485 8072 8481 7897 8537 8448 8215 8471 8676 8129 8451 8395 8399 7689 8154 8123 8086 8552 8057 8483 8171 8179 7807 8137 8068 8115 8112 8211 7830 8382 7914 8054 7978 8100 8139 8460 7443 8055 8116 8334 8153 8446 8030 8010 8590 7807 7931 8124 8362 7883 8165 8066 7950 8416 8099 8248 8304 7908 7874 8601 8124 8148 8530 7818 7838 8630 8166 7554 8363 8233 8039 8144 7981 8099 7867 8299 8106 8042 8291 8503 8544 7720 8094 8224 8208 8423 7732 8129 8153 7797 7701 8382 8033 8454 7938 8410 8396 8086 7828 7522
8152 8615 7945 7893 8628 9003 8053 7683 8177 8697 8249 8233 8285 8179 7838 8450 8489 7760 8014 8721 8686 7840 8561 8468 8466 8304 7582 8185 8503 8217 7960 8060 8120 8263 7528 7921 7941 8346 8272 8211 7749 8117 7807 8514 8330 8148 8418 8475 8329 8264 7806 8173 8766 8500 8573 8274 8903 8585 8487 8234 8487 7972 8614 8598 8076 8471 8230 8141 8767 8456 8821 8283 7927 8105 8246 8439 8249 8139 8568 8033 7958 8694 8382 7658 8148 8066 8118 8040 8285 8611 8246 7903 8164 7817 8195 8457 8294 8721 8648 8174 8460 7966 8337 8437 8438 7536 7806 7902 7907 8338 7867 8094 8034 8888 7868 7725 8438 8448 8091 8234 8103 7926 7506 8024 8247 7983 7693 8633 8978 8092 8624 8165 8232 8279 8514 7947 8093 8103 8275 8074 8621 8003 8234 8349 8095 8505 8411 8099 7880 8344 8634 7676 8633 7965 8304 8329 8148 8927 8522 8444 8532 8242 8324 8633 8535 8272 7982 7740 8573 7862 8318 8936 7919 8390 8307 8077 8168 7558 8100 8159 8182 8158 8290 8807 7964 8468 8155 8254 8386 8450 7691 8376 7723 8442 7894 8335 8061 8310 8011 8344 8006 8227 8110 8178 8539 8279 8219 8337 8630 8403 8209 7832 7767 8152 8141 8456 8142 8513 7984 8282 7729 8533 8184 8225 9042 8487 8366 8247 7943 7975 8455 7895 7917 8379 8130 7990 8637 8333 8596 8479 8286 7798 8778 7986 8797 8442 8329 8245 7890 8292 8547 7842 8075 8910 8055 8358 8269 8593 8141 8585 7951 8389 8069 8423 8230 7818 8157 8248 8398 8377 8505 8431 8033 8376 7695 8472 8782 8017 8285 7877 8296 8057 8403 7718 8155 8375 8120 8487 8628 8241 8307 8400 8301 8493 8233 8104 8264 8404 8477 8160 8591 7989 8496 7846 8460 8451 8592 8480 8494 7961 8531 8469 7965 7814 7959 7987 7943 8242 7921 8518 8237 8044 7674 8427 8358 8301 8661 8196 7735 8680 7636 7959 8097 8185 7886 8505 7556 8198 7982 8508 8300 8357 8355 7770 8429 8127 8475 8381 8487 8376 8240 8234 7930 8361 8186 7998 8079 8039 8013 8675 8083 7882 8738 8064 8112 8403 8175 7535 8009 8335 8327 8352 7910 8233 8063 8210 7881 7919 7977 8199 8605 7966 8190 8389 8014 8430 8442 8098 8260 8018 7735 8614 7856 8465 8053 8420 8504 8212 8075 7688
8257 8066 8096 8043 8317 8397 8341 7899 7978 8805 8201 7635 8113 8460 7868 8097 8291 7621 7673 8377 8353 7500 8383 8186 7932 7786 7919 8018 8524 8221 7647 8315 7969 7885 7468 8013 7886 8133 8267 8069 7725 8214 7862 8806 7979 8522 8166 8180 7778 8173 7630 8207 8419 8573 8328 8478 8704 8102 8241 8708 8465 7904 8011 8608 7873 8021 8260 7903 8482 7964 8257 7911 7980 8058 7645 8254 8363 8286 7947 8289 7869 8261 8194 7766 8250 7962 8154 8091 8374 8365 8178 7810 8227 7992 8072 8297 8107 8449 8101 7957 8316 8333 8283 8227 8257 7433 8065 7960 8080 8311 8010 8059 7512 8707 7938 8039 8246 8578 8239 8522 8317 8079 7703 7903 8437 7839 8033 8787 8643 8040 8482 8176 8068 7929 8395 7947 7724 7946 8044 7901 8392 8275 8003 8294 7939 8440 8190 8287 8111 8248 8743 7605 8178 7396 8284 8218 8062 8607 8071 7885 8241 8272 8134 8096 8362 8053 8272 7776 8103 7734 8114 8258 7985 8195 7920 8134 8020 7729 8024 8030 7923 8323 8173 8266 8234 8173 8040 7969 8427 8380 7776 8189 7611 8421 7587 8050 7981 8441 7853 8151 7881 7921 7922 8342 7899 8054 7850 7738 8371 8390 8225 7872 7526 8114 8120 8281 8099 8033 7828 8260 7784 7876 7955 8295 8932 8397 8233 8434 8109 7819 8283 7887 7560 8448 8040 8267 8254 8432 8176 8005 8195 7973 8409 7816 8833 8300 8136 8121 7607 8388 8262 7662 8049 8364 8121 8152 7793 8133 7793 8253 8016 7928 8084 8133 8346 7781 8008 8418 8250 7861 8589 8281 7717 8173 7462 8263 8121 8196 8469 7682 8313 7931 8012 8112 8232 8262 7678 8231 8957 8018 8313 8182 8317 8169 8439 7819 8391 8401 8310 8145 8628 7838 8355 7916 8121 8035 8122 8247 8915 8417 8023 8357 8077 7733 8007 7937 7779 8237 7667 8438 7943 7890 7560 7803 8375 8136 8253 8287 7927 8111 7871 8039 8195 8022 7979 8403 7367 7679 7800 8144 7853 8302 8335 8253 8218 8150 8051 8163 8261 8144 8094 7964 7899 7933 8045 8253 7631 7889 7696 7913 7719 7872 8772 7932 7810 8186 7917 7809 8023 8316 8017 8356 8036 7917 8192 8157 7595 7771 8367 8220 8471 7873 7802 8205 7632 8378 8264 8269 7749 8246 7888 8181 7851 8333 8032 8279 8209 7856 7950 7438
7858 8052 8019 7677 8101 8292 7723 7219 7652 8428 7721 7926 7803 8052 7766 8382 8311 7689 7601 8282 8053 7416 7911 7755 8089 7684 7827 8079 8171 8045 7625 7937 7856 7661 7196 7694 7569 8112 8075 7879 7481 8216 7466 8389 7862 7728 8075 7881 7313 7595 7413 7953 8248 7867 7875 7971 8584 7960 8365 7985 8078 7642 7971 8253 7494 7941 8064 7608 7678 8043 8077 7664 8126 7716 7532 7996 7891 7647 7902 7683 7782 8287 7829 7602 7674 7658 7774 7730 8046 7952 7772 7526 8037 7397 7913 8090 7911 8127 7854 7753 8091 7985 8234 8417 8342 7369 7644 7395 7675 7893 7642 7486 7607 8269 7643 7462 8045 8255 7970 8160 7861 7304 7249 7772 7736 7780 7570 8488 8076 7838 8104 8299 7662 7339 8222 7229 7498 7688 7672 7663 8141 7934 7745 7883 7950 7996 7854 7843 8082 7616 8290 7662 8019 7409 7822 8013 8147 8373 8113 7769 8265 7686 8031 7891 8191 7840 7955 7885 7866 7305 7960 8149 8175 7746 7858 8209 8016 7630 7747 7824 7642 7833 8154 8049 7817 8223 7678 7803 8164 8349 7301 7775 7394 8115 7437 8064 7482 7932 7713 8164 7766 7822 7851 7717 7590 7911 7848 7757 8002 8080 8082 7313 7234 8089 7725 7649 7735 8122 7629 7789 7993 7751 7866 7670 8336 8050 7987 8069 8149 7263 7828 7381 7620 8305 7606 7837 8038 7977 7929 8117 8039 7743 8191 7357 8219 8100 8022 7765 7798 8092 7661 7417 7632 8540 7589 7874 7844 7951 7754 8118 7779 8128 7790 7673 7815 7336 7477 8011 7628 7918 7919 8125 7592 8112 6935 7710 8063 7675 8143 6618 8058 7434 8008 7512 7900 7880 7891 7719 8530 7634 7724 8042 8247 7986 7900 7742 7760 7946 7849 7444 8007 7396 7889 7858 8128 8024 8090 7754 8461 7708 7794 7863 8088 7224 7886 7944 7814 8154 7773 7862 7657 7987 7491 7882 7751 7834 7935 7325 7794 8098 7501 7644 7968 7883 7889 8094 7136 7743 7730 7876 7719 8298 7699 7806 7842 7623 7784 7788 7875 7566 8058 8014 7791 7742 7525 7950 7505 7875 7653 7664 7505 7553 8240 7758 7814 7648 7903 7159 7867 7752 8035 7868 7797 7640 7690 8097 7815 7618 7801 7832 8202 7501 7488 7878 7260 7937 7645 7864 7536 7792 7424 8191 7768 8137 7568 7964 8081 7585 7357 7535
7738 7865 7987 7766 7760 8088 7474 7139 7452 8289 7496 7653 7926 8125 7638 8337 7964 7471 7338 7987 7998 7409 7906 7959 7906 7444 7450 7553 8042 7690 7151 7896 7888 7594 7286 7389 7483 7844 7835 7691 7439 7885 7494 8130 7714 7901 7689 7808 7523 7652 7462 8066 8134 7932 7995 8080 8444 7765 8292 7655 8035 7841 8068 8010 7835 7630 7637 7722 7773 7835 7632 7836 7416 7339 7402 7825 7701 7677 7629 7426 7452 8118 7759 7383 7547 7901 7661 7549 8041 7868 7808 7247 8103 7328 7673 7863 7604 8269 7873 7467 8229 7697 7530 7941 7823 6871 7415 7632 7518 7780 7351 7466 7375 8271 7484 7213 7681 7963 7783 7788 7432 7180 7012 7557 7842 7507 7598 8346 8120 7520 8349 8145 7509 7756 8113 7371 7334 8015 7749 7469 7731 7924 7535 8069 7396 7740 7628 7596 7775 7497 7797 7499 8012 7296 7787 7643 7599 8378 8098 7661 7852 7902 7653 7907 7952 8048 7820 7569 7760 7289 7957 7792 7916 8025 7429 7484 7907 7246 7375 7380 7855 7342 8074 8077 7602 8340 7373 7787 8058 8006 7190 7892 7155 7697 7164 7860 7741 7857 7409 7886 7548 7658 8198 7464 7335 7875 7874 7544 7810 7767 7937 7414 7202 7688 7802 8104 7589 7697 7293 7802 7333 7783 7736 7714 8364 8041 7882 7800 7902 7137 7856 7589 7240 8120 7514 7523 7920 7676 7958 7677 7924 7409 7985 7236 7916 8125 7959 7367 7585 8107 8203 7391 7651 8431 7473 7973 7596 7943 7424 7745 7450 7740 7870 7760 7812 7582 7601 7688 7462 7971 7884 7778 7565 7827 7254 7741 7840 7564 8052 7098 8061 7412 7968 7419 7634 7701 7624 7759 8209 7699 8129 7827 8160 8041 8084 7210 7589 7698 7828 7510 7996 7574 7794 7438 8134 8037 7760 8159 8152 7540 7731 8009 7526 7477 7605 7831 7728 7825 7587 7971 7805 7705 7293 7883 7813 7822 7804 7369 7632 7794 7291 7538 7923 7614 7391 7972 6966 7528 7445 7674 7674 8012 7981 7756 7633 7195 7951 7840 8020 7687 7716 7554 7265 7750 7773 7645 7591 7288 7832 8017 7646 7895 8072 7405 7525 7657 7904 6969 7721 7622 7938 7727 7787 7465 7458 7687 7276 7360 7614 7595 8111 7751 7540 7868 7694 7709 7781 7695 7490 7657 7376 8200 7475 7826 7907 7924 8060 7779 7527 7132
8540 8265 8475 8080 8228 8684 8285 7800 8097 8845 8049 8289 8436 8306 8203 8433 8809 7697 7925 8546 8698 7954 8644 8634 8290 8060 8159 8386 8544 8487 7891 8204 8142 8094 7352 8023 8042 8107 8168 8070 7911 8424 7761 8909 8137 8508 8738 8193 7610 8217 7775 8358 8534 8295 8353 8172 8512 8538 8956 8662 8141 8275 8382 8558 8146 8242 8799 7955 8100 8116 8658 8273 8202 7836 7766 8670 8266 8221 8174 8184 8188 8435 8169 7768 8399 8144 8263 8281 8752 8301 8246 7834 8305 7792 8481 8198 8567 8426 8351 8200 8751 8287 8456 8419 8289 7873 8002 7622 8101 8211 7805 8137 7887 8470 8165 7805 8462 8357 8405 8533 7989 8068 7278 8449 8332 7833 7838 8883 8546 8161 8557 8223 8331 7906 8397 8056 7677 8164 8161 7737 8163 8443 8333 8387 8008 8568 8430 8111 8311 8341 8787 7795 8469 7832 8483 8224 8100 8823 8508 7988 8495 8588 8198 7995 8219 8561 8048 7993 8671 8080 8490 8384 8343 8239 8349 8282 8162 8210 7912 8282 8025 8272 8423 8621 8126 8461 7964 8079 8578 8659 7635 8284 7820 8444 7908 8072 8326 8738 8087 8428 8297 7939 8139 7867 8372 8291 8232 7979 8402 8319 8282 7603 7884 8325 8077 8327 8282 8598 7988 8089 8259 8103 8486 8206 9032 8296 8358 8380 8355 7970 8330 8395 7876 8645 7862 7981 8528 8529 8220 8668 8582 8335 8463 8319 8921 7987 8332 8240 8082 8481 8476 7855 7845 8806 7944 8054 8030 8524 7992 8374 8402 8441 8041 7981 8174 8198 8249 8495 8166 8230 8629 8264 8020 8169 7657 8417 8108 8054 8518 7613 8015 7984 7969 7786 8160 8450 8262 8133 8888 8504 8329 8539 8701 8559 8180 7858 8515 8405 8107 8245 8861 8311 8670 8039 8480 8543 8556 8423 9026 7887 8145 8320 8395 8014 8136 7900 8056 8966 8020 8726 7899 8443 7988 8497 8199 8337 8057 8158 7767 8695 7557 7848 8275 8432 8244 8522 7462 8117 8082 8219 8347 8385 8430 8002 8507 8124 8471 8204 8475 8372 8431 8121 8075 8679 7765 8126 8259 7949 7982 8324 7693 8091 8680 8266 8445 8335 8218 7618 8064 8051 8198 8367 7961 8400 8038 8757 8040 8080 8207 8434 8920 7929 7818 8600 8011 8596 7918 8469 8052 8040 7941 8331 8217 8035 7969 8415 8425 8293 7962 7543
8404 8582 8495 7932 8516 9011 8028 8002 8326 8898 8587 8021 8617 8365 8107 8477 8920 8066 8124 8469 8628 8020 8643 8465 8623 8439 7932 8135 8728 8469 7964 8447 8575 8244 7801 7929 8052 8692 8526 8306 8011 8249 8302 8741 8346 8548 8573 8368 8022 8396 7976 8412 8805 8516 8319 8639 8965 8306 9088 8844 8431 8518 8428 8322 8231 8418 8671 8166 8592 8352 8595 8404 8398 7860 8049 8402 8272 8375 8254 8295 8310 8305 8185 8071 8172 8418 8231 8246 8901 8392 8241 7938 8357 7683 8624 8584 8443 8732 8904 7973 8908 8536 8423 8429 8473 7775 8457 8306 8115 8636 7839 8327 8529 8737 7901 7655 8630 8594 8272 8583 8270 8090 7869 8093 8549 8185 7955 8803 8740 8050 8371 8639 8267 8203 8476 8001 7620 8012 8318 8107 8335 8241 8249 8798 7909 8584 8537 8289 8186 8176 8712 7770 8585 7925 8351 8389 8253 8981 8665 8633 8686 8227 8053 8448 8649 8213 8428 8118 8737 7807 8617 8946 8383 8385 8438 8261 8524 8104 8305 8412 8137 8277 8517 8542 8307 8506 7917 8380 8927 8666 7696 8320 8063 8449 8073 8305 8166 8760 7957 8748 8130 8166 8230 8183 8060 8523 8411 8681 8514 8208 8519 7662 7730 8307 8372 8549 8054 8645 8145 8358 8302 8342 8295 8319 9291 8490 8858 8244 8382 7886 8654 7934 8012 8603 8313 8072 8555 8343 8398 8343 8677 8086 8755 8120 8949 8598 8626 8387 8032 8692 8308 8362 7915 9213 8091 8410 8178 8740 8222 8502 8475 8374 8249 8264 8345 8309 8005 8329 8334 8408 8609 8610 8121 8460 7689 8445 8469 8178 8446 7829 8286 8383 8632 8202 8674 8444 8321 8539 8877 8399 8359 8470 8745 8426 8568 8090 8624 8328 8306 8359 8795 8558 8944 7964 8650 8595 8438 8295 9120 8485 8465 8333 8072 8371 8050 7983 7949 8379 7968 8844 8352 8479 8099 8578 8267 8418 8455 7973 7981 8325 7646 8241 7985 8597 8277 8819 7627 8076 8093 8655 8252 8363 8601 8446 8596 7986 8290 8365 8710 8465 8256 8532 8000 8457 8383 8513 8294 7871 8209 8411 7902 8157 8966 8059 8242 8338 8395 8218 8532 8391 8227 8904 8285 8229 8162 8510 8429 8377 8611 8332 8365 7987 8147 8424 7905 8592 8282 8300 8330 8170 8223 8511 7708 8422 8732 8459 8529 8338 8091 7868
8500 8340 8491 8146 8049 8969 8429 7572 8206 8638 8027 7821 8557 8294 8191 8584 8887 7787 7585 8433 8142 7911 8333 8299 8004 8163 8009 8122 8284 8666 7741 8258 8155 8395 7693 8146 8255 8350 8223 8082 7805 8331 7827 8742 8059 8440 8412 7987 7617 8255 7903 8382 8809 8355 8492 8606 9023 8061 8515 8427 8607 8344 8644 8603 8012 8087 8398 8112 8521 8117 8452 7874 8202 7942 7680 8607 8380 8129 8463 7792 8026 8647 8083 7632 8397 8133 8456 8101 8809 8181 8401 7839 8639 8068 8378 8264 8445 8828 8374 8132 8285 8552 8275 8367 8470 7840 8259 7854 8424 8216 7714 8003 7935 8401 7921 7719 8770 8593 8129 8337 8308 8035 7857 7854 8194 7578 8039 8791 8425 8315 8584 8327 8210 7651 8420 7620 7842 8301 8296 8033 8521 8374 8131 8604 8004 8500 8345 8149 8271 8164 9003 7826 8502 7888 8240 8548 8232 8912 8461 7954 8337 8244 8088 8520 8615 8175 8249 7604 8586 7699 8263 8658 8417 8314 8087 8323 8246 7876 8162 8212 8305 8150 8431 8514 8200 8694 7965 8378 8574 8795 7494 8253 7757 8318 7609 8125 7956 8445 8009 8531 8275 7999 8053 7770 8212 8365 8214 8045 8382 8891 8281 7227 7686 8242 8344 8123 7885 8447 7511 7916 8023 8045 8326 8146 8899 8031 8086 8558 8508 7632 8297 8355 8051 8576 8187 7962 8353 8436 8367 8607 8690 7621 8387 7908 8331 8323 8552 8353 7926 8313 8157 8254 7632 9289 8345 7998 7920 8358 8120 8314 7911 8110 8150 7637 8359 8051 8389 8075 8129 8332 8244 7929 8110 8459 7420 8547 8305 8206 8674 7490 8344 8193 8440 7839 8253 8025 7977 8137 8875 8014 8281 8121 8453 8513 8263 7899 8255 8328 8056 8025 8209 8129 8561 8020 8295 8484 8611 8312 8662 8023 8404 8474 8476 8268 7957 7756 7684 8470 8347 8432 8316 8436 7653 8197 8231 8183 8378 8132 7995 8360 7929 8252 8256 7908 8217 8525 7565 7797 8060 8201 8114 8614 8479 8214 8567 7831 8290 8195 8171 8210 8395 7937 8215 8474 8164 8254 7685 7686 7865 8798 7838 8166 8782 8226 8083 8389 8328 7670 7723 7794 8244 8427 8033 7856 8013 8218 8105 8237 7980 8160 8516 8184 7889 8142 7898 8393 8035 8158 7679 8067 8025 8591 8189 8369 8371 8485 8513 8342 7787 7608
8476 8258 8224 7934 8288 8609 8214 7542 8084 8615 8031 8029 8329 8178 7920 8265 8292 7788 7899 8588 8212 7532 8312 8320 8119 7952 8199 8218 8565 8484 7751 8254 8013 8311 7641 8059 7991 8599 8550 8037 7492 8154 7860 8749 8356 8055 8431 7982 7891 8220 7934 8122 8398 8212 8515 8384 9027 8239 8857 8348 8156 8011 8258 8119 8040 8149 8271 7985 8072 8062 8417 8245 8029 8098 7692 8443 8084 8132 8265 8279 8029 8311 8453 7680 8384 8318 8345 8123 8643 8053 8102 7766 8324 7941 8203 8584 8102 8770 8398 8065 8882 8121 8460 8207 8459 7439 7849 7850 8215 8215 7830 8336 7877 8512 7901 7569 8342 8406 8064 8846 8208 8160 7904 7920 8072 7996 7645 8487 8609 8186 8602 8827 8210 8350 8492 8052 7593 7607 8077 7938 8358 8264 8187 8593 8151 8787 8090 8344 8225 8131 8472 7911 8149 7738 8059 8232 8189 9157 8525 8198 8818 8259 8057 8523 8479 8172 8033 7820 8391 7933 8204 8951 8387 8183 8117 8275 8126 7831 7800 8112 8116 7867 8210 8463 8114 8600 8078 7899 8379 8532 7633 7896 7390 8085 8042 8298 7623 7974 8077 8136 7824 8237 7960 8397 8263 8441 8347 8349 8210 8359 8392 7751 7393 7951 7992 8266 7947 8246 7527 7973 7868 8234 8036 8033 8798 8119 8359 8083 8164 7916 8069 7768 7611 8243 8159 8302 8050 8314 8610 8272 8290 7882 8534 7803 8614 8838 8577 8003 7843 8366 8270 7781 7997 8400 8194 7923 8285 8044 8257 8536 7978 8372 8050 8045 8343 7963 8065 8315 8250 8527 8392 8593 7908 7975 7506 8675 8259 7909 7993 7755 8350 8081 8240 7767 8469 8248 8047 8652 8964 8666 8646 8387 8479 8066 8351 7573 8074 8518 8166 7935 8736 7953 8553 7675 8435 8732 8377 8284 8747 7727 8286 8510 8188 7942 8342 7795 8092 8366 8033 8531 8262 8427 7432 8050 8175 8035 8253 8192 7932 8514 7563 8197 8259 8141 8195 8475 7543 7626 8113 8049 7912 8541 8488 7856 8012 8231 7942 8265 8118 8395 8281 8050 7947 8374 7744 8388 8080 7747 8073 8302 7811 8116 8736 8400 8195 8106 8291 7704 7912 8592 8225 8143 8022 7991 8003 8259 8068 7959 8031 8534 8686 8011 7819 8175 7694 8407 7968 8150 8250 8012 7986 8601 7715 7914 8144 8216 8201 8046 7521 7319
8130 8131 8036 8084 8184 8676 7872 7935 8001 8411 8041 7801 8012 8226 8034 8413 8555 7736 8069 8428 8509 8179 8245 8086 8254 8041 7587 7760 8461 8189 7712 8213 8037 7909 7508 7658 7692 8339 8233 7886 7768 8134 7715 8626 8170 8235 8207 7898 7925 8347 7762 8379 8387 8375 8182 8227 8697 8402 8613 8267 8235 8137 8479 8615 8188 8369 8240 8096 8293 7953 8523 8315 7976 8212 8106 8366 7906 7731 8032 8207 7940 8726 8342 7795 7905 7996 7960 7869 8505 8429 8330 8068 8112 7793 8296 8469 8090 8555 8529 7756 8460 8020 8100 8289 7942 7253 7592 7808 7889 8340 7666 8061 7781 8724 7965 7323 8381 8407 8162 8081 8011 8078 7531 7857 8074 8030 7673 8994 8390 7666 7881 8002 8227 8128 8401 7989 7767 7699 7894 7986 8013 8089 8008 8243 7769 8523 8043 7940 7801 8159 8763 7803 8331 7758 8423 8114 8106 8428 8476 8015 8645 7938 8023 8199 8594 8277 7919 7577 8359 7987 8332 8384 8008 8159 8108 7889 8426 7764 7607 8055 8152 8054 8233 8595 7709 8544 7815 7963 8688 8266 7606 8097 7851 8020 7710 8037 8027 8303 7414 8372 7821 8204 7880 8057 8421 8136 7665 8102 8328 8344 8335 7708 7363 7976 8363 8341 7873 8242 7607 7950 8015 8240 8091 8228 8550 8467 8273 7840 8180 7620 8416 7945 7988 8339 8031 8155 8018 8267 8170 8841 8219 7820 8715 8299 8646 8397 8256 8404 7822 8199 8396 8165 8060 8537 8016 8328 8153 8306 8006 8578 7963 8241 7871 8159 7891 8007 7973 8153 8084 8464 8490 8309 7964 8426 7548 8110 7933 8029 8426 7578 8540 8132 8241 8006 8055 8147 7934 8680 8563 8302 8441 8248 8468 8173 8514 7701 8145 7933 8215 8142 8086 7976 8470 7956 8170 8129 8208 8069 8958 8018 7989 8349 7841 7528 8108 7811 8088 8383 7631 8591 8179 8291 7867 8193 8039 7955 8057 8096 7813 8339 7912 8001 8242 8117 8032 8935 7487 8291 8007 8265 8271 8296 8288 7823 8221 7785 8146 8277 8144 8084 8457 8110 7935 8325 7836 8122 8081 8091 8031 8295 7857 7679 8527 7856 7725 7959 8203 7594 7997 8366 8181 8523 8178 7968 7870 8369 8094 8029 7866 8174 8363 7812 8210 8244 8028 8460 7879 8176 7948 8058 7872 8606 7947 8483 8026 7940 8414 7837 7626 7670
8589 7817 7992 7826 8445 8376 7927 7518 8118 8590 8221 8053 8323 8207 7871 8078 8508 7956 7659 8628 8442 7979 8414 8563 8026 8360 7815 8075 8392 8436 7964 7887 7811 8035 7532 8181 7788 8215 8305 7920 7748 8491 7812 8499 8357 8445 8180 7968 7673 8211 7795 8337 8719 8391 8208 8327 8428 8143 8498 8605 8009 7777 8449 8647 8130 8087 8873 8136 8234 8073 8622 7999 8031 7724 7801 8206 8501 8172 8143 8118 7985 8217 8144 7820 8210 8527 8504 8131 8499 8113 8329 7762 8032 7924 7960 8453 8242 8517 8173 7711 8467 8646 8055 8653 8239 7562 8049 7956 8305 8144 7985 8121 8188 8644 7958 7683 8498 8363 8017 8410 8029 7750 7480 8101 8349 7939 7836 8629 8260 8055 8469 8331 8208 7920 8069 7896 7466 8475 7979 7897 8056 8128 7949 8324 8052 8430 8257 8111 8293 7766 8804 7524 8544 8110 8104 8044 7903 8653 8491 7812 8343 8427 7852 7961 8474 8246 8056 7723 8413 7865 8084 8282 8021 8361 8146 8286 8458 7734 7802 8255 8227 8085 8128 8121 8249 8637 7572 8269 8323 8372 7340 7946 7936 8465 7765 8275 7970 8562 7820 8470 7895 7947 8014 7902 8166 8106 8144 8205 8159 8629 8037 7603 7316 7990 8086 8234 7892 8214 7362 7700 8081 8166 8278 8016 8582 8242 8196 8324 8347 7473 8312 7883 8071 8739 8014 7911 8335 8485 8384 8293 8302 7342 8491 7657 8251 8321 8483 8274 8103 8315 8227 7799 7873 8885 8061 8073 7975 8133 8100 8505 8012 8237 8205 7828 8173 7885 7995 7949 8094 8199 8417 8232 7738 8195 7690 8268 8217 7768 8383 7518 8293 8001 8145 8020 8194 8152 7907 8311 8752 7980 8231 7912 8438 8385 8344 7778 8206 8129 7808 8345 8078 8316 8560 7566 8122 8327 8056 8489 8839 8185 8279 8247 8060 7706 7848 8034 7967 8727 7938 8299 8292 8189 7354 7854 8342 8347 8332 8346 7987 8053 7854 7988 8077 8116 7881 8205 7194 7563 8215 8075 8301 8601 8381 8165 8099 8208 8230 7903 8346 8275 8184 7875 7947 8384 8316 8371 7711 7695 7799 8207 7906 7855 8488 8175 7766 8212 7935 7385 7904 8310 8346 8139 8270 8117 7988 8396 7965 7860 7874 7953 8613 7925 8133 8464 7694 8486 8119 8318 7785 8108 7911 8250 8152 8139 8064 8352 8311 7999 7810 7846
8333 8215 8635 7947 8091 8692 8154 7920 8184 8716 8108 7731 8182 8005 8195 8287 8500 7565 7744 8218 8704 7704 8451 8295 8161 7971 8114 8077 8430 8359 7774 8285 8034 8223 7701 8020 7917 8498 8161 8126 7928 8096 7860 8375 8132 8105 8311 8189 7959 8427 7925 8275 8385 8398 8183 8572 8979 8224 8556 8242 8550 8304 8413 8524 7813 7982 8352 7852 8169 7983 8280 8263 8186 7656 7949 8319 7880 8020 8488 8042 8010 8199 8205 7542 8350 8116 8172 8003 8474 8343 8352 7716 8430 7698 8230 8188 8161 8706 8079 7789 8705 8070 7982 8097 8219 7789 7999 7738 8077 8082 7899 8356 7839 8563 7952 7736 8261 8326 8305 8365 8285 7843 7524 8169 8046 8006 7928 8675 8373 8258 8680 8070 8200 8179 8399 7877 7786 7845 8393 7668 8293 8259 8281 8373 8225 8362 8555 8131 7944 8125 8590 7792 8393 7647 8414 8196 7724 8540 8320 7874 8567 8343 8339 8264 8066 8323 7881 7829 8398 7570 8406 8363 8259 8306 8105 8296 8337 7931 7592 8270 8026 8058 8144 8536 8015 8513 7909 8176 8614 8437 7604 8013 7877 8385 7757 8200 7816 8369 7877 8687 8226 8149 8204 8159 8243 8474 8093 8063 8277 8587 8569 7714 7728 8181 8113 8233 7865 8332 7712 7918 8149 8561 8243 8243 8949 8207 8304 8345 8442 7796 8360 8020 7805 8602 7872 8075 8324 8323 8472 8427 8657 7810 8312 8175 8932 8243 8253 8000 7876 8448 8499 7888 7871 8851 7914 7992 7703 8194 8291 8435 8110 8241 8030 8325 8094 8017 8192 8036 8348 8287 8522 8356 7783 7907 7332 8466 8018 8196 8432 7968 8640 7950 8356 7603 8155 8127 7901 8387 8741 8158 8333 8274 8616 8210 8371 7833 8303 8274 7891 8155 8433 8364 8493 7733 8343 8266 8484 8189 8543 7863 8369 8613 8071 7861 8133 7663 7851 8533 7724 8552 8116 8185 7918 8278 8380 8359 8541 8168 7876 8479 7847 8121 8496 7873 8064 8371 7518 8133 8020 7799 8308 8335 8680 7995 8338 8189 8322 8209 8144 8260 8095 8294 7778 8438 7941 7976 7848 7899 8270 8585 7676 8172 8836 8135 7907 8097 7796 7442 8102 8226 8082 8285 8218 7953 7823 8401 8040 7930 8244 8149 8681 8005 7662 8190 8004 8489 8288 7929 7937 7995 7787 8481 8076 8290 7994 8041 8368 7933 7909 7731
8028 8062 8212 7710 8214 8407 7846 7562 7687 8291 7709 7839 7918 8093 8177 7864 8264 7790 7725 8219 8040 7549 8256 7809 7576 7510 7664 7714 8322 7799 7675 7828 7602 7545 7576 7420 7421 8097 7798 7741 7343 7850 7460 8579 7648 7931 7924 7750 7757 7940 7484 7914 8197 8445 8070 8165 8643 8057 8230 8287 8007 8042 7904 8217 7715 7735 8067 7722 8161 7826 8289 7555 7814 7597 7704 8004 8042 7626 7698 7732 7494 7998 7843 7456 7656 7677 8041 7824 7886 8059 7995 7484 7753 7601 7679 8151 7839 7969 8109 7437 8060 7950 7583 8214 7977 7633 7760 7483 7833 7549 7645 8045 7728 8454 7821 7301 7784 7852 7726 7976 7811 7521 7057 7748 8007 7688 7464 8346 8283 7829 8075 8310 8044 7730 7737 7486 7695 7570 7744 7841 8021 7859 8027 8088 7859 8051 7811 7789 7713 7962 8597 7195 7769 7419 7871 7602 7624 8099 8009 7855 8608 7977 7605 7726 7910 8042 8073 7350 8234 7400 8191 7823 7731 7749 7780 7770 7700 7533 7490 7804 7671 7814 7833 7897 7964 8067 7676 8199 8070 8151 7477 7894 7397 8366 7210 7788 7489 7967 7753 8217 7675 7918 7709 7814 7901 7792 7573 7726 8017 8170 7862 7526 7372 7643 8043 7843 7718 7849 7799 8153 8065 8002 7755 7662 8521 8056 7970 8253 7954 7194 7650 7510 7677 8037 7652 7823 8110 8263 7993 8379 8455 7709 8015 7488 8309 7739 8079 7565 7540 8101 7511 7711 7399 8514 7841 7707 7361 8107 7617 7987 7561 7923 7876 7991 8039 7545 8063 7881 8044 7868 8223 7992 7845 8175 7048 8015 8333 7993 8043 7020 8044 7496 7864 7959 7971 8030 7766 7800 8403 7814 7782 7899 8095 7728 8024 7288 7976 7951 8014 7651 8033 7816 7955 7763 7956 7814 8141 7988 8452 8046 7784 8006 7947 7562 7821 7550 7792 7826 7399 8454 7569 7769 7899 7848 7950 7658 8181 7704 7564 8366 7646 7833 7786 7708 7554 8082 7094 7650 7837 7829 8128 8024 7787 7722 7844 7752 8061 7518 7951 7645 8036 7845 7932 8179 7360 7730 7956 7517 7740 8123 7609 7813 8348 7898 7708 8164 7702 7042 7961 7778 7733 8084 8048 7698 7820 8022 7865 7471 8028 8052 8296 7468 7599 8123 7493 8151 7809 7820 7618 7796 7437 7911 7821 8110 7760 7904 8144 7795 7443 7082
8289 8277 8591 8034 8552 8675 7886 7644 8196 8910 8096 8113 8077 8261 8347 8235 8914 7906 8035 8734 8844 7642 8544 8475 8150 8008 7987 7813 8544 8316 7717 8155 8115 8228 7429 7931 8039 8490 8206 8090 7988 8407 7990 8522 8158 8239 8454 8373 7801 8192 7606 8076 8644 8426 8611 8340 9033 8374 8545 8246 8474 8373 8536 8547 8158 8402 8416 8256 8345 7967 8557 8205 7936 8095 7962 8093 8118 7870 8096 8118 7916 8758 8075 7765 8372 8446 8073 8094 8495 8256 8413 7995 8354 7819 8470 8346 8426 8537 8491 7640 8803 8277 8206 8200 8409 7507 8076 7809 7761 8297 7891 8255 8043 8548 8131 7915 8560 8515 8226 8412 8511 7967 7683 8097 8293 8025 7991 8523 8472 8230 8693 8505 8144 8179 8244 7750 7677 8094 8160 7903 8624 8069 8410 8668 8120 8428 8339 8134 8141 8283 8831 7521 8616 7971 8609 8255 7802 8590 8303 8125 8674 8278 8342 8412 8430 8293 7865 8097 8552 7811 8396 8529 8680 8077 8100 8304 7952 7824 7790 8090 8430 8436 8513 8544 8053 8838 8072 7944 8631 8528 7913 8278 7797 8176 7510 8420 8401 8433 8033 8504 8223 8241 8340 7925 8248 8380 8129 8342 8153 7994 8232 7809 7728 8181 8311 8140 7780 8793 7902 8203 8278 8343 8100 8227 9138 8660 8355 8275 8402 7592 8349 8276 7792 8551 7833 7794 8395 8405 8423 8306 8788 7745 8455 7931 8767 8300 8486 8150 7830 8148 8259 8061 7876 8662 7884 8141 8079 8225 8356 8240 8278 8488 8438 8097 8474 8036 7758 8143 8119 8231 8607 8441 8154 8415 7855 8719 8455 8506 8300 7606 8441 8087 8431 7809 8068 7924 8195 8752 8790 8582 8311 8474 8405 8183 8218 7657 8852 8225 8492 8165 8698 8262 8393 7888 8554 8458 8346 8364 8564 8152 8406 8757 7917 7701 8287 7981 7797 8304 8264 8620 8053 8200 7796 8180 8700 8094 8438 8122 7942 8622 7956 8202 8073 8221 7906 8898 7413 7794 8333 8180 8377 8078 8342 8135 8099 7934 8567 8298 8152 8446 8557 7934 8043 8535 8100 8127 8026 7857 8243 8338 7751 8411 8340 8303 8311 8323 8214 7726 8090 8560 8234 8398 8340 8167 8060 8245 7997 8361 8068 8146 8588 8162 8143 8328 7906 8304 8471 8315 7912 7981 8052 8628 7812 8238 7913 8337 8500 8347 8100 8088
8516 8089 7966 7879 8382 8679 8230 7623 7811 8651 8082 7843 7927 8313 7963 8466 8485 7727 7857 8397 8523 7534 8089 8464 8359 7978 8196 8007 8483 8355 7696 8040 8056 8205 7754 7917 7453 8452 8228 8147 7451 8098 8015 8783 7870 8428 8166 7915 7835 7964 7783 8325 8519 7951 8291 8106 8714 7797 8805 8375 8167 8172 8529 8319 8160 8208 8532 8077 8385 7747 8243 8304 8025 8015 7749 8169 7990 7695 8002 8137 8060 8231 8125 7917 8194 8166 8229 7780 8330 7882 8324 7439 8112 7998 8265 8255 8141 8582 8325 7932 8522 8006 7975 8140 7986 7598 7876 8102 7976 8110 7951 8107 7856 8459 7814 7655 8225 8675 8205 8370 8293 7646 7413 8080 8058 8194 7695 8505 8643 8297 8396 8433 7780 8030 8235 7812 7351 7986 8152 7924 8293 8000 8163 8553 7910 8551 7965 8232 7989 8001 8563 7730 8310 7564 8173 8272 8109 8659 8533 8068 8382 8076 8262 7958 8072 8139 8017 7847 8175 7763 8227 8376 8080 8176 7951 7787 7817 7752 7900 7933 7985 8120 7999 8745 7800 8412 7968 7956 8626 8389 7882 7963 7536 8442 7752 7947 8047 8184 7645 8312 7806 7901 8045 8012 7959 8180 8264 7840 8326 8069 8234 7906 7434 8029 8312 8347 7925 8390 8009 8468 8004 7951 8028 7991 8609 8241 8213 8229 8121 7757 8263 7793 7574 8530 8120 7867 8093 8018 8481 8319 8419 7794 8310 7594 8516 8437 8325 8318 7779 8041 8082 7904 7704 8584 7758 8181 7669 7729 7828 8214 8006 7882 7858 8215 8288 7727 7731 7971 8160 7962 8427 8507 7575 8036 7422 8580 8255 7930 8363 7863 8034 7632 8121 7520 8441 8154 8091 8234 8712 8467 8227 8288 8431 8213 8409 7571 8225 8198 8248 7839 8344 7821 8341 7504 7908 8149 8181 8156 8853 7970 8033 8442 7862 7968 8021 7596 8076 8309 7995 8685 8176 8099 7464 8173 7940 8058 8001 7944 7707 8340 7666 8121 8312 8033 7857 8542 7215 7576 7756 8287 8217 8119 8584 7906 8093 8190 8340 8343 8571 7946 8228 8127 7888 8262 7708 7945 7927 7874 7762 8071 7643 8338 8502 8034 8176 8210 8185 7538 8173 8196 8193 8219 8166 8083 7956 8173 8024 7735 7909 8080 8686 8170 7980 8160 7613 8550 8209 8442 8019 7767 7665 8211 7931 7972 7940 8068 8348 8059 7874 7261
8358 8822 8564 8308 8859 8750 8271 8012 8223 8719 8718 8307 8337 8362 8445 8493 9012 8592 8233 8949 8778 8177 8600 8602 8250 8426 8367 8313 8619 8787 8203 8775 8635 8404 7598 8602 8375 8775 8967 8564 8424 8913 8110 8857 8828 8632 8353 8493 8257 8595 7718 8695 8918 8683 8523 8970 9026 8639 9345 8915 8657 8428 8591 8751 8421 8770 9002 8328 8446 8159 8617 8531 8481 8313 7979 8667 8723 8636 8185 8295 8541 8611 8723 8068 8378 8070 8296 8576 8552 8379 8738 8159 8454 8173 8696 8708 8383 8683 8831 8272 9142 8255 8128 8444 8473 7639 8450 8219 8501 8408 7815 8648 8345 8861 8445 7936 8732 9143 8911 8404 8344 8194 7977 8124 8508 8332 8038 9166 8857 8463 8665 8560 8607 8063 8590 8076 8074 8429 8413 8371 8773 8224 8410 8627 8457 8926 8563 8478 8305 8441 8871 7835 8549 8224 8267 8569 8357 9060 8774 8221 8858 8525 8475 8198 8614 8574 8631 8218 8854 8185 8722 8612 8314 8759 8435 8493 8679 8303 8224 8671 8162 8035 8529 8672 8067 8853 8504 8405 8940 8901 8142 8404 8030 8484 7964 8457 8215 8767 7943 8863 8345 8439 8404 8467 8236 8440 8298 8124 8572 8687 8392 7817 7795 8208 8466 8465 8210 8645 8130 8437 8509 8524 8784 8302 8945 8530 8311 8787 8613 8093 8324 8364 8181 8583 8532 8260 8662 8765 8564 8932 8965 8172 9002 8296 8621 8766 8591 8233 8393 8482 8597 8283 8273 9105 8151 8225 8354 8541 8226 8556 8119 8300 8134 8328 8656 8235 8605 8537 8503 8692 8794 8536 7920 8695 7837 8686 8699 8313 8538 7951 8687 8186 8866 7765 8580 8474 8470 8617 8997 8514 8463 9028 8709 8647 8764 8072 8827 8778 8511 8448 8524 8500 8800 8036 8570 8850 8663 8506 8931 8693 8504 8792 8437 8327 8214 8076 8191 8779 8288 8742 8280 9006 7902 8396 8665 8370 8577 8255 8064 8505 8163 8380 8391 8468 8372 8947 7786 7954 8399 8722 8637 8685 8361 8441 8442 8134 8661 8611 8345 8554 8571 8225 8341 8527 8157 8520 8141 8244 8383 8521 8039 8581 9049 8393 8456 8548 8630 7972 8357 8470 8615 8972 8452 8203 8369 8344 8412 8547 8379 8411 8875 8144 8084 8922 8099 8760 8353 8716 8133 8652 8156 8820 8263 9039 8285 8631 8556 8181 8526 7947
8336 7761 8152 8116 7884 8429 8144 7643 8075 8422 8190 7591 7923 7872 8154 8108 8238 7891 7762 8100 8458 7627 8236 8083 7912 7845 7900 8022 8471 8225 7166 8106 7960 7813 7548 7381 7751 7962 8225 7790 7545 7737 7812 8493 7753 7913 8031 7925 7627 8027 7683 7912 8268 8203 8129 8179 8653 7964 8412 8179 7906 7873 8108 8540 7842 8060 8137 7633 7963 7657 8039 7908 7956 7856 7513 7985 8366 7898 8159 7863 7872 8082 7836 7461 7901 7626 7899 8022 8148 8295 8156 7655 8197 7547 8077 8205 8248 8235 7937 7815 8097 7980 7659 8075 7900 7451 7876 7837 8043 7992 7559 7847 7751 8402 7895 7114 8247 8101 8094 8388 7684 7896 7328 7629 8097 7647 7445 8261 8359 8001 8232 7979 8321 7874 8026 7992 7344 7965 7785 7991 7890 7789 8080 7983 7765 8360 8088 7936 7844 7737 8399 7409 8089 7301 7643 8127 7792 8686 8203 8017 8471 8346 7764 7735 8065 8072 7724 7784 8214 7830 8072 7925 7885 8107 8274 7879 7894 7355 7746 8231 7898 7759 7866 8133 7734 8269 7728 8265 8495 8333 7492 7964 7591 8096 7479 8018 7551 8131 7622 8286 7804 7815 7649 7580 7790 8057 8185 7916 8074 8153 7822 7416 7369 8058 8001 8272 7767 7729 7397 7828 7742 7914 8147 7860 8480 7872 8128 8270 7928 7806 8062 7558 7619 8490 7614 7896 7968 8341 7986 8109 8336 7528 8435 7711 8584 8182 8028 8162 7660 8523 7963 7733 7694 8585 7714 7870 7743 8172 7736 8526 7761 7914 7930 7963 8055 7602 7661 7942 7863 7992 8266 8234 7449 8052 7023 8407 8255 8022 8037 7711 8174 7913 7936 7869 7971 7888 7951 8060 8606 7885 7818 7909 8145 8328 8139 7750 8280 8102 8129 8096 7954 7929 8374 7557 7716 8192 8041 8519 8547 7750 7955 8054 7891 7669 7790 7803 7819 8290 7601 8459 7827 7814 7632 7968 8160 8208 7986 7787 7454 7822 7306 7622 8050 8158 7579 8288 7204 7623 8025 8103 7837 8003 8207 7932 7875 7749 7787 8109 8423 7636 8095 7859 7796 8366 7699 8167 7780 7818 7805 7664 7444 8169 8466 7798 7924 8001 7949 7686 8316 8161 7706 8053 7853 7928 7736 8060 7888 7535 7919 8256 8454 8029 7755 8090 7703 8352 7649 8163 8029 7934 7708 7958 7362 8199 8183 7884 8245 7992 7926 7608
7932 8148 7824 7848 8286 8426 7886 7835 7932 8238 8182 7921 8201 8014 7732 7922 8298 7509 7639 8589 8468 7576 8075 8345 7925 7896 7807 7788 8199 8275 7562 7853 7896 7916 7439 8039 7563 8756 7936 7961 7743 8031 7744 8202 7871 8216 8095 7899 7467 7924 7669 8227 8339 8322 8211 8337 8528 8156 8424 8430 8170 7876 8318 8380 7788 7796 7786 8075 8406 7914 8216 8078 7800 7872 7763 8334 7999 8026 7919 8207 7915 8233 8532 7767 8152 7954 7945 7546 8393 8194 8287 7717 8011 7865 8055 8461 8343 8638 8375 7721 8452 7935 8272 8056 8629 7308 8019 7893 7702 8028 7695 8060 7755 8468 7668 7608 8194 8345 8297 8310 8013 7904 7723 7818 8307 7700 7969 8249 8301 7935 8440 8505 7905 7821 8085 7587 7295 7965 8091 7788 8490 7750 7954 8487 8083 8200 8164 8144 7715 8069 8470 7752 8202 7316 7907 7966 7928 8608 8453 7884 8333 8205 7990 8362 8263 8131 7817 7404 8346 7673 8024 8415 7636 8188 7944 7917 7931 7814 7734 8018 7947 7766 7891 8202 7954 8348 7795 8255 8469 8139 7553 7892 7446 8554 7339 7863 7833 7932 7495 7837 7922 8092 8008 8136 7797 7751 8211 7777 8488 8157 8136 7528 7186 7923 8106 8172 7704 8245 7692 8211 8093 8226 7952 7917 8486 8253 8139 8038 8246 7483 8346 7959 7664 8360 7990 8152 8299 8166 8237 8279 8368 7700 8276 8011 8548 8482 8529 7897 7752 8270 7882 8001 7769 8469 8053 8010 7855 7858 8012 7980 7824 7955 7917 8227 7945 7794 8081 8123 8245 8087 8261 8074 7644 7955 7610 8225 7853 8074 8347 7390 7933 8007 7913 7486 7896 8146 7831 8003 8454 8241 8233 8082 8164 8374 7928 7450 7863 8317 8186 8057 8184 7709 8512 7880 8050 8129 8031 8259 8647 7754 8060 8393 8081 7875 8111 7671 7836 8239 7764 8199 8013 8057 7646 8027 8299 7660 8049 7886 7678 8235 7849 7756 7970 7887 8083 8452 7201 7871 7663 8375 7871 8283 8065 7980 8056 7950 8193 8356 8302 8445 8129 8015 7992 8042 7984 7885 8152 7822 7764 7798 7572 7615 8422 8107 8000 8091 8365 7658 8010 8214 7612 8026 8105 7840 7608 7910 7832 7855 7767 7844 8403 7900 7826 8288 7678 8481 7955 7723 7477 7685 7600 8355 7868 8132 7777 7978 8174 7996 7898 7582
7911 7653 7473 7487 7445 7957 7560 7232 7291 8010 7562 7064 7822 7820 7455 7854 7869 7054 7512 7682 7929 7252 7991 7553 7566 7392 7355 7199 7800 7800 7238 7528 7574 7427 6899 7223 7028 7542 7719 7376 7162 7568 7333 8157 7470 7470 7517 7455 7263 7653 7098 7671 7732 7753 7642 7930 8190 7690 8062 7806 8054 7234 7687 8007 7028 7429 7647 7638 7682 7541 7802 7683 7630 7397 7130 7385 7226 7303 7502 7480 7281 7825 7740 6921 7551 7631 7653 7726 7731 7831 7524 7313 7614 7469 7676 7644 7529 7946 7798 7521 7837 7616 7490 8145 7550 6651 7484 7340 7303 7454 7070 7252 7564 7887 7505 7202 7678 7689 7537 7945 7501 7317 6924 7185 7553 7342 7232 7680 7906 7246 7785 7477 7653 7338 7740 7244 7261 7457 7304 7459 7828 7672 7652 7932 7142 7700 7531 7378 7704 7502 8034 6879 7802 7062 7582 7738 7511 7709 7595 7474 7686 7845 7500 7591 7979 7792 7635 7118 7351 7129 7416 7729 7410 7686 7442 7627 7591 7301 7389 7610 7290 7364 7587 7611 7642 7698 7223 7808 7486 8003 7081 7476 7159 8149 7248 7343 7671 7562 7226 7875 7194 7756 7518 7704 6957 7557 7752 7198 7592 7751 7577 7078 6850 7451 7796 7584 7488 7913 7179 7450 7512 7656 7463 7440 8153 7652 7682 7678 7578 7232 7841 7381 7509 7833 7340 7102 7511 7716 8077 7479 8123 7408 7777 7305 8174 7687 7681 7514 7103 7877 7281 7517 7054 8228 7041 7402 7544 7411 7404 7748 7296 7685 7661 7635 7424 7278 7400 7406 7715 7521 7842 7520 7810 7648 6926 7909 7623 7455 7758 6970 7755 7254 8000 7267 7735 7616 7468 7710 8021 7656 7681 7416 7876 7636 7277 7100 7810 7605 7633 7284 7679 7470 7533 7399 7629 8028 7442 7644 8118 7579 7624 7946 7375 7387 7337 7345 7147 7653 7249 8089 7539 7471 7347 7536 7615 7649 7561 7354 7532 7616 7391 7329 7260 7458 7235 7676 6815 7606 7058 7600 7650 7766 7851 7670 7444 7473 7719 7492 7446 7490 7789 7711 7492 7570 7462 7528 7171 7080 7352 7746 7031 7673 7921 7380 7463 7574 7227 6919 7498 7825 7623 7694 7204 7304 7304 7747 7230 7398 7237 7421 7929 7247 7212 7729 7129 7794 7114 7333 7248 7390 7120 7692 7224 7634 7230 7662 7686 7657 7141 7235
7893 8054 8306 8018 8508 8443 7742 7422 7834 8655 8149 7785 8437 8403 8161 7793 8381 7805 7971 8400 8344 7923 8508 8109 8005 8103 8190 7956 8202 7925 7721 8094 8080 8110 7613 8103 8113 8355 8119 7878 7599 8019 7818 8803 8006 8557 8339 7913 7948 8048 7635 8399 8616 8676 8526 8283 8464 7941 8143 8156 8216 8375 8169 8415 7750 8065 8412 7946 7912 7810 8465 8073 8140 8236 7711 8321 7828 7585 7843 7798 7826 8292 8350 7416 7942 7982 7949 8153 8784 8140 8450 7773 8157 8006 8449 8640 8201 8379 8504 7740 8397 8143 7763 7966 8352 7448 8122 7688 7887 8031 7733 7852 7710 8408 7737 7662 8298 8151 7963 8141 8343 7867 7480 7873 7910 8095 7637 8302 8479 8096 8270 8214 8315 7903 8223 7834 7793 8272 8178 8065 8288 7830 7807 8346 7907 8277 8460 8053 7838 8111 8435 7755 8529 7675 8399 8253 7947 8454 8251 7781 8111 7932 8061 7820 8521 8140 7822 7893 8563 7704 8345 8571 8176 8279 8251 8197 7850 7792 7751 8179 8004 8132 8109 8461 7982 8571 8016 8037 8494 8591 7726 8210 7415 8193 7673 8122 7953 8337 7649 8335 7965 8239 7842 7983 7991 8177 8031 8306 8118 8268 7976 7654 7225 8112 8335 8065 8258 7990 7609 7996 7904 8301 8126 8059 8655 8277 8348 8243 8267 7572 8180 7969 7494 8472 8225 7721 8323 7946 8402 8156 8400 7518 8373 7831 8357 8508 8331 8081 7927 7862 8152 7688 7887 8607 7952 7741 7580 8342 7883 8287 7833 8024 7822 7966 7958 7712 8003 8095 7964 8244 8422 8078 7474 8474 7645 8384 8109 8147 8072 7375 8335 7950 8268 7816 8108 7757 7893 8143 8774 8108 8274 8437 8254 8257 8084 7523 8295 8138 7896 7894 8413 7876 8387 7687 8319 8234 8116 8141 8631 8051 8060 8282 8141 7848 7600 7770 7801 8415 7904 8417 7918 8019 7655 8250 8226 8179 7983 8054 7778 8217 7750 8029 7975 7859 8028 8413 7483 7811 7758 8145 8183 8586 8176 8004 8142 7718 7948 8027 8077 8202 7897 7976 7679 7859 8019 8043 7935 7794 7705 8330 7869 8103 8673 7857 7936 8232 7874 7672 8131 8049 8046 8135 8533 8086 7772 8092 7898 7771 8084 8081 8366 8104 7681 8252 7778 8467 7848 8035 7485 7830 7792 8163 7926 8478 7687 8272 8236 8227 8086 7566
8314 8099 8292 8033 8168 8543 8069 7516 8227 8666 7942 7782 8497 8081 8209 7939 8711 8059 8064 8113 8695 7666 8396 8283 8253 8100 8077 8115 8241 8238 8226 8347 8136 8161 7544 8055 7821 8256 8409 8216 7619 8438 8078 8651 8465 8269 8156 8070 7983 8216 7660 8159 8727 8670 8283 8382 8843 8187 8690 8294 7812 7906 8474 8502 7750 8178 8267 8168 8318 8063 8494 8202 7827 7948 7846 8260 8251 8006 8102 8291 7823 8036 8033 7762 8209 8160 8427 8020 8513 8247 8012 7934 8202 8035 8501 8299 8010 8284 8040 7950 8542 8215 8181 8539 8248 7656 8045 7771 8079 8007 7971 8091 7927 8676 7919 7476 8461 8470 7901 8368 8316 7832 7678 7868 8445 7833 7822 8884 8790 7921 8387 8249 7977 8097 8274 7844 7723 8150 7955 7889 8240 8016 8454 8286 8065 8285 8529 8247 8296 8152 8575 7868 8311 7993 7993 8296 8037 8758 8331 8222 8364 8433 7823 8219 8475 8060 7916 7981 8674 7851 8042 8466 8387 8201 8136 8187 8200 8058 7948 8243 7981 8315 8232 8442 8032 8415 8033 7989 8404 8377 7401 8069 7736 8113 8001 8221 7876 8177 7747 8381 7704 8079 8388 8160 8213 8344 8131 8293 8120 8377 7992 7575 7431 8335 8174 8298 8242 8260 7542 7940 8039 8177 7925 7983 8639 8216 8282 8253 8563 7941 8247 8017 7811 8677 8126 8012 8240 8487 8292 8286 8457 7814 8447 8100 8605 8421 7964 8053 8022 8112 8056 7673 8226 8710 7706 7838 7761 8184 8257 8660 8086 8408 8289 8327 8066 7805 7649 8277 8027 8288 8435 8319 7690 8505 7393 8301 7947 7780 8089 7365 8534 7850 8241 7803 8200 8254 8195 8228 8723 7961 8585 8215 8616 8206 8261 8051 8161 8338 8215 8183 8365 7902 8234 7668 8239 8337 8470 8302 8804 8269 8313 8554 8195 7727 8060 7763 7927 8522 8261 8541 8088 8326 7617 8284 8277 8189 8202 8231 7771 8441 7741 7921 7885 8148 8131 8537 7464 7864 7960 8242 8072 8552 8170 8151 8462 7897 8162 8296 8192 8443 8222 7870 7935 8032 8216 8441 8199 8143 8149 8463 7577 7956 8886 8137 7889 8089 7971 7472 7938 8180 7948 8248 8035 8184 8001 8331 8151 8025 8308 8224 8618 8003 8034 8414 7907 8386 7976 8155 8197 7914 7970 8596 7923 8400 8263 8394 8491 7876 7795 7559
8340 8267 8096 7590 8255 8421 7965 7903 7727 8620 8051 7896 8344 8296 8197 8307 8463 7653 7701 8787 8465 7974 8425 8104 8150 8035 7983 8019 8338 8748 7634 8193 8274 7986 7535 8252 7886 8372 8367 7969 7610 8307 7666 8343 7914 8291 8136 8075 7554 8162 7698 8522 8469 8117 8142 8406 8711 8055 8672 8583 8180 8324 8378 8389 7748 7845 8417 8427 8436 8286 8505 8388 8210 7805 7659 8273 8062 8090 8069 8025 7863 8263 8225 7891 8163 8169 8158 8055 8407 8312 8361 7590 8132 7926 7896 8410 8181 8849 8525 8101 8412 8106 8335 8287 8080 7362 7825 7698 7819 8108 7589 7862 8122 8347 8033 7167 8310 8248 8318 8396 8188 7776 7655 7553 7920 8043 7725 8901 8851 8139 8283 8344 8108 7956 8310 7802 7376 7989 8077 7903 8151 8004 8192 8315 8037 8171 8170 8111 8083 8139 8628 7650 8610 7712 8205 8162 7934 8624 8804 8106 8307 8424 7956 8253 8476 8345 8328 7664 8364 7627 8161 8609 7911 8295 7773 8330 8408 7848 7867 8111 7974 7789 8187 8791 7750 8308 7641 8569 8418 8415 7837 7771 7862 8460 7735 7949 8096 8296 7879 8648 7887 8248 8333 8017 8380 8247 7917 7746 8380 8290 8054 7707 7470 8105 8375 7999 7922 8456 7714 8195 8110 8289 8141 8178 8712 8341 8083 8225 8095 7481 8645 7761 7737 8835 7929 7909 8246 8426 8498 8578 8277 7810 8038 7967 8678 8627 8390 8245 8196 8422 8194 8010 7457 9056 8142 8329 8063 8314 8002 8540 7936 8214 8271 7817 8260 8011 7791 8286 8206 8472 8307 7992 7908 8196 7399 8343 8460 8032 8299 7188 8625 7955 8083 7782 8212 8217 7959 8348 8620 7904 8559 7910 8318 8386 8299 7801 8194 8239 8300 7987 8333 8279 8648 7921 8229 8281 7975 8257 8662 8339 7873 8294 7825 8011 8067 7900 8006 8520 7862 8453 7898 8064 7973 8280 8052 8075 8328 8038 8041 8191 7738 7997 8181 7864 8011 8651 7248 8066 8058 8347 8289 8444 8669 8064 8043 8117 8348 8330 8362 7942 8097 8082 7814 8409 7916 8565 8027 8073 7658 8000 7862 8115 8613 8014 7946 8065 8072 7431 7871 8169 8097 8054 8215 7900 7793 8349 7858 8126 7918 8285 8367 7779 7972 8219 7795 8222 7968 8046 7599 8040 7398 8502 7713 8373 7950 8326 8168 8016 7640 7777
8132 8363 8064 8003 8299 8513 7493 7678 7797 8753 7900 7733 8481 8151 7975 8318 8484 7987 7910 8212 8503 8119 8134 8089 8134 7988 8004 8288 8404 8298 7351 8058 7911 8054 7580 7831 7899 8231 8134 7968 8065 8249 7796 8329 7811 8313 8115 8348 8286 8233 7666 8051 8263 8569 8365 8572 8665 8405 8300 8729 8143 8406 8341 8408 7981 7887 8404 8067 8348 8039 8633 7846 7764 7859 8050 8053 8325 8060 8229 7947 7849 8277 8064 7638 8219 8094 8245 8453 8240 8159 8137 7629 8113 7486 8044 8328 7723 8390 8153 8067 8623 8306 8320 8301 8206 7389 7741 7786 7772 8114 7921 7924 7837 8405 8007 7708 8744 8592 8183 7982 8390 7719 7502 8121 8358 8107 7720 8485 8793 8003 8525 8129 7838 7845 8070 8085 7603 8295 8046 7867 8304 8019 8248 7867 8270 8477 8399 7980 8131 8235 8536 7703 8220 7713 8410 8255 8088 8543 8203 7985 8638 8279 8212 7970 8031 8259 8066 7705 8719 7825 8317 8211 8253 7713 8142 8086 8134 7835 8035 7850 8162 8148 8345 8304 8004 8398 7551 8073 8282 8695 7651 8199 7471 8474 7791 7855 7890 8214 7861 8588 8224 8251 8409 8108 7958 8191 7917 7982 7883 8201 8243 7829 7770 7988 8295 8147 8116 8149 7769 8076 7851 8127 8121 8056 8636 8313 8108 8177 8104 7415 8144 7531 7457 8612 7771 7881 8282 7992 7960 8240 8837 7921 8339 7829 8882 8231 8354 7941 7815 8119 8233 8002 7717 8605 8070 7856 8022 8299 7897 8547 8082 8039 8292 8305 7992 7768 7827 8175 8106 8181 8298 8487 7543 8397 7400 8189 8211 7885 8383 7289 8590 7904 8244 8010 8629 8070 7983 8168 8686 8075 8402 8223 8440 8199 8376 8021 8320 8292 8298 7899 8141 7965 8268 7729 8382 8342 8191 8204 8922 8102 8079 8685 8171 7439 8051 8213 7839 8523 7823 8565 7825 8316 7575 8003 8505 8158 8293 7875 7825 8352 7697 7965 8099 8070 7850 8365 7365 7883 7941 8097 8286 8243 7945 7911 8284 7727 8276 8208 8179 8554 8265 8098 8131 8176 7768 7906 7907 7897 7795 8235 7784 8016 8686 8344 7832 8196 8105 7354 8032 8120 8215 8424 8143 7893 8151 8154 8073 7856 7769 8226 8593 7952 7830 8258 7904 8753 7627 8329 7895 7972 7674 8459 7664 8427 8153 8175 8485 7979 7610 7377
7698 7869 7753 7676 7891 8186 7339 7241 7645 8167 7738 7814 8073 8349 7802 7828 8077 7053 7552 8143 8433 7460 7848 8191 7880 7723 7634 7532 8102 7592 7452 8008 7816 7835 7112 7911 7251 7762 7944 7498 7501 8011 7533 8029 7609 7931 7721 7761 7430 7572 7318 8056 8179 7676 8175 7843 8245 7937 8307 7981 7410 7549 8041 7809 7430 7364 7895 7488 8071 7652 8322 7629 7295 7652 7529 7998 8105 7790 7763 7575 7365 8067 8130 7612 7699 7808 7863 7566 8081 7959 8167 7324 7916 7397 7844 7993 7676 7941 8128 7650 8022 7692 7653 7891 7772 6713 7700 7643 7761 7714 7337 7288 7509 8024 7633 7648 7982 8258 7833 8061 7701 7524 7160 7399 7784 7550 7705 8525 8373 7433 8040 7969 7663 7685 8029 7282 7015 7839 7662 7200 7659 7567 7578 8025 7509 8021 7698 7692 7670 8001 8213 7389 8067 7498 7762 7737 7527 8538 8119 7341 8114 7893 7565 7895 8040 7787 7640 7303 8004 7548 7753 7971 7715 7938 7847 7726 7819 7513 7509 7882 7958 7823 7573 8070 7633 7868 7378 7639 8295 7840 7454 7643 7375 7838 7298 7628 7655 8056 7243 7829 7533 7623 7818 7774 7564 7714 7979 7625 7584 7634 7958 7241 6899 7970 7995 7964 7549 7671 7266 7852 7634 7898 7500 7794 8388 7837 7557 7834 7818 7316 7882 7573 7247 8106 7626 7351 8117 7893 8116 8109 7986 7420 8024 7739 8351 8092 8098 7558 7677 7943 7639 7614 7370 8456 7683 7883 7701 8025 7650 7910 7708 7912 7612 7599 7902 7627 7772 7836 7474 7690 7968 7681 7215 7730 7152 8013 7458 7591 7921 7275 7766 7675 7589 7255 7662 7763 7524 7672 8353 8016 7867 7660 7850 7842 8081 7318 7749 7845 7876 7927 7969 7549 8187 7540 7721 7596 7862 8006 8232 7488 7496 7843 7616 7588 7653 7310 7632 8105 7686 7986 7796 7892 7022 7772 7888 7737 7831 7581 7411 8011 7201 7619 7589 7777 7615 7861 6855 7516 7559 7704 7932 7976 8358 7550 7403 7335 7535 8137 7860 7761 7890 7504 7571 7788 7466 7704 7489 7661 7487 7694 7137 7525 7930 7840 7439 7945 7744 7181 7951 7996 7716 7780 7435 8040 7416 7712 7137 7124 7589 7615 8216 7495 7482 7960 7262 8238 7567 7753 7362 7349 7493 7635 7489 7869 7751 8140 8092 7975 7505 7371
7948 8077 7917 7729 8126 8419 7737 7488 8154 8010 8034 7694 7896 7907 7854 8039 8160 7511 7427 8168 8397 7651 7897 7905 7617 8110 7408 7877 7997 7741 7690 7946 7811 7597 7750 7800 7160 8172 7595 7556 7548 7906 7723 8279 7895 7978 7989 7779 7604 7705 7095 7911 8295 7974 8130 8334 8593 8238 8251 8091 7999 7307 8301 8224 7853 7848 7973 7619 8130 7639 7858 7813 7615 7986 7486 7918 8043 7734 7960 7659 7632 7520 8158 7479 7861 7625 7736 7922 8454 8147 7858 7481 7965 7690 8208 8370 7851 8508 8106 7290 8261 8015 7930 8172 8143 7242 7968 7724 7765 8095 7666 7612 8006 8434 7929 7212 8050 8276 7894 7777 7691 7394 7419 7927 7755 7846 7635 8185 8127 7923 8176 8131 8121 7790 7949 7266 7399 7741 7685 7741 8231 7959 8002 8180 7851 8243 7867 8088 7450 7560 8285 7448 7924 7396 7806 8068 7551 8289 8322 7503 8320 8048 7814 7988 8032 7798 7960 7514 7921 7555 8086 8008 7586 8350 7647 7931 7994 7498 7307 7753 7901 7890 7949 8333 8004 7875 7945 7623 8582 7990 7471 7820 7398 7985 7195 7933 7736 8053 7679 7849 7706 7672 7780 7697 7831 7920 7972 7962 8045 8207 8099 7582 7222 7613 7881 8085 7736 7862 7549 7751 7744 7881 7960 7996 8134 8034 7994 7924 8022 7277 7876 7783 7599 7961 7757 7843 7937 7935 7937 7916 8093 7397 8227 7437 8207 7915 8314 7805 7756 8073 7777 8067 7578 8379 7520 7912 7694 7891 7734 8324 7495 7747 7766 7686 7705 7614 7403 7760 7702 7936 8108 7933 7553 7992 7345 7841 7995 7537 8096 6906 8302 7675 8097 7462 7964 7860 7903 7889 8303 8038 7857 8111 8147 7820 8281 7418 8131 7781 8080 7739 8306 7809 8447 7801 8022 7971 7827 7985 8680 7898 7824 7942 7718 7564 7997 7495 7661 8180 7653 8306 8044 8116 7429 7725 7791 7843 7966 7874 7507 8190 7834 7671 7820 8000 7647 8264 7191 7663 7541 8181 7877 7886 7915 7747 7892 7431 8028 8031 8137 7606 8247 7784 7708 7794 7708 7381 7599 7572 7542 7874 7554 7745 7969 7855 7841 8036 8022 7287 7669 7771 7681 8195 7833 7983 7839 7977 7855 7609 7828 7746 8210 7797 7978 8211 7646 8220 7627 7842 7589 7818 7770 8298 7440 8285 7813 7933 7749 7848 7789 7618
8689 8762 8518 8124 8460 9157 8360 7877 8226 9124 8405 8192 8695 8631 8433 8556 9124 8290 8124 8818 8927 8310 8676 8646 8626 8460 8410 8444 8478 8764 8110 8648 8539 8280 7896 8752 8180 8595 8508 8295 8252 8705 8117 9269 8685 8688 8870 8660 8431 8923 8136 8616 8970 9059 8820 8643 9091 8608 9251 8802 8826 8522 8857 8964 8124 8687 8846 8383 8528 8421 8655 8524 8453 8353 8189 8497 8668 8575 8522 8239 8223 8655 8892 7866 8892 8610 8890 8212 9152 8587 8575 8549 8646 8257 8875 8757 8426 8820 8645 8396 9019 8545 8729 8708 8800 7934 8108 8375 8654 8707 8332 8295 8122 9276 8203 8300 8730 8974 8390 8857 8548 7986 8259 8262 8287 8270 8138 9099 9168 8174 8911 8572 8643 8178 8840 8221 8123 8163 8481 8120 8661 8647 8653 9154 8322 8934 8630 8350 8443 8391 9198 8299 9040 8219 8626 8537 8600 9129 8628 8619 8766 8368 8546 8565 9070 8543 8497 8159 8998 8138 8506 8960 8704 8715 8463 8666 8751 8184 8231 8677 8203 8646 8731 8955 8361 9006 8012 8653 8853 9131 7958 8667 8116 8713 8356 8452 8427 8857 8067 8814 8443 8528 8786 8542 8369 8662 8740 8403 8657 8731 8726 8114 7773 8541 8744 8626 8346 8663 8019 8692 8428 8190 8460 8719 8898 9017 8542 8650 8536 8564 8809 8646 8216 9076 8418 8261 8740 8924 8851 8696 8950 8256 8802 8454 9049 9264 8307 8466 8370 8677 8539 8298 8404 9603 8377 8435 8525 8717 8314 8804 8307 8805 8343 8183 8632 8861 8462 8834 8497 8818 8826 8476 8271 8836 7675 8397 8531 8369 8855 7763 8984 8567 9022 8152 8606 8492 8451 8864 9150 8537 8749 8735 8837 8782 8582 8432 8571 8627 8640 8553 8671 8513 8769 8532 8647 8829 8497 8662 9108 8435 8537 8984 8832 8240 8359 8269 8176 8972 8310 8773 8441 8643 8111 8607 8586 8686 8723 8439 8373 8691 8435 8335 8643 8214 8447 8925 7681 8445 8363 8255 8694 8999 8945 8679 8477 8274 8508 8283 8681 8794 8580 8179 8263 8543 8341 8757 8341 8107 8373 8790 8236 8270 9124 8457 8479 8724 8621 7762 8334 8471 8430 8841 8445 8532 8276 8935 8290 8321 8290 8183 8688 8083 8551 8762 8138 8729 8447 8323 8373 8385 8145 8808 8390 8885 8448 8803 8659 8591 8168 8114
8624 8194 8278 8326 8393 8673 8395 8018 7866 8651 8238 8038 8255 8464 7901 8270 8683 7815 7909 8224 8607 8043 8631 8499 8121 7966 7875 7997 8439 8279 7971 8410 8095 8026 7633 8346 8009 8617 7934 8305 7980 8307 7956 8784 8256 8182 8592 7898 7665 8194 7879 8387 8602 8411 8121 8553 9073 7991 9043 8197 8296 8020 8281 8646 7958 8265 8755 8110 8413 8056 8285 8270 8214 7872 7761 8499 8204 7989 8346 7889 8129 8428 8277 7917 8379 8016 8053 8071 8760 8421 8582 7892 8400 7850 8720 8589 8363 8488 8688 7980 8468 8409 8030 8376 8667 7307 8082 8185 8264 7843 7623 8182 8112 8340 7939 7586 8284 8543 8330 8421 8427 8105 7622 8027 8021 7891 7799 8716 8574 8547 8410 8104 8252 8154 8539 7898 7737 8371 8357 7995 8396 8171 8455 8147 8247 8607 8503 8195 8347 8225 8313 7767 8064 7670 8090 8528 8134 8858 8347 8062 8698 8193 7950 8139 8577 8735 8365 8039 8151 7680 8212 8581 8081 8250 8107 8185 8171 7919 8143 8016 8139 8380 8334 8310 8121 8620 7981 8251 8367 8600 7698 8344 7675 8340 7528 8018 7952 8481 7969 8203 7605 8349 7922 7918 8017 8620 8082 7928 8160 8266 8268 7758 7335 8291 8077 8276 8227 8388 7700 8001 7930 8279 8036 8205 9123 8218 8440 8430 8536 7885 8409 8152 7793 8482 7820 8372 8248 8143 8423 8437 8641 8093 8438 8007 8961 8609 8408 8035 8083 8400 8250 8038 8273 8693 7852 8022 8161 8065 8222 8632 7939 8195 8056 8076 8462 7733 7999 8245 8057 8307 8228 8335 8125 8062 7777 8483 8090 8104 8283 7713 8431 7774 8265 7812 8343 8506 8256 8201 8784 8385 8328 8266 8478 8594 8451 7909 8386 8268 8196 8149 8677 8177 8643 7971 8358 8504 8314 8444 9061 8092 8109 8052 8046 8080 7927 8100 8102 8408 8336 8440 8295 7923 8062 8104 8317 8258 8132 8355 7897 7968 7845 7868 8325 7956 8086 8836 7404 7964 8053 8321 8266 8370 8210 8484 8404 8257 8230 8407 8352 8217 8349 8195 7947 8317 7896 7956 7960 7890 7980 8095 7584 8076 8771 8149 8199 8479 8350 7869 8442 7988 7987 8499 8098 7979 8192 8485 7913 7962 8376 8243 8764 7870 7954 8379 8107 8403 8290 8400 8153 8084 7927 8364 7790 8144 8312 8539 8485 8312 7905 7980
8069 7761 8019 7931 8255 8550 8074 7844 7618 8729 8494 7849 7988 8143 7880 8259 8491 7870 7695 8219 8327 7579 8233 8173 8117 7719 7778 8145 8030 8530 7490 8026 8017 8028 7644 7697 7512 8234 8225 7858 7599 8026 7724 8691 7894 8182 8433 7770 7814 8036 7575 8051 8245 8342 8670 8396 8549 8121 8578 8250 8241 7971 8090 8512 7874 8066 7954 8181 8027 7693 8204 8016 7905 7786 8001 8250 8031 8046 7913 7961 8028 8275 8247 7789 7851 7982 8112 7752 8468 8235 8100 7679 8008 7813 8285 8199 8110 8391 8584 8000 8425 8063 8097 8135 8003 7392 8062 7701 7797 8191 7710 7769 7869 8529 7617 7796 8179 8265 8234 8344 7985 7786 7701 7677 7953 7718 7437 8743 8760 8156 8272 8092 8125 8145 8312 7890 7494 7927 7970 7939 7939 8509 7852 8213 8092 8431 8085 7882 8080 7886 8462 7632 8170 7270 8128 7881 7949 8506 8053 7932 8204 7887 7748 7928 8562 7841 8105 7842 8327 7669 8236 8496 7856 8387 8225 7662 8115 7778 7932 7999 7783 8115 8154 8459 7802 8171 7756 8269 8502 8582 7628 8006 7581 8525 7436 7980 7727 8271 7601 8076 7869 8114 8028 8103 7979 8228 7879 7843 8156 8199 8012 7309 7423 8067 8227 8162 7951 8158 7574 7978 7781 7771 7977 7926 8896 8168 8049 8238 8483 7384 8455 8021 7353 8611 7822 7772 8200 8312 7957 8185 8368 7920 8254 7723 8384 8506 8303 8036 7769 8182 7940 7656 7751 8612 7903 7832 7663 8297 8022 8144 8044 8192 7895 8124 7988 7902 8064 8105 7706 8436 8104 8115 7935 7855 7448 8010 8460 7865 8077 7395 8103 7874 8283 7741 8167 7965 8076 8405 8575 8161 7878 8462 8131 8137 8294 7376 7919 8308 8074 7950 8483 7946 8476 7777 8221 8196 7978 8207 8591 8272 8245 8312 7824 7836 7943 7672 7904 8018 7962 8199 8119 8062 7781 8129 7821 7950 8324 8322 7727 8043 7642 7655 8384 7943 7838 8136 7340 8075 8095 7894 7917 8095 8179 8030 8000 7769 8339 8267 7875 8182 8088 7919 7819 7982 7836 8259 7887 7873 7734 8113 7457 7906 8445 7897 7955 8248 8114 7503 8224 8051 8154 8494 7785 8069 8044 7946 7722 7827 7819 8121 8210 7858 7703 8015 7711 8267 8284 7927 7911 7849 7635 8343 7822 8009 8161 8104 7894 8138 7405 7605
8284 8052 8178 7893 8066 8448 7788 7663 7950 8350 7907 7795 8547 8369 7897 8182 8074 7789 7868 8294 8555 7925 8344 8177 8034 8456 8098 7953 8332 8539 7880 8402 8056 7918 7745 8347 7870 8170 8133 7882 7882 8065 7684 8126 7917 8380 8139 8009 8117 8126 7707 8306 8477 8343 8367 8494 8878 8284 8641 8362 8392 8054 8019 8124 7898 7979 8419 8085 8440 8011 8480 8164 7533 8138 8152 8360 8337 8245 8085 8094 8027 8337 8217 7559 7855 8164 8316 7691 8563 7963 8227 7439 8444 7943 7980 8453 8027 8449 8551 7968 8265 8394 8162 8256 8275 7307 7916 7965 7626 8064 7693 8172 7739 8281 7875 7636 8271 8253 8243 8455 8068 7790 7784 7925 7908 8086 7545 8595 8486 8125 8200 8389 8374 8241 8030 7708 7530 7994 7845 8106 8333 8146 7971 8219 7952 8396 8322 7999 8031 8024 8434 7654 8549 7908 8149 7804 8014 8636 8471 7635 8134 8268 7778 7904 8348 8222 8017 7517 8130 7622 8121 8598 8288 8590 8083 8130 8082 7544 8022 8079 8248 7867 8181 8314 8126 8363 7547 8244 8750 8526 7659 8176 7532 8179 7717 8177 7831 8109 7843 8448 7919 7941 7980 8051 7954 8309 8245 8032 8215 8284 7795 7772 7889 7849 7991 8026 7880 7993 7785 7962 7943 8294 8218 7840 8527 8163 7991 8572 8160 7828 8288 7774 7621 8555 7835 8200 8527 8084 8079 8218 8304 7600 8108 7966 8448 8555 8527 8017 7903 8553 8102 7519 7671 8902 8180 8028 8206 8179 7792 8382 7893 8123 8346 7892 8097 8337 7965 8103 7998 8227 8148 8316 7769 8177 7496 8045 8302 8180 8229 7586 8219 8055 8460 8121 8236 8081 8039 8240 8457 8025 8286 8083 8018 8001 8435 7698 7901 8226 8193 7735 8508 8004 8443 7449 7769 8297 7950 8265 8794 8086 8080 8439 8220 8083 7946 8098 8002 8395 7557 8373 8042 8288 7684 7953 8156 7992 8211 8012 7693 8436 7891 8230 8026 8064 7903 8397 7419 7490 7926 8011 7990 8319 8206 7957 8073 8019 8052 8038 8109 8178 8166 7484 7872 8505 7922 8104 7812 7656 8080 8191 7791 7993 8680 8249 7909 8234 8164 7637 7802 8441 8361 8389 8026 7932 7685 8095 7647 7987 7732 8398 8669 8241 7838 8141 7640 8732 8357 8345 7612 8075 7571 8503 7696 8161 7840 7881 8216 8429 7769 7625
8778 9131 8822 8357 8995 9238 8744 8620 8526 9187 8611 8615 8591 8960 8694 8828 9207 8099 8584 9391 9087 8213 8774 8941 9034 8826 8600 8743 9299 8850 8353 8656 8619 8345 8028 8706 8489 8637 8471 8326 8564 8845 8504 9421 8717 8688 9216 8765 8449 8752 8629 8786 9225 9153 8787 8679 9368 8910 9306 8950 8458 8590 8753 9372 8520 8721 8637 8947 8985 8455 9184 8762 8802 8675 8314 8850 8857 8776 8900 8473 8455 9306 8939 8197 8686 8579 8917 8796 9155 8810 8791 8500 9258 8430 8624 8922 8730 9162 8996 8479 9395 8612 8915 9182 8917 7788 8157 8381 8577 8936 8277 8403 8395 8913 8468 8214 9058 8892 8551 9222 8702 8466 8057 8433 8553 8656 8483 9256 8893 8768 9025 8842 8775 8468 9144 8325 8110 8425 8634 8674 8655 8748 8554 8813 8573 9060 8636 8639 8455 8660 9125 8270 8806 8194 8736 8647 8427 9351 9164 8457 8990 8935 8294 8699 9069 8724 8760 8111 8947 8358 8869 8983 8507 8670 8908 8710 8831 8491 8235 8371 8657 8825 8725 9078 8655 9076 8499 8846 9130 8814 8049 8740 8316 8775 8160 8759 8438 8588 8578 8995 8748 8745 8911 8727 8831 8740 8748 8391 8895 8956 8779 8121 8087 8755 8684 8725 8738 8904 8332 8881 8543 9018 8599 8706 9244 8939 8612 8775 8820 8109 9140 8558 8091 9209 8501 8403 8737 8875 9137 9143 9044 8200 9008 8148 9345 8860 9401 8847 8265 8751 8775 8616 8495 9441 8522 8874 8736 8773 8737 9170 8305 8719 8907 8635 8241 8660 8814 9051 8738 8916 9011 8862 8648 8886 7916 8716 8533 8571 9078 8104 9068 8634 8682 8521 8825 8771 8514 8664 9476 8669 8933 8954 8993 8909 9252 8162 8859 8680 9053 8724 8940 8820 8902 8445 8707 9060 8654 8831 9495 8754 8728 8857 8632 8268 8388 8532 8516 8962 8566 8893 8569 9209 8475 8762 8564 8878 8675 8562 8527 8858 8441 8581 8635 8199 8525 8994 7967 8655 8743 8934 8670 9189 8899 8600 8719 8643 8483 9056 8924 8669 9080 8681 8703 9281 8791 8832 8427 8196 8499 8623 8414 8701 8958 8787 8356 8523 8809 8140 8780 8780 8520 8677 8600 8715 8334 8615 8510 8632 8541 8793 8944 8509 8410 8592 8257 9064 8680 8625 8271 8489 8028 8935 8739 8756 8411 8808 8859 8633 8234 8474
8486 8228 7851 8019 7801 8414 7906 7618 7831 8661 8044 7712 7886 7919 7743 8351 8366 7794 7735 8381 8302 7768 8159 8084 7935 8040 7807 8337 8385 8270 7611 7962 7724 7852 7796 7754 7856 8252 8049 7641 7461 8067 7634 8261 7971 8132 8450 8244 7893 8124 7477 8082 8371 8518 8060 8422 9109 7899 8494 8340 8264 7857 8319 8654 7812 7880 8129 7824 8345 7927 8193 8156 8193 7758 7706 8145 7628 7901 7858 8084 7730 8212 7709 7626 7805 8235 8074 7813 8387 8435 8181 7711 8101 7700 8059 8291 7890 8562 8507 7724 8141 8090 8393 7977 7962 7385 7853 7962 7879 8094 7822 7918 7930 8246 7801 7246 8042 8290 7616 8377 8279 7419 7812 8133 8285 8101 7698 8245 8317 7537 8265 7966 7614 7851 8373 7665 7683 8031 8373 7608 8268 7675 8142 8424 7873 8266 8143 8133 7846 8024 8908 7489 8483 7575 7926 8079 8002 8643 8738 7997 8188 8123 7845 7913 8183 8060 8245 7757 8354 8062 7998 8125 7884 7897 7999 8170 8065 7854 7651 7962 7732 7835 7765 8433 7870 8485 7532 7865 8208 8352 7624 7727 7723 8142 7960 8126 7905 8130 7689 8114 7922 7981 7716 8124 8175 8035 8347 8067 8123 8456 8116 7713 7467 7856 8220 8236 8006 8288 7494 7996 7693 8237 8057 8004 8740 8339 8075 7979 8230 7694 8108 8052 7736 8469 7928 7950 8053 8045 8296 8550 8499 7501 8478 7631 8604 8511 8297 7900 7990 8451 8105 7838 7706 8597 8456 7788 7623 8262 7982 8162 7908 7938 8081 8000 7850 7878 7654 8141 7992 8333 8434 8360 7550 8151 7326 8169 8225 7756 8234 7608 8418 7878 8228 7651 8303 8257 8227 7953 8670 8274 8142 7980 8370 8078 8074 7717 8204 7755 8211 7759 8220 8121 8695 7700 7875 8138 7783 8153 8768 8044 8073 8211 8034 7762 7923 7561 7611 8163 7870 8307 8225 7930 7447 8131 7865 8206 8110 7914 7627 8277 7690 8174 7731 7930 7923 8342 7361 7836 7844 7871 8306 8283 8040 8141 8425 8027 8025 8167 7866 7803 8171 7754 7824 8195 7957 8242 7964 7828 7798 7996 7786 8150 8410 7953 8036 7847 7781 7089 7904 7806 8076 8078 8162 7886 7968 8144 7874 7746 8103 7938 8401 8176 8059 8234 7485 8274 7954 7708 7903 7591 7778 8495 7621 8464 8018 8365 8081 8023 7786 7532
7794 8034 8134 7703 8242 8405 8147 7330 7545 8307 7773 7798 7956 7907 7603 8039 8086 7778 7468 8279 8079 7679 8264 8065 7771 7918 7612 7892 8258 7769 7500 8207 8020 7749 7588 7859 7696 7998 7647 7732 7634 8434 7538 8471 7755 7848 7933 7858 7568 7706 7722 7882 8188 8186 8229 8006 8279 7944 8324 8619 7826 7846 8324 8737 7427 7897 8025 7722 8218 7759 8200 7923 7784 7500 7470 8104 7922 7682 7915 8064 7823 8179 8159 7595 7998 7841 8333 7606 8466 7622 8221 7455 7985 7822 7947 8208 7829 8256 8350 7866 7989 8000 7796 7963 8367 6856 7656 7945 7774 8041 7459 7703 7684 8163 7839 7429 8052 8073 7916 8011 7784 7734 7295 7861 8000 7779 7594 8497 8152 8040 8378 8337 7906 7713 8089 7417 7790 7651 8024 7655 7896 7978 8014 7847 7952 8665 7697 7993 7890 7998 8243 7467 7825 7416 8061 7775 7887 8848 7937 7556 8221 8161 7774 7738 8031 8098 7982 7468 8237 7549 8001 8171 8060 7916 7733 8172 8184 7605 7522 7722 7695 7874 7767 8034 7707 8235 7672 8085 7840 8289 7551 8052 7357 8123 7348 7715 7441 8128 7693 7793 7845 7879 8053 7785 7757 7918 7976 7849 7804 8318 8175 7513 7120 8356 8210 8199 7643 7842 7162 7992 7861 7965 7903 7944 8468 8229 7781 7878 8065 7524 8018 7723 7475 8302 7638 7752 8081 8195 8170 7999 8026 7903 8270 7892 8345 8395 7886 7738 7891 8271 7775 7647 7602 8640 7729 8046 7562 7996 7895 8290 7480 8018 7710 7748 7639 7712 7633 7929 8056 8339 8080 8045 7876 8008 7166 7678 8140 7881 7992 7167 8191 7612 7763 7939 7760 7539 7351 7733 8564 7947 8066 8340 8086 7917 7854 7430 7686 7934 7921 7642 8422 7628 8360 7973 7905 8164 7933 8032 8640 8011 7800 7914 7754 7772 7853 7504 7942 8137 7421 7863 7683 7846 7556 7917 7848 7765 8190 7714 8059 8320 7854 7804 7788 7964 7633 7737 7154 7766 7712 8053 7763 8261 8262 8118 7757 7632 7887 7951 7872 7850 8054 7751 7491 8002 7571 7779 7989 7667 7824 7816 7586 7784 8236 7903 7676 8525 7937 7215 7827 7700 7800 7968 7776 7884 7579 7883 7686 7366 7926 7794 8319 7455 7912 8101 7810 8314 7800 7871 7846 7875 7834 8222 7824 8132 7854 8166 8069 7974 7618 7623
7901 7950 7995 7993 8230 8272 7630 7711 7556 8674 8152 7852 7719 8115 7711 8219 8431 7561 7412 8147 8368 7492 7861 8074 8343 7862 7646 7739 8155 7915 7352 7831 7965 7597 7397 7822 7660 7870 7793 7691 7419 8192 7435 8217 8156 8093 8303 7997 7271 8034 7474 7695 8270 8239 8227 8023 8400 7925 8273 7600 8128 7905 8383 8596 7454 7722 8242 7922 8078 7692 8136 7892 7911 8008 7727 8137 7820 7855 7865 7772 7834 8153 7879 7521 7617 7440 7608 7862 8295 8166 8242 7794 7952 7849 8083 7933 7934 8125 8146 7582 8195 7846 7650 8160 7946 7301 7495 7755 7640 7626 7493 7540 7551 8421 7483 7732 8091 8096 7929 7871 7883 7270 7522 7701 7805 7797 7625 8562 8207 7978 8054 8122 7825 7729 7975 7507 7316 7945 7849 7655 7669 7850 7848 7964 7674 8393 7923 7519 7735 7544 8100 7649 8210 7510 7926 7883 7766 8223 7887 7684 8340 7799 7898 7986 8115 7706 7849 7772 8226 7576 7819 7910 7915 7895 7719 7892 7883 7719 7258 7567 7958 7776 8106 8147 7687 7880 7764 7942 8541 8218 7311 8119 7546 8155 7447 8200 7644 8014 7553 8155 7965 7838 8120 7746 7873 8352 7882 7794 7921 8150 7945 7391 7289 7580 7973 8154 7804 8138 7725 7947 7358 7776 7954 7608 8282 8196 8243 7985 7916 7316 7831 7343 7787 8356 7500 7884 8314 7883 8110 8085 8291 7399 7916 7699 8285 8011 8063 7897 7646 8117 8006 7837 7896 8850 7774 7717 7761 7811 7894 8097 7859 8094 8036 8078 7827 7795 7757 7887 7636 8386 8334 7840 7542 7940 7460 7934 7877 7938 8086 7449 8203 7808 8050 7776 7958 8052 7909 8174 8250 7911 7723 7967 8398 8085 8305 7743 7835 7918 7954 7557 8239 7811 8146 7701 8161 8131 7807 7834 8496 7672 7888 8336 7832 7685 7959 7459 7905 8272 7822 8155 7824 7944 7722 7996 7897 7782 7759 8055 7505 8229 7465 7632 8029 7631 7569 8051 7255 7849 7738 7967 8237 8227 8299 7913 7690 7672 8008 7760 7944 7876 7925 7695 7690 8141 7965 8039 7662 7643 7667 7769 7494 7615 8223 8097 7828 7762 7806 7612 7978 7837 7911 8166 7809 7686 7698 8299 7785 8043 7754 7922 8181 7843 7752 8012 7777 8169 7998 7626 7674 7789 7444 8231 7650 8123 7996 7890 7741 8030 7502 7778
9182 8952 8766 8704 8715 8973 8364 7981 8674 9340 8708 8567 8581 8761 8699 8945 8872 8505 8566 9116 9186 8028 8535 8608 8598 8491 8321 8544 9024 8548 8135 8807 8783 8815 8101 8637 8304 8701 8790 8972 8623 8613 8493 9427 8917 8839 8883 8882 8410 8943 8038 8660 8846 8967 8744 8743 9312 8863 9431 8986 8846 8564 8856 9085 8459 8725 8840 8329 8870 8675 8903 8935 8639 8608 7996 8880 8666 8606 8503 8625 8397 8946 8769 8592 8599 8563 8794 8793 8751 8891 8921 8404 8822 8396 9006 9036 8781 9124 8777 8696 8945 9196 8693 8808 8573 7971 8476 8493 8544 8491 8274 8785 8687 9164 8639 7978 8688 9142 8797 8932 8621 8236 8062 8555 8924 8938 8198 9235 9020 8365 8915 8789 8477 8324 9089 8304 8136 8734 8776 8464 8635 8548 8482 8612 8564 8804 8641 8635 8743 8663 9456 8319 8913 8316 8789 8882 8470 9463 9030 8453 9263 8431 8399 8576 8893 8716 8815 8322 9096 8397 8751 8732 8781 8920 8846 8755 8776 8172 8349 8755 8728 8878 8867 9338 8338 8969 8314 8579 9181 9108 7821 8566 8268 8641 8320 8459 8593 8832 8242 9164 8694 8641 8526 8431 8531 8733 9048 8567 8935 8770 8709 8101 8062 8487 8889 8885 8671 9090 8077 8782 8613 8593 8413 8785 9097 8805 8814 8972 8656 8629 8953 8452 8110 9155 8661 8498 8968 8749 8927 8819 9091 8439 9193 8463 9282 8861 9018 8751 8348 8987 8931 8609 8731 9257 8420 8589 8479 8862 8576 8939 8523 8442 8610 8632 8905 8539 8465 8746 8538 8567 9218 8955 8204 8660 7906 8682 8612 8525 8864 8265 8786 8476 8955 8288 8359 8783 8677 8937 9366 8791 9019 8448 9227 8854 8975 8166 8813 8392 8706 8810 8788 8514 9484 7821 9039 8776 9143 8905 9409 8958 8913 8859 8577 8556 8617 8074 8419 9046 8459 8921 8747 8666 8085 8314 8938 8543 8943 8313 8287 8989 8351 8276 8489 8706 8710 9168 7710 8506 8550 8529 8677 9314 8670 8534 9070 8235 8620 8604 8470 8527 8897 8702 8347 8959 8179 8916 8591 8454 8424 8759 8242 8601 9147 8648 8538 8578 8670 8002 8872 8854 8578 8962 8724 8596 8618 9040 8672 8545 8492 8501 8840 8669 8495 8909 8417 8740 8608 8885 8251 8302 8404 8815 8484 8778 8550 8713 8969 8757 8173 8107
8118 8105 8221 7921 8164 8350 7979 7587 7976 8784 7962 8018 8011 8566 7960 8378 8347 7812 7744 8401 8531 7597 8055 8610 8039 7705 7968 7947 8311 8049 7408 7973 7960 8269 7770 7900 7961 8144 8313 8041 7721 7962 7548 8410 8134 8248 8269 8076 7977 7378 7470 8350 8340 7852 8523 8388 8837 8038 8529 8001 8016 7890 8335 8355 7929 8058 8059 7802 8282 7872 8263 8341 8216 7655 7452 8179 8052 7789 8069 7960 7877 8087 8068 7584 7939 7999 8030 7779 8293 8358 8413 7857 8146 7853 8111 8451 8080 8377 8225 8034 8489 8142 7769 8240 8102 7105 7733 7829 7974 7858 7816 8212 8370 8585 7617 7629 8374 8337 8036 8235 7944 7564 7273 7805 8392 7536 7777 8691 8625 7908 8442 8152 7826 7850 8404 7474 7413 7961 7957 7716 8256 8064 7980 8233 8114 8177 8223 7949 7998 8117 8623 7676 8119 7557 7779 7824 7963 8623 8284 7653 8252 8135 7626 8090 8263 8192 8037 7911 8374 7571 8083 8206 7949 8036 8183 7756 7903 7857 7500 7822 7962 8067 7984 8126 8098 8191 7745 8131 8418 8355 7412 7891 7470 8041 7643 8142 7916 7821 7541 8261 7821 8182 8203 7968 7801 8259 8168 7774 8485 8199 8278 7462 7415 7969 8204 8343 8029 8250 7645 8246 7680 8127 8044 8145 8716 8238 7850 8300 7949 7692 8232 7667 7335 8201 7870 7998 8386 8187 8062 8439 8425 7523 8552 7873 8310 8342 8279 7918 7827 8456 8138 7848 7833 8826 8175 7924 7788 8143 7809 8126 7836 8143 8107 7967 8177 7757 7929 8179 7760 8427 8279 8420 7541 8002 7318 8444 8033 7808 8164 7470 8303 7896 8122 7729 8020 8475 8040 8131 8577 8262 8334 8410 8294 8218 8431 7827 7847 8023 8232 7968 8130 7988 8356 7612 8238 8592 7975 8426 8727 7881 7849 8113 7978 7811 7680 7933 8084 8121 7711 8283 7713 7798 7939 8356 7759 7923 7998 7707 7900 8218 7661 7821 7794 7886 7736 8366 7216 7864 7975 8015 8115 8280 8256 8107 8078 7667 8112 8327 7993 8136 8095 8080 7949 8223 7591 7812 7743 7590 7839 8204 7611 7899 8441 8245 7762 7996 7886 7430 8346 7647 7974 8136 7764 8156 7967 8014 7885 7818 7850 7871 8485 7680 7455 8212 7545 8768 7841 8051 7586 7972 7667 7901 7589 8067 7884 8399 8338 7899 7810 7503
7799 7802 7922 7607 7850 8145 7628 7326 7498 8291 7421 7785 7852 7886 7693 8024 8090 7312 7617 8043 8095 7425 7810 8169 8000 7734 7637 7881 7744 8177 7365 7846 7695 7724 7429 7511 7169 7992 8018 7367 7270 7897 7473 8085 7978 7921 7774 7824 7439 7766 7705 7878 7919 7919 7850 7910 8188 7892 8108 7986 7700 7543 8085 8413 7719 7502 7679 7519 7759 7610 7936 7748 7951 7389 7412 8138 7583 7728 7746 7541 7487 8003 7797 7359 7534 7831 7548 7860 7956 8016 7811 7549 7782 7564 7860 8055 7685 8143 7855 7754 7950 7726 7592 7798 7936 7226 7299 7186 7637 7829 7571 7608 7679 8501 7799 7440 7904 8228 7727 7480 7582 7451 7090 7434 7914 7460 7235 8158 8427 7629 7973 7630 7573 7541 8235 7125 7492 8030 7783 7625 8015 7833 7980 8014 7831 8120 7748 7579 7844 7819 8278 7489 7875 7200 7725 7882 7690 8123 7980 7586 7998 7648 7608 7713 7840 7740 7773 7216 8012 7558 7675 7992 7931 7764 7777 7918 7740 7442 7362 7868 7768 7479 7865 8132 7535 7946 7597 7985 8264 8129 7350 7364 7264 7794 7506 7559 7417 7896 7608 8040 7863 7630 7789 7532 8009 7785 7823 7566 7885 8229 7715 7438 7060 7858 7846 8044 7535 8038 7168 7841 7949 7615 7643 7749 8169 7832 7787 7625 7841 7288 8129 7483 7534 8290 7836 7681 7969 8011 7894 8261 7761 7465 8034 7611 8082 7992 7913 7816 7605 7873 8008 7532 7502 8211 7772 7584 7825 7732 7846 7800 7829 7495 7760 7971 7628 7274 7735 7727 7359 8108 8184 7859 7390 7459 7176 7932 7885 7614 7696 7306 7909 7587 7771 7180 7703 7637 7797 8016 8174 7801 7823 8073 8032 8198 7713 7593 7858 7792 7782 7741 7959 7590 8185 7228 7926 7923 7889 8170 8016 7529 7683 7781 7630 7373 7614 7778 7469 7941 7435 8080 7468 7988 7323 7833 7834 7923 7771 7633 7195 7962 7470 7559 7753 7748 7463 7951 7234 7635 7696 7762 8092 7928 7867 7731 8087 7450 7999 8141 7876 7984 8014 7534 7753 7779 7680 7852 7454 7417 7453 7971 7528 7654 8115 7726 7334 7838 7763 7148 7508 7563 7729 7929 7827 8013 7480 8031 7384 7683 7690 7732 7970 7676 7630 7752 7401 7937 7626 7920 7592 7664 7275 8125 7632 8211 7608 8166 7965 7596 7416 7208
7878 7555 7757 7804 7762 7944 7562 7279 7535 8562 7657 7697 7704 7800 7912 7982 8244 7628 7666 8005 8233 7475 7513 7684 7961 7726 7520 7968 7822 7641 7209 7466 7841 7493 7219 7634 7464 7951 7700 7796 7379 7660 7249 8175 7785 7598 7923 7824 7385 7539 7281 7914 7913 8038 8107 7883 8760 7622 8161 7991 7781 7313 7875 8195 7653 7581 7880 7732 7844 7531 7745 7760 7461 7472 7399 7654 8069 7522 7597 7646 7840 7809 7828 7596 7699 7673 7698 7948 7881 7740 7728 7474 7865 7626 8000 8178 7930 8136 8309 7672 8009 7587 7969 8303 8203 7340 7598 7966 7525 7967 7164 7501 7209 8000 7731 7493 7963 7905 7587 8010 7573 7439 7328 7530 7949 7888 7485 8321 8383 7940 8021 8188 7785 7743 8092 7554 7172 7967 7739 7715 7598 7557 7865 7981 7629 8437 7916 7637 8002 7726 8234 7444 7908 7214 7888 7925 8016 8362 7849 7354 7954 7714 7640 7781 7863 7737 8058 7893 7888 7289 7721 7842 7433 7648 7502 7764 7678 7471 7567 7772 7304 7496 7869 8195 7673 8369 7858 7834 8067 8342 7384 7416 7076 8025 7347 7750 7443 7783 7548 7842 7496 7586 7929 7492 7517 7529 7917 7781 7906 7901 7652 7454 7221 7756 7871 7639 7589 7780 7181 8038 7665 7808 7837 7458 8390 7664 7702 7678 7695 7472 7685 7690 7510 8296 7813 7480 8006 8197 7953 8158 7802 7535 8006 7846 8078 8124 8341 7669 7410 8127 7761 7767 7634 8022 7516 7519 7643 7733 7546 7952 7612 7733 7791 7380 7842 7402 7792 7903 7516 8077 7932 7784 7449 7581 7049 7846 7948 7758 7651 7293 7726 7731 8020 7441 7721 7455 7644 8035 8598 7689 7840 7427 8054 7947 8021 7609 7861 7704 8137 7710 8200 7391 8196 7404 7696 7809 7816 8095 8181 7666 7647 7452 7532 7426 7539 7390 7616 8186 7538 8150 7872 7732 7570 7874 7896 7630 7849 7886 7439 7931 7242 7749 7750 7529 7723 7939 6938 7456 7728 7698 8058 8072 7985 7450 7802 7178 7730 7925 7591 7441 7731 7610 7814 7877 7782 7773 7460 7422 7602 7829 7513 7550 8191 7615 7767 7723 7529 7289 7522 7669 7690 7901 7638 7643 7913 7843 7650 7899 7566 7793 8073 7770 7705 7723 7646 8018 7781 7529 7387 7639 7067 8153 7179 7795 8001 7739 8056 7646 7578 7109
7932 8093 7908 7715 8195 8337 7935 7731 8018 8787 8398 7907 7808 8111 7906 8255 8355 7677 7809 8404 8378 7547 7955 8211 7835 8029 7826 7984 8413 8435 7714 8217 8163 8071 7806 8156 7331 8300 7842 7827 7516 8273 7514 8761 8060 8234 8194 7837 7464 7916 7303 8426 8466 8345 8218 8069 8848 8154 8413 8446 8012 7784 8406 8226 7576 7887 8209 8144 7914 7701 8431 7973 8105 7890 7659 8281 8466 8236 7765 7603 7929 7980 8292 7588 8268 7735 7994 8026 8597 8034 8205 7922 8304 7932 8124 7944 8141 8341 8150 7895 8205 8183 8296 8424 8026 7540 7763 7982 7893 7770 7898 8330 7814 8437 7978 7721 8265 8236 7853 8122 7861 7826 7433 7968 8254 7921 7938 8812 8327 7791 8448 8234 7876 7867 8245 7497 7507 7822 7578 7660 7778 7937 8098 8463 8113 8359 8241 7730 7838 7842 8402 7616 7996 7627 8149 8111 7886 8313 8237 8034 8366 7991 7860 8368 8287 7965 8037 7536 8521 7819 8177 7879 7809 7858 8101 7795 7859 7713 7768 7859 7911 8237 8079 8335 7764 8369 7520 8036 8450 8348 7585 8248 7386 8282 7500 8098 7796 8068 7855 8314 7918 7973 8138 8040 8003 8147 8109 8187 8300 8204 7769 7496 7059 7975 8203 8499 7750 8162 7602 8411 8200 8098 8018 7907 8525 7871 8372 8038 8106 7719 8438 7731 7805 8448 7836 7622 8191 8478 8199 8326 8284 7875 8425 8077 8366 8152 8261 7992 7637 8012 7728 7991 7512 8897 8193 7861 7835 8161 8167 8146 7763 8114 8234 7997 7750 7651 7788 8195 7943 8213 8295 7954 7681 7798 7393 8194 8005 8135 8111 7428 8231 7861 8212 7751 8091 8221 7812 8131 8721 8030 8416 8205 8298 8145 8350 7668 8174 8032 8366 7949 8162 7827 8271 8011 8237 8148 8481 7961 8786 7962 7967 8121 7797 7757 8119 7656 7967 8332 8008 8477 7927 8464 7550 8077 7957 7753 8232 7992 7859 8525 7866 7655 7939 8240 7717 8157 7547 8066 8072 8111 8072 8098 8388 7577 8263 7649 8093 7850 8356 8232 8098 7726 7739 8314 7731 8142 7755 7728 7784 8047 7715 7953 8398 8295 7941 8207 8000 7352 7966 7887 7927 8295 8048 8041 7676 8094 7958 8193 7955 8060 8582 7622 8105 8165 7832 8520 7769 7987 7720 7951 7342 8194 8005 8035 7822 7787 8227 8112 7832 7443
7774 7585 7720 7520 7632 8219 7500 7445 7566 8196 8065 7408 8087 8183 7880 8017 7958 7279 7580 7921 8006 7077 7878 7879 7532 7791 7820 7596 8163 8044 7503 8080 7509 7690 7134 7808 7540 7842 7703 7602 7415 7670 7481 8142 7783 7637 7908 7442 7668 7876 7235 8012 8303 8222 8212 7936 8334 7859 8239 7858 7704 7830 7874 7822 7221 7636 7838 7455 7737 7378 7825 7773 7813 7567 7471 7706 7761 7805 7720 7609 7338 7764 8015 7202 7804 7423 7598 7450 8158 7911 7779 7204 7770 7448 7813 8132 7702 8094 7913 7409 7971 7864 7573 7701 7648 7110 7698 7569 7480 7403 7506 7585 7679 8351 7646 7176 7912 7979 7715 7763 7635 7646 7227 7619 7828 7424 7364 8291 8028 7471 7948 7779 7908 7505 7847 7582 7114 7736 7617 7694 7780 7697 7684 8143 7290 8205 7855 7743 7513 7678 8317 7285 7793 7321 7740 7489 7447 7945 7809 7624 8236 7983 7537 7981 8221 7876 7720 7364 8031 7563 7577 7962 8062 7919 7777 7645 7587 6939 7272 7544 7710 7723 7751 7944 7593 7944 7527 7548 8125 7905 7162 7601 7071 7832 7399 7948 7909 7570 7398 7674 7759 7579 7727 8022 7467 8019 8072 7564 7765 7697 7417 7255 7171 7874 7794 8054 7637 7748 7278 7909 7347 7745 7718 7454 8318 7794 7557 7941 7704 7211 7765 7526 7528 7867 7545 7702 8227 7875 8164 7908 7910 7412 7958 7409 7855 7930 7856 7673 7594 7851 7521 7471 7571 8444 7583 7575 7701 7657 7546 7903 7526 7792 7672 7514 7567 7594 7782 7714 7879 7776 7493 7661 7815 7675 7247 8234 7726 7417 7883 7171 7986 7557 7830 7433 7688 7707 7642 7959 8174 7988 7543 8105 8092 7975 7655 7325 7935 7766 8062 7524 7902 7595 7797 7637 7773 7770 7686 7891 8378 7555 7431 7939 7387 7393 7655 7317 7278 7729 7589 8237 8008 7951 7459 7493 7618 7298 7725 7711 7516 7775 7212 7495 7748 7741 7484 7961 6779 7110 7685 7970 7368 7903 7717 7945 7761 7575 7731 7586 7911 7738 7674 7416 7198 7683 7509 7769 7311 7572 7719 7725 7535 7793 8474 7870 7196 8039 7769 7353 7811 8113 7853 7773 7674 7790 7547 7626 7541 7499 7598 7591 8088 7455 7142 7865 7237 8056 7407 7646 7436 7664 7305 7889 7451 7760 7374 7792 7640 7841 7560 7246
8361 8026 8320 8041 8287 8325 7484 7387 7937 8503 8059 7810 8293 8235 8061 7990 8231 7587 7754 8282 8092 7780 8519 8079 8105 7906 7720 7918 8229 8039 7753 8141 7883 7866 7402 7965 7548 8245 8107 7864 7679 8326 7545 8736 7981 8050 8218 8193 8078 8254 7647 8479 8080 8404 8111 8142 8772 8021 8206 8096 8153 7678 8275 8494 7465 8008 8106 7923 8491 7825 8451 8204 7854 7845 7712 8303 7977 7703 7769 7821 7979 7935 8650 7653 8051 7866 7854 8003 8420 8150 8324 7798 8182 8045 8116 8335 7837 8492 8315 7759 8584 8070 8139 8235 8384 7639 8177 7797 7991 8395 7575 7681 7690 8368 8086 7577 8398 8494 7917 8195 8393 7729 7760 8114 8020 8123 7563 8702 8276 7887 8280 7912 7719 7842 8139 7742 7562 7993 7953 7994 8204 7732 8056 8281 7807 8282 8183 7840 8031 7973 8632 7668 8267 7482 8060 8055 7829 8289 8373 7870 8484 8007 7870 7928 8413 8240 8133 7856 8062 7847 8103 8518 7982 7990 7988 8094 8131 7731 7320 8006 7819 7959 8356 8481 8016 8198 7883 7969 8515 8347 7740 8003 7956 8386 7803 7879 8161 8272 7730 8035 7947 7798 8289 8022 7934 7897 7769 7795 7974 8141 8065 7623 7652 7983 8139 7889 7947 8044 7706 8182 8055 7956 7936 7928 8508 8095 8004 8050 8297 7898 8165 7651 7787 8336 7788 7897 8381 7950 8382 8387 8168 7993 8293 7936 8392 8191 8187 8183 7707 8418 8093 8014 7737 8494 7896 7994 8074 8327 7949 8595 8032 7849 8056 7741 7970 7681 8142 8148 8267 7960 8315 8288 7380 7973 7412 8247 8113 7883 8081 7394 8226 7985 8224 7682 8125 8017 7933 8222 8399 8169 8009 8091 8409 8389 8304 7923 8290 7885 8143 7983 8380 7882 8253 7934 8030 8316 8092 8085 8538 7821 7622 8400 8156 7779 8195 7695 7625 8455 7845 8595 8204 7954 7750 8057 8151 7914 8158 7859 7830 8132 7708 8028 8030 8001 7761 8166 7211 8014 7629 7741 8215 8375 8003 7905 8107 7717 7884 8260 8191 8077 8119 7903 7716 7786 7716 7956 7991 7831 7753 8097 7899 8004 8567 7921 7921 8096 7782 7531 7747 7938 7883 8354 8053 7597 7754 8172 7722 7769 7875 8086 8447 7999 7617 8217 7467 8466 8065 7580 7649 7746 7585 8331 7890 8152 8121 8171 8277 7764 7499 7381
8050 7892 7629 7437 7638 8128 7601 7031 7738 8291 7562 7366 7849 7816 7692 7823 8313 7309 7662 7885 8195 7320 8103 7847 7870 7815 7608 7720 7692 7968 7340 7660 7716 7751 7129 7825 7684 8080 7800 7642 7444 7706 7502 7958 7840 7789 8390 7568 7651 7799 7210 7865 8188 7745 7737 7857 8439 7729 8121 7963 7605 7819 7980 8061 7334 7747 8022 7543 7894 7536 8133 7521 8000 7599 7376 7865 7819 7927 7766 7670 7880 7956 7698 7222 7665 7492 7687 7794 8244 8164 7892 7473 7885 7558 7901 8063 7643 8066 7578 7808 8131 7741 7905 7831 7865 7229 7610 7428 7786 8215 7563 7392 7638 8072 7750 7335 7880 7991 7705 7998 7968 7511 7587 7557 7333 7519 7308 8137 8356 7577 8198 7941 7488 7692 8006 7361 7082 7699 7446 7451 7679 7555 8095 8128 7600 8209 7534 7769 7443 7657 8262 7165 8043 7302 7969 7975 7594 8193 8135 7753 8152 7872 7575 7692 7853 7628 7646 7521 7576 7486 8205 7974 7598 7763 7743 7748 7665 7340 7134 7351 7479 7233 7671 8036 7659 8224 7327 7643 8004 8266 7333 7955 7264 8086 7296 7945 7828 7813 7507 7676 8003 7367 7655 7776 7520 7286 7484 7409 7991 7909 7615 6841 7036 7609 7431 7761 7769 7768 7603 7708 7581 7838 7607 7561 8080 7676 7832 7949 7869 7315 7878 7559 7532 8120 7571 7397 7766 7834 7417 8000 8088 7530 7593 7845 7810 7773 7864 7439 7317 7765 7543 7684 7205 8393 7345 7530 7595 7702 7641 8132 7542 7730 7857 7739 7765 7593 7399 8032 7726 7963 7652 7864 7538 7680 6845 7822 7978 7708 8043 7223 7988 7397 8223 7420 7888 7957 7649 7783 8192 7789 8102 7768 8001 7967 7892 7534 7988 7782 7840 7644 8222 7647 7834 7686 7996 8108 7834 7899 8531 7469 7802 8080 7791 7412 7529 7052 7804 7981 7658 7908 7537 7835 7133 7518 7734 7585 7754 7561 7311 8090 7200 7865 7643 7647 7490 8157 7023 7465 7449 7751 7912 7689 7688 7515 7531 7386 7746 7728 7770 7758 7798 7770 7260 8052 7388 7528 7433 7475 7545 7960 7431 7630 8205 7578 7525 7696 7931 7137 7680 7661 7758 7736 7868 7458 7790 7998 7576 7847 7362 7631 8134 8056 7181 7592 7174 8100 7296 7706 7286 7526 7323 8085 7540 7885 7533 7859 7769 7834 7274 7042
7971 8209 8339 7964 8318 8581 7948 7602 7894 8550 7485 8071 8120 8210 7996 7658 8353 7661 7558 8391 8273 7555 8177 8047 8046 7781 7808 7958 7970 7848 7576 7760 7768 7975 7803 7834 7680 8071 7918 7989 7713 7971 7676 8689 7854 8263 8174 8140 7794 8320 7850 7869 8473 8190 8242 8100 8642 8083 8713 8219 8133 7967 8255 8387 7579 7721 8123 7846 8293 7823 8312 8128 7708 7788 7732 8323 7908 7969 7925 8121 7715 8347 8169 7541 7813 7986 8031 7793 8437 7974 8374 7415 8186 7524 8226 8129 8236 8222 8039 8023 8517 7861 8047 7974 7993 7038 7942 7916 7891 7836 7403 7960 7383 8475 7745 7666 8275 8424 8069 8245 8051 7639 7314 7443 8094 8066 7743 8623 8460 7956 8354 8295 8134 7842 8370 7712 7554 7937 8187 7978 7793 8032 8168 8312 7948 8328 7896 7910 8014 7858 8323 7773 8232 7714 7991 8019 7693 8534 8221 7953 8580 7941 7967 7838 8297 8159 8019 7625 8441 7733 7819 8332 8117 8095 7632 8146 7878 7786 7495 7860 7920 7787 8113 8477 7702 8524 7814 8048 8338 8449 7832 8033 7469 8118 7579 7868 7753 8328 7564 7967 7928 8294 8137 7676 7934 8005 8044 8016 8025 8411 8160 7787 7551 8148 7961 8240 7947 8080 7638 8194 7934 7749 7885 7777 8768 8159 7934 8207 8214 7481 8043 7775 7429 8281 8108 7723 8133 8158 8256 8203 8477 7528 8059 7908 8517 8467 7988 7968 7694 8178 8387 7861 7979 8754 7899 7963 7668 7986 7689 8085 7896 8130 7822 7900 8196 7972 7804 8129 7875 8091 8272 8048 7625 8075 7303 8046 7902 7981 8208 7572 8170 7813 8213 7669 8175 7848 8027 8366 8710 7751 8174 8152 8299 7998 8001 7799 7872 8134 8172 7996 8389 7857 8262 7605 7914 7838 8028 8155 8193 8138 7804 8123 7887 8018 7715 7868 7906 8169 7848 8227 7911 7948 7771 7993 8116 8134 8254 8003 7928 8013 7719 8001 8169 8061 7773 8299 7167 7457 7871 7948 8065 8281 8562 8078 8215 7553 7984 8174 8100 7750 8043 7778 7708 8054 7940 8112 8110 7807 7906 8364 7965 7931 8540 7946 7975 8290 7769 7295 7948 7959 7920 7924 8050 7708 7932 8051 7665 7755 7733 8142 8276 8027 7426 7868 7771 8208 8083 8082 7774 7849 7698 8161 7690 8219 8281 8021 8420 8005 7813 7260
8544 8336 8449 8031 8585 8671 8130 7736 8067 8757 8136 8134 8279 8131 7899 8314 8644 8118 8304 8552 8531 7663 8287 8032 8088 8094 8004 7762 8342 8607 8039 8214 7948 8250 7688 8246 7875 8563 8250 8043 7835 8086 8005 8950 8192 8651 8155 8029 7955 8044 7967 8461 8603 8603 8548 8263 9356 8157 8505 8594 8096 8337 8520 8411 8173 8053 8137 7991 8431 8253 8554 7993 7929 8013 7480 8265 8232 8054 8181 8254 7719 8392 8224 7830 8157 8346 8280 7834 8643 8280 8366 7862 7860 7845 8366 8716 8142 8689 8465 8147 8407 8195 8190 8416 8636 7502 8161 7962 7834 8485 8245 8083 7877 8497 8060 7941 8661 8542 8059 8188 8329 7763 7433 8076 8093 7724 8195 8816 8530 8188 8273 8375 8173 8230 8288 7985 7947 8112 8134 8244 8448 8088 8135 8273 8170 8313 8201 8077 8087 8442 8815 7944 7972 7839 8409 8392 7876 8636 8390 7848 8713 8444 7867 8286 8712 8285 7981 7583 8406 8059 8275 8499 8302 8500 8363 7991 8070 7927 8114 7904 8222 8169 8372 8612 8276 8507 8211 8127 8945 8821 8065 8427 7612 8370 7752 8314 8307 8163 7862 8472 8100 8487 8080 8310 8331 8320 8222 8217 8278 8115 8406 7852 7711 8182 8553 8411 8136 8375 7871 8398 8286 7980 8282 8102 8791 8512 8513 8178 8123 7501 8533 7780 7787 8353 7913 7975 8139 8290 8200 8542 8632 7696 8410 7807 8514 8288 8097 8396 7952 8356 8082 8107 8031 8978 8142 8049 8037 8535 7858 8777 8280 8150 8182 8199 8294 7863 8205 8234 8198 8313 8428 8700 8144 8294 7558 8187 8314 8202 8177 7499 8480 7770 8532 7781 8373 8436 7950 8103 8507 8591 8417 8522 8298 7937 8594 7647 8255 8375 7977 7904 8471 8021 8537 7710 8427 8342 8398 8444 8762 8313 8243 8329 8191 7988 8288 8076 8175 8031 7900 8348 8053 8124 7757 8275 8132 8069 8106 8073 7760 8370 7786 8236 8003 8396 8141 8690 7583 7915 8135 8460 8172 8219 7896 8299 8375 8048 8438 8266 8228 8443 8245 8099 7846 8011 7865 8031 8131 7948 8199 8490 7643 8201 8739 8257 7957 8430 8340 7606 8216 8202 8046 8330 8383 8489 8198 8360 8027 7984 8489 7993 8087 8229 7975 8516 7970 8195 7906 8252 8272 7936 8002 8520 8024 8267 8063 8600 8496 8171 8129 7508
8189 7983 8075 7819 8382 8635 7461 7709 7990 8422 8029 7945 8266 8414 8013 8188 8278 7650 7874 8327 8243 8215 8272 8296 8107 8159 7611 7735 8024 7961 7874 8228 7817 8000 7547 7759 7483 8116 8069 7899 7422 8163 7803 8681 8103 8165 8030 8103 7815 8310 7486 8111 8436 8259 8081 8229 8338 8223 8219 8468 8271 7886 8486 8199 7681 8099 7835 7704 8548 7718 8482 8166 7911 7854 7823 8171 7841 7806 8295 8142 7761 8311 8262 7677 7668 8144 8033 7924 8510 7905 8192 7654 7898 7868 8016 8342 8133 8350 8334 7782 8676 8273 7930 8252 8191 7475 7906 7830 7732 8276 7453 7445 7549 8664 7929 7574 8136 8371 8055 8351 7813 7903 7321 7864 8204 7881 7202 8667 8438 7668 8286 7882 8208 7885 8108 7833 7717 8247 7744 8034 8279 7986 7963 8259 7890 8028 8281 8017 7878 7983 8572 7450 8159 7407 8324 8033 8313 8492 8816 7893 8609 7927 8150 7769 8301 8318 8175 7550 8195 7751 7923 8411 8339 7922 7949 8443 8165 7700 7580 8387 7882 7977 8481 8264 7928 8427 7661 8133 8340 8202 7790 7901 7571 8517 7913 8092 8213 8061 7810 8155 7880 8199 7989 7886 8064 8185 7879 8219 8160 8131 8201 7697 7621 7954 8238 8077 7892 8073 7769 8153 8107 7947 8128 7869 8698 8128 8179 7818 8221 7335 8203 7774 7757 8305 7611 7866 8163 8207 8350 8363 8398 7772 8231 7770 8590 8273 8550 8013 7851 8097 8116 7927 7908 8388 8027 8209 7896 7949 7820 8221 8140 8088 7818 7997 8018 7737 7956 8180 7941 7893 8138 8169 7826 8071 7394 8274 8123 7749 8090 7647 8493 7824 7913 7596 8146 7927 7837 8236 8715 8187 8251 8015 8324 7851 8002 7848 8199 8120 7977 7974 8583 7880 8430 7349 8259 8204 7881 8361 8595 7935 7761 8216 7847 7451 8155 7920 7777 8347 7811 8654 8250 8163 7878 8054 8091 7896 8362 7967 8028 8250 7849 8002 7828 8065 7843 8776 7282 7970 8097 7982 8298 8269 8191 7747 8027 8018 8339 8104 7733 8136 8194 7868 7952 7905 8036 8203 7597 7665 8089 8035 7626 7865 8630 8128 7862 7931 8028 7380 7902 8095 8142 8286 7863 7816 7975 8100 7708 8097 8034 8076 8027 7855 8092 8368 7473 8449 7832 7913 7823 7739 7702 8537 8034 8047 7861 8627 8266 7887 7617 7670
8475 8769 8265 8164 8758 8629 8337 7892 8157 9095 8447 8150 8752 8384 8542 8218 8861 7751 8484 8717 8790 8314 8803 8600 8544 8324 8351 8576 8696 8703 8238 8394 8068 8612 8123 8180 8140 8834 8607 8275 7795 8484 8234 9037 8385 8491 8846 8715 8409 8649 7877 8414 8817 8828 8790 8760 9410 8276 8797 8903 8483 8243 8239 8781 8100 8471 9012 8190 8925 8443 8829 8674 8676 8249 8185 8367 8579 8357 8441 8553 8445 8777 8929 7849 8537 8757 8577 8585 8605 8768 8055 8526 8758 8122 8704 8868 8442 8830 8455 8058 8866 8578 8450 8587 8809 7802 8458 8257 8540 8846 8106 8427 7960 8742 8369 7660 8407 9270 8201 8728 8753 8506 7868 8463 8275 8594 8157 8784 8870 8338 8933 8718 8353 8478 8553 8094 7904 8346 8790 8472 8655 8257 8560 8532 8698 8630 8695 8407 8445 8430 9242 7903 8744 7886 8464 8274 8366 9066 8715 8265 8787 8691 8254 8172 8612 8560 8295 8281 8690 8194 8579 8960 8453 8273 8638 8588 8410 8024 8149 8422 8571 8524 8708 8731 8548 8683 8171 8231 8962 8983 7918 8361 8234 8603 8088 8605 8447 8755 7812 8479 8539 8460 8275 8540 8377 8323 8612 8322 8783 8660 8376 8211 8046 8598 8228 8483 8448 8289 8010 8259 8344 8437 8399 8238 8784 8352 8517 8567 8760 8174 8748 7912 8008 8877 8395 8375 8674 8816 8800 8823 8497 8339 8726 8012 8857 8770 8786 8741 7967 8396 8500 8253 8476 9192 8035 8323 8778 8429 8480 8632 8468 8306 8498 8462 8437 8293 8262 8352 8481 8594 8470 8696 8177 8714 7558 8537 8625 8176 8571 7582 8815 8411 8570 7942 8567 8347 8453 8749 9068 8526 8627 8760 8830 8689 8836 7980 8660 8579 8675 8425 8811 8361 8794 8104 8587 8723 8539 8776 9093 8309 8206 8785 8867 8109 8387 8613 8243 8863 8434 8985 8313 8460 8018 8308 8424 8444 8849 8268 7895 8754 8211 8464 8293 8473 8206 8868 7551 8005 8523 8644 8721 8920 8471 8535 8542 8485 8760 8499 8706 8368 8710 8455 8168 8378 8308 8647 8131 8109 8298 8624 8315 8345 8850 8338 8350 8622 8363 7912 8378 8591 8190 8658 8571 8538 8620 8565 8257 8297 8448 8745 8995 8038 8192 8498 7885 8880 8545 7998 8224 8197 8174 8772 8214 8606 8136 8593 8513 8413 7986 7826
8278 8213 8212 7658 8260 8434 7980 7725 7909 8556 8183 7863 8251 8562 7631 8271 8634 7364 7748 8203 8231 7531 8005 8323 7744 7985 8184 8084 8199 8218 7461 7956 8017 8162 7751 8155 7982 8232 7999 7826 7608 7973 7642 8298 8443 8109 8042 7891 7671 7797 7284 8157 8224 8249 8318 8448 8867 8099 8485 8013 8752 7705 8422 8612 7701 8213 8213 7997 8195 8080 8244 8097 8108 7949 8117 8417 7774 7799 7954 7853 7688 8242 7952 7344 8020 7980 7971 7870 8512 8178 8169 7719 7932 7811 7919 8121 8147 8647 8241 8108 8413 8402 7889 8241 8155 7096 7699 7847 7777 7958 7556 7797 7913 8425 8037 7525 8182 8262 8276 7969 8024 7662 7523 7732 7838 7789 7793 8837 8582 7762 8708 8339 8228 8280 8006 7269 7571 8190 7893 8015 7809 8001 8224 8422 7812 8321 8046 8026 7902 7801 8716 7570 8162 7492 7994 8028 7810 8607 8173 8013 8489 8073 7967 8343 8454 8144 8265 7546 8342 7596 8106 8448 7720 8365 8034 8283 8209 7779 7710 7820 8065 7786 8041 8731 7944 8545 7898 7966 8717 8661 7505 7722 7569 8433 7345 8310 7877 8044 7440 8322 7950 7976 7963 7924 8194 8520 8122 7959 8256 8398 8345 7837 7410 8120 8227 8331 7935 7942 7616 8240 7758 7935 8011 7950 8848 8016 7920 8254 8323 7677 8396 7761 7761 8414 7891 8148 8124 8026 8225 8482 8373 7742 8392 7632 8240 8200 8452 8016 8036 8130 8048 7894 7954 9029 7566 8042 7824 8050 7854 8276 7772 8082 7994 7738 8059 7777 8020 8286 7897 8154 8427 8124 7878 8236 7690 8245 7993 7921 8173 7244 8508 7804 8385 7770 8178 7797 7890 8262 8099 8206 8211 8139 8452 8057 8342 7683 8098 8016 7838 8124 8072 8105 8234 7977 8119 8310 8252 7818 8534 7775 7935 8354 8056 7799 7670 7624 7688 8118 7624 8358 7942 8159 7461 7880 7962 8035 7922 7916 7783 8495 7629 7953 8488 8155 7908 8077 7414 7680 7603 8170 8064 8484 8449 7962 8257 7876 8116 8202 8214 7851 8125 7935 7586 7782 7789 7932 7817 7612 7647 8179 7674 7737 8682 8116 7691 8255 8084 7612 8023 7825 8269 8194 7891 7746 7607 7766 7682 7690 7840 7824 8115 8013 7726 8378 7875 8415 8133 8064 7694 7871 7600 8360 7721 8223 8123 8156 7870 8006 7699 7124
8068 7937 7764 7595 7462 8185 7469 7210 7543 8428 7660 7315 7910 7917 7552 7909 8280 7299 7306 8315 7926 7434 7986 7833 7910 8018 7559 7440 8053 8188 7453 8009 7643 7876 7018 7534 7792 8200 8190 7777 7264 7877 7829 8213 7559 7955 7849 7603 7507 7877 7207 7964 8055 8033 7825 8309 8552 7777 8361 7979 7881 7641 7892 7916 7140 7639 7906 7790 7859 7622 7987 7767 7632 7684 7374 7730 7883 7591 7846 7402 7786 7793 8216 7267 8040 7754 7849 7603 7941 8104 7646 7503 7526 7420 7586 8059 8015 8256 7851 7468 8132 7690 7804 8001 7746 6847 7593 7501 7427 7561 7707 7515 7598 8016 7401 7177 7972 8218 8150 7731 7615 7425 7442 7572 7736 7745 7645 8281 8204 8148 8155 7629 8075 7593 8084 7530 7251 7615 7678 7808 7845 7671 7903 7821 7137 8278 7920 7573 7596 7631 8157 7385 7670 7001 7835 7954 7640 8304 8255 7521 8306 7454 8151 7939 7783 7859 7756 7254 8069 7441 7800 8075 7831 7875 7841 7972 7735 7171 7551 8022 7732 7925 7952 8003 7347 8210 7180 7727 8147 8416 7190 7716 7400 7767 7151 7842 7644 7667 7115 8293 7507 7757 7815 7584 7565 7926 7640 7761 7846 7783 7936 7233 7411 8103 7891 8080 7694 8074 7058 7654 7772 7699 7513 7936 8346 7312 7784 7569 8013 7485 7963 7578 7295 8297 7788 7636 8047 7775 7810 7787 8078 7453 7912 7339 8480 7954 7636 7961 7569 7659 7711 7668 7316 8667 7652 7808 7714 7846 7343 8068 7339 7774 7645 7554 7731 7623 7675 8003 7770 7792 8197 7866 7288 8076 7225 7992 7787 7300 8146 7058 7772 7520 7842 7502 7644 7820 7689 8047 8515 7990 8018 7934 7986 7905 7838 7419 7967 7570 7492 8038 7673 7822 7892 7594 7639 7726 8140 7730 8044 7479 7607 8133 7526 7222 7598 7503 7415 8208 7374 7902 7975 7952 7331 7396 7695 7890 7778 7614 7608 7893 7167 7527 7610 7824 7734 8009 6864 7466 7530 7735 7750 7913 7800 7702 7434 7337 7921 7822 7851 7859 7535 7990 7330 7793 7421 7914 7256 7688 7284 7994 7463 7353 8573 7766 7546 7745 7532 7111 7335 7647 7683 7989 7640 7700 7667 7632 7471 7693 7677 7564 7998 7499 7455 7673 7324 8267 7542 7919 7539 7600 7209 7698 7367 7998 7659 7775 7845 7367 7161 7241
8448 8293 8659 7978 8742 8839 8244 7932 8032 8978 8414 8238 8298 8567 8319 8630 8561 8006 8156 9041 8388 7971 8546 8246 8574 8429 8099 8232 8728 8671 8112 8224 8399 8259 7743 8248 7888 8743 8332 8104 7858 8401 8083 8868 8508 8379 8549 8306 8032 8231 7965 8165 8479 8522 8581 8505 9184 8234 8747 8515 8661 8489 8627 8825 8076 8403 8503 8469 8591 8313 8772 8402 8342 8462 7942 8397 8570 7920 8193 8156 8068 8323 8541 7858 8373 8197 8312 8174 8929 8686 8519 7927 8534 8288 8551 8653 8637 8880 8687 7864 8945 8433 7991 8708 8777 7692 8334 8277 8333 8453 7959 8260 7973 8679 8427 7590 8603 8588 8210 8388 8247 7959 8067 8171 8055 8142 8296 8676 8756 8124 8479 8724 8629 8133 8719 7478 7911 8427 8299 8143 8286 8463 8558 8650 8053 8630 8012 8278 8067 8168 8862 7937 8334 8189 8315 8553 7965 8903 8445 8144 8717 8239 8512 8320 8591 8420 8240 7947 8289 7778 8488 8935 8377 8663 8482 8524 8435 7955 8022 8308 8170 8495 8318 9001 8322 8750 8369 8386 8990 9170 7808 8154 7842 8784 7762 8405 8393 8446 8169 8451 8023 8265 8569 8391 8213 8490 8417 8657 8348 8579 8561 8097 7611 8401 8569 8335 8180 8268 7885 8394 8351 8539 8252 8263 8744 8460 8476 8197 8319 7740 8565 8293 7946 8980 8650 8233 8308 8713 8687 8468 8399 8025 8518 8207 8618 8526 8758 8527 8088 8618 8258 8223 7907 9048 8406 8469 8065 8584 7964 8627 8053 8312 8658 8384 8133 8286 8208 8429 8339 8923 8540 8630 8068 8619 7782 8492 8566 8218 8782 7483 8854 8361 8336 8048 8401 8631 8021 8306 8809 8613 8478 8541 8429 8309 8740 7934 8636 8366 8659 7839 8709 8050 8831 8118 8621 8578 8404 8376 8925 8356 8312 8714 8144 8155 8172 8073 8185 8640 8246 8596 8326 8426 8052 8645 8580 8264 8558 8007 8265 8551 8130 8542 8691 8300 8087 8508 7458 8030 8072 8413 8550 8612 8364 8423 8361 8022 8619 8306 8440 8391 8656 8411 7975 8825 8254 8412 8291 8087 8090 8518 7902 8485 9188 8623 8323 8257 8336 7917 8228 8173 8500 8533 8494 8237 8180 8556 8274 8108 8397 8296 8635 8036 8401 8226 7846 8411 8125 8409 8079 8095 8029 8823 8043 8573 8135 8529 8455 8409 7927 7643
8163 7859 8313 7962 8250 8532 7884 7628 7779 8485 8029 7871 7905 8267 8073 8343 8621 7822 8025 8249 8598 7775 8395 8339 8285 8027 7689 7763 8220 8249 7849 8303 7977 7941 7506 7818 7565 8322 8071 7889 7530 8170 7538 8882 8356 8415 8365 7918 8091 8466 7846 7937 8747 8509 8285 8468 8921 8280 8343 7987 8374 8201 8313 8591 7962 8142 8410 7950 8385 7813 8571 7990 8218 8020 7939 8365 7971 7690 8060 8042 8006 8395 8157 7896 8201 8336 8116 8018 8697 8226 8252 8164 8089 7917 8511 8436 7922 8404 8281 7846 8109 8190 7770 8027 8110 7514 8096 7669 8378 8026 7724 8030 8253 8581 8006 7464 8322 8228 8088 8652 8184 7702 7397 7854 8073 7953 7827 8843 8466 7808 8397 7956 8141 8007 8205 7767 7620 7998 8197 7845 8123 8162 8221 8364 7946 8518 8315 8249 8020 7928 8713 7794 8326 7776 8285 8348 7884 8856 8558 7957 8455 8005 8024 8095 8443 8137 8133 7837 8086 8130 8291 8251 7925 7977 8006 8220 8385 8005 7697 8321 7909 8278 7999 8242 7924 8690 7896 8029 8555 8423 7420 7846 7593 8462 7878 8248 7850 8635 7613 8487 7869 8278 7964 7929 7936 8046 8209 8125 8211 8272 8205 7766 7349 8032 7918 8473 7598 8267 7968 8163 8213 8288 8087 8140 8577 8428 8395 8003 8499 7768 8300 8077 7643 8707 8291 7686 8279 8242 8622 8410 8616 8241 8847 7899 8299 8318 8417 8037 7980 8239 8079 7992 7931 8703 7673 8154 7989 8271 8191 8580 8000 8171 7975 7973 8164 7892 8052 8218 7936 8383 8420 8324 8021 8026 7223 8273 8026 7690 8279 7653 8672 8025 8410 7442 8311 8187 7699 8496 8809 8320 8034 7983 8447 8187 8124 7812 8285 8257 8145 8272 8369 8114 8505 7796 8332 8435 8096 8470 8673 7888 8012 8261 8113 7882 7828 7687 7992 8487 8036 8399 8134 8315 7414 8106 8121 8035 8230 8383 7888 8283 7718 7987 8032 8112 7861 8525 7079 7879 7930 8111 7998 8348 8269 8065 8011 8012 8225 8091 7873 8118 8438 7864 7939 8435 8108 8201 7926 7921 7883 8355 7803 8142 8601 8170 8135 8570 7880 7527 8226 8072 8322 8463 7876 8152 7857 8342 8024 7827 8006 8005 8311 7799 7895 8153 7557 8474 7936 8088 7831 7945 8031 8475 7968 7935 8237 8417 8432 7876 7753 7725
8533 8715 8470 8421 8790 9287 8439 7786 8400 9180 8372 8292 8614 8619 8475 8538 8692 8156 8018 8707 8578 7954 8897 8677 8504 8361 8245 8430 8782 8922 8029 8383 8490 8322 8057 8338 8307 8799 8735 8370 8355 8374 8448 9059 8230 8534 8532 8527 8320 8403 8137 8401 8677 8226 8934 8525 9355 8837 8768 8874 8427 8422 8583 8664 8347 8425 8749 8335 8625 8462 8740 8414 8356 8033 8227 8503 8737 8355 8408 8366 8428 9117 8451 8198 8380 8266 8534 8425 8935 8589 8737 8350 8966 8009 8795 8557 8699 8877 8600 8371 9088 8478 8046 8453 8560 7964 8811 8104 8377 8807 8197 8538 8081 8849 8381 7733 8709 8799 8446 8745 8634 8118 7931 8093 8580 8205 8289 8936 9234 8334 9007 8403 8607 8331 8474 8296 7970 8287 8338 8607 8917 8557 8403 9035 8573 8591 8593 8530 8730 8340 9267 8098 8575 8206 8342 8738 8007 9084 8728 8260 8730 8735 8281 8383 8745 8462 8576 8035 8605 7952 8470 8734 8626 8320 8496 8211 8225 8071 8437 8725 8447 8504 8600 8688 8616 9046 8463 8640 9045 8969 7932 8191 7814 8580 7981 8912 8087 8711 8463 8697 8445 8527 8493 8847 8521 8457 8551 8664 8658 8651 8559 7879 7850 8352 8231 8583 8515 8597 7943 8250 8305 8509 8538 8414 9415 8494 8566 8874 8462 8232 8714 8306 8052 9134 8226 8238 8503 8505 8769 8925 8829 7893 8908 8177 8644 8733 9140 8396 7970 8493 8220 8481 8125 9180 8203 8393 8499 8404 8493 8930 8480 8426 8056 8464 8634 8389 8257 8921 8476 8663 8764 8846 8416 8593 7582 8794 8816 8634 8756 7872 8556 8591 8831 8018 8513 8307 8348 8544 9158 8658 8721 8749 8573 8359 8649 7980 8985 8359 8811 8397 8631 8693 9332 8182 8291 8594 8774 8605 9017 8697 8524 8834 8573 8052 8420 8338 7807 8443 8580 8915 8529 8587 8121 8355 8550 8334 8642 8523 8405 8907 8150 8259 8309 8383 8279 8898 7768 8269 8383 8477 8277 8427 8829 8515 8486 8424 8528 8615 8371 8260 8808 8277 8258 8603 8184 8668 8253 8122 8238 8598 7862 8631 8883 8614 8340 8585 8335 7868 8655 8649 8499 8720 8439 8581 8332 8225 8063 8591 8517 8373 8529 8566 8106 8566 8332 8747 8453 8710 8132 8340 8161 8838 8057 8399 8223 8815 8964 8360 8242 7792
8289 8169 8163 8060 8203 8612 7945 7655 8056 8510 8075 7814 8184 8293 7973 8419 8313 7804 7910 8421 8197 7519 8261 8518 8216 7726 7726 7990 8243 8091 7919 8011 7715 7926 7618 8106 7712 8228 8164 7724 7637 8068 7731 8474 7927 8282 8219 8246 7885 7876 7753 7920 8624 8210 7977 8203 8936 8104 8550 8050 7944 8134 8499 8626 7860 7992 8218 8149 8489 7997 8485 8032 7877 8025 7790 8350 8169 8115 8182 7931 7770 8478 7979 7649 7869 7872 7695 7699 8578 8110 8504 7735 8289 8118 8554 8365 8296 8400 8237 7746 8214 7836 7855 8243 8275 7379 7781 7825 8106 8426 7667 7720 7730 8585 7767 7413 8225 8605 7931 8162 8243 7834 7295 7790 7915 7946 7744 8481 8851 8016 8279 7923 8113 7959 8373 7452 7992 7984 7967 7823 8281 7916 8318 8366 7987 8307 8038 8289 8262 8151 8527 8037 8043 7715 7830 8220 8078 8983 8481 7858 8280 8202 7879 8082 8336 8161 8183 7678 8291 7777 7860 8521 8293 8332 8016 8005 7986 7738 7592 8139 7939 7932 8500 8843 7590 8356 7826 7920 8570 8481 7512 8052 7659 8514 7781 8192 8001 8594 7967 8259 8350 8126 8243 7784 8126 8241 8297 8278 8270 8268 8447 7406 7402 8118 8005 8199 7935 8086 7520 8191 8075 8080 8015 8182 8677 8530 8095 8320 8244 7766 8322 8133 7673 8455 7739 7955 8232 8454 8179 8281 8543 7644 8499 7822 8451 8267 8485 7986 8202 8457 8249 7754 7516 8766 7882 8035 7696 8052 8085 8443 7768 8286 8111 8339 8157 7886 7870 8073 8290 8010 8558 8272 7604 8283 7388 8130 8173 7918 8384 7603 8260 7776 8328 7731 8031 8485 7746 7883 8542 8353 8324 7941 8571 8185 8337 7708 8257 7991 8292 7789 8093 7914 8810 7877 8162 8350 8261 7976 8535 8027 7999 8367 8183 7660 8252 7813 8005 8168 8220 8594 7855 8038 7715 7918 8289 8046 8165 8038 7907 8522 7679 7797 8026 8034 7850 8003 7337 7575 7904 8209 8235 8350 8469 8295 8131 7728 8273 8234 8105 7966 8296 8058 7626 8196 7959 7685 8044 7885 7746 8264 7678 8214 8456 8022 7870 8278 8065 7280 8171 7872 8195 8352 8279 8387 7710 8089 7766 7642 7907 7909 8541 8171 7872 8309 7926 8150 7794 7913 7757 7770 7702 8570 8202 8547 8065 8375 8411 8036 7917 7481
7952 7735 7817 7866 8165 8445 7726 7410 7899 8397 7650 7742 8076 8243 7971 8396 8113 7540 7580 8201 7990 7690 8212 8168 7975 7762 7873 7780 8416 8213 7611 7958 7634 7897 7599 7703 7733 7972 7835 7700 7599 7697 7386 8414 7988 8124 8027 7933 7647 7512 7473 8005 8605 7976 8265 8190 8411 8018 8199 8077 8057 7874 8076 8208 8004 8099 7993 7744 8394 7810 8490 7846 7755 7966 7432 8213 8192 7880 8138 8026 7647 8101 8206 7628 7498 8121 7865 7622 8326 8060 8179 7668 8294 7635 8010 8127 7770 8224 8279 7655 8079 8021 7938 7950 8231 6899 7699 7870 7621 7801 7714 7697 7684 8669 7740 7401 8131 8293 7904 8141 7524 7833 7164 7671 8117 7778 7201 8529 8275 7584 8077 8136 7851 7819 8030 7750 7450 8009 7969 7656 8173 7651 7812 8162 7676 8233 8470 8027 7923 7817 8294 7554 8147 7415 7789 7811 7958 8729 8120 7884 8238 8124 7853 8257 8328 7915 8032 7794 8139 7668 8200 8016 7935 8177 8114 7867 8042 7621 7646 7956 8015 8174 7812 8309 7811 8295 7602 7965 8209 8537 7468 7852 7541 7969 7508 8073 7775 7989 7238 8101 8146 7983 8028 7758 7501 7835 7640 7801 7974 7902 8176 7500 7436 7988 8169 8109 7527 7948 7383 8095 7584 8076 7930 7995 8601 8329 7843 8168 8127 7786 8022 7916 7377 8445 8198 7665 7967 7951 8219 8316 8169 7674 8369 7691 8254 8401 8179 7554 7816 8466 8012 7743 8023 8628 8152 7736 7696 7992 7734 8346 7484 7830 7986 7885 8081 7700 7783 8135 7599 8192 7988 8227 7490 7904 7358 8015 7873 7919 8141 7346 8235 7737 8211 7686 7943 8162 7885 7942 8661 8165 8037 7989 8163 7973 7793 7953 7939 8042 7953 7916 8509 7661 8447 8098 7869 8447 7857 8143 8317 7780 8266 7937 7724 7778 7847 7647 7731 8136 7720 8090 7603 8059 7467 8036 7844 7895 8226 7698 7484 7919 7762 7754 8017 7840 7799 8303 7382 7518 7967 8033 7822 8013 8086 8002 8047 7524 8333 8144 8169 8108 7979 7696 7654 7865 7873 7665 7724 7378 7678 8346 7446 8090 8217 7888 7658 8200 8030 7455 7834 7912 8198 8269 7943 7986 7526 8042 7618 7816 7615 7497 8388 7584 7968 8069 7578 8703 7724 8069 7580 7892 7769 8118 7722 8270 7830 8018 7868 7915 7772 7251
8409 8462 8480 8197 8667 8800 8002 7670 8252 8810 8295 8169 8310 8560 8307 8390 8784 8211 8139 8830 8207 8044 8671 8202 7992 8003 7918 7928 8494 8510 8012 8344 8234 8406 7770 8158 8012 8273 8585 8084 7702 8476 7888 8766 8500 8155 8699 8582 8506 8294 8042 8544 8459 8642 8350 8597 9008 8559 8592 8706 8397 8052 8672 8658 8355 8264 8354 8353 8728 8345 8725 8498 8242 8433 8040 8787 8532 8073 8211 8141 8137 8511 8437 7832 8206 8468 8432 8300 8872 8430 8333 8087 8723 7733 8295 8312 8256 8573 8462 8135 8736 8446 8462 8384 8406 7400 8137 8302 8527 8666 8095 8619 8159 8788 8144 7730 8585 8682 8318 8521 8501 8002 7844 8260 8200 7917 7949 8719 8788 8072 8710 8382 8354 8126 8463 8120 7710 8255 8138 8211 8402 8089 8303 8557 8708 8432 8353 8278 8319 8316 8660 7857 8853 8017 8288 8592 8193 8737 8603 8165 8799 8553 8063 8155 8788 8501 8671 8218 8679 8016 8112 8933 8510 8466 8089 8500 8491 8270 7930 8382 7859 8308 8461 8924 8324 8926 8006 8144 8288 8793 7963 8324 7908 8344 7960 8214 8348 8339 7773 8657 8009 8428 8681 8372 8177 8172 8367 8442 8449 8964 8369 8112 7668 8547 8322 8616 8297 8448 7677 8322 8268 8508 8357 8222 8890 8557 8546 8301 8444 7694 8752 7987 8031 8639 8242 7959 8201 8656 8100 8832 8436 8045 8534 8363 8788 8584 8691 8231 7868 8479 8316 7900 7985 9135 8277 8210 8069 8565 8406 8567 8456 8190 8295 8203 8377 7950 8041 8756 8198 8520 8446 8689 8103 8515 7872 8491 8314 8144 8299 7490 8785 7950 8467 8256 8472 8651 8252 8368 9000 8497 8679 8425 8362 8184 8687 8037 8201 8229 8211 8459 8599 8261 8476 8115 8560 8877 8327 8497 9015 8427 8178 8438 8486 7973 8121 8210 8075 8827 8149 8369 8251 8271 7841 8378 8602 8419 8365 8380 8062 8498 8151 8333 8263 8260 8295 8594 7645 7883 8399 8154 8484 8662 8623 8143 8305 8169 8158 8182 8213 8280 8497 8163 8179 8131 8419 8411 7902 8119 8471 8560 7962 8410 8675 8231 7911 8540 8199 7563 8164 8078 8336 8503 8438 8235 7771 8491 7991 7998 8484 8604 8620 7967 8302 8579 8106 8643 8190 8147 8365 8216 7949 8690 8262 8634 8373 8580 8695 8230 7762 7849
7746 7851 7814 7484 8148 8391 7475 7695 7659 8350 7988 7841 8016 8155 7747 7950 8018 7658 7705 7868 8029 7434 8064 7971 7782 7732 7487 7696 8139 7934 7392 7748 7789 7779 7494 7668 7099 8083 7957 7699 7676 7900 7584 8287 7788 7708 8033 7673 7800 7959 7880 8024 8187 8398 7976 7909 8501 7834 8076 8141 7694 7845 8202 8292 7734 7606 8022 7756 7770 7845 8085 7902 7726 7726 7617 8132 7916 7768 7796 7594 7786 7952 7962 7410 7678 7664 7753 7779 8102 8028 8061 7688 7590 7410 7709 7923 8184 8113 8155 7614 8220 7710 7639 7724 7894 6854 7848 7455 7709 8189 7595 8001 7718 8166 7780 7223 7789 8113 7906 7923 7938 7358 7332 7486 8022 8030 7569 8182 8592 7546 8222 7757 7667 7441 8190 7567 7343 7735 7833 7217 7804 7679 7874 8102 7491 7988 8047 7753 7778 7549 8432 7529 8143 7519 7700 7682 7527 8328 8299 7759 8377 8164 7782 7971 7911 7973 7792 7144 7831 7806 7821 8117 7779 7905 7676 8174 7907 7372 7422 7408 7836 7664 8020 8382 7769 8199 7567 8243 8269 8159 7493 7416 7404 8317 7510 8297 7690 8136 7633 8195 7556 7873 7685 7750 7704 7990 8010 7828 7882 7943 7833 7493 7375 7643 7827 7973 7429 7911 7461 8151 7419 7905 8030 7715 8385 8022 7740 8101 8089 7395 8279 7812 7425 8055 7593 7568 8166 7910 8091 8118 7864 7637 7919 7680 8661 7789 7911 7915 7635 8244 8047 7691 7477 8456 7536 7766 7454 8020 7723 8195 7550 7657 7364 7596 7926 7500 7761 7795 7810 7957 8278 7795 7611 7657 7205 7919 7741 7509 7967 7198 8131 7716 7925 7373 7900 8004 7530 8150 8310 7839 7907 7900 8544 8114 8037 7451 7880 7801 7945 7632 8259 7779 8185 7252 8173 8034 7754 8024 8255 7930 8111 7942 7929 7635 7756 7628 7870 8107 7737 8082 7942 7743 7473 7858 7857 7663 7827 7908 7455 8076 7102 7771 7893 7625 7701 7912 7123 7568 7909 7790 7903 8035 8051 7519 7937 7739 7897 7580 7872 7945 8005 7598 7590 8178 7803 7824 7714 7838 7690 7949 7583 7740 8361 7561 7573 8006 8144 7254 7859 7714 7815 7915 7834 7984 7571 8177 7755 7586 7965 7955 8153 7793 7679 7853 7756 8439 7636 7771 7667 7709 7397 8068 7567 7765 7429 7761 7825 7788 7771 7315
8215 8486 8526 8370 8302 8666 8347 7744 8266 8915 8494 8289 8619 8259 8195 8017 8542 8014 8061 8332 8938 7840 8327 8596 7946 8235 8285 8291 8317 8326 7696 8431 8295 8654 7790 8387 8005 8139 7976 8430 7727 8359 8331 8588 8103 8416 8496 8244 7940 8526 7875 8219 8739 8781 8641 8530 8959 8377 8495 8586 8550 8146 8500 8737 8308 8265 8429 8086 8497 8335 8718 8401 8341 8379 7801 8304 8334 8295 8294 8381 7884 8644 8363 7801 8208 8113 8276 7837 8935 8204 8387 7966 8209 8039 8210 8582 8363 8562 8302 8330 8683 8349 8411 8384 8534 7577 8026 8321 7990 8143 8047 8318 7866 8904 8124 8131 8623 8805 8496 8321 8536 8068 7906 8104 8452 8247 8227 8811 8984 8228 8421 8732 8041 8111 8319 7853 8014 8527 8349 8300 8594 8210 8206 8417 8366 8947 8074 8100 8156 8214 8758 7770 8631 8056 8295 8270 8233 8639 8460 8195 8900 8353 8303 8324 8685 8276 8308 7972 8620 8112 8113 8355 8408 8321 8276 8302 8401 7966 8031 8390 8415 8225 8303 8504 8258 8385 8141 8501 8538 8837 7804 8278 7949 8014 7993 8375 8045 8301 7938 8248 8273 8654 8127 7911 8320 8355 8582 8383 8473 8649 8388 8250 7587 8284 8096 8246 8201 8211 7830 8403 7915 8496 8269 8163 9026 8063 8353 8507 8407 7622 8221 7765 7960 8608 8263 8337 8352 8701 8683 8619 8644 7964 8534 7857 8779 8409 8227 8355 8014 8636 8279 8218 8205 8858 8146 8225 8023 8649 8151 8586 8283 8301 8262 8215 8075 7682 8306 8330 8078 8187 8736 8483 7700 8318 7794 8538 8208 8400 8527 7820 8707 8037 8509 8014 8426 8443 8205 8758 8997 8439 8339 8349 8734 8394 8621 7980 8181 8414 8382 8428 8535 7954 8392 7833 8404 7992 8465 8768 8954 8162 8638 8469 8037 7915 8182 7771 7831 8411 8002 9034 8465 8066 7862 8031 8286 8596 7924 8228 8240 8589 7657 8387 8116 8450 7828 8823 7596 8126 8194 8398 8365 8377 8105 8165 8189 8118 8382 8243 8270 8307 8176 7962 7866 8228 8402 8492 7784 7892 8557 8583 8143 8201 8591 8364 8229 8577 8202 7650 8484 8356 8181 8299 8000 8296 8127 8173 8246 8172 8721 8033 8337 8154 7773 8617 7770 8693 8329 8112 7809 8008 8104 8813 8253 8546 8304 8728 8738 8392 8314 7884
7794 8249 7857 7767 8543 8629 7893 7512 7975 8430 7893 7888 8101 8245 7777 8323 8444 7692 7659 8534 8323 7481 8431 7803 7862 7868 8084 7878 8341 8266 7789 8227 7791 8005 7854 7800 8005 8525 7783 7916 7555 8584 7808 8626 8063 8114 8306 7883 7796 8012 7612 8348 8388 8323 7949 8464 8926 8439 8584 8333 8263 8152 8088 8351 7854 8153 7978 7857 8298 7963 8386 8042 8089 8090 7641 8306 8196 7751 7973 8170 7767 8369 7914 7959 8169 7896 8047 8015 8308 8251 8400 7788 8407 7863 8072 8170 7973 8623 8462 7893 8139 8110 7790 8053 8255 7266 7998 7487 7945 8239 7795 7777 7765 8346 7849 7299 8358 8227 8157 8183 8063 7686 7422 8086 8190 8033 7976 8626 8496 7966 8229 8161 8269 7751 8165 7548 7610 7835 8059 8099 8250 7805 7990 8202 7921 8308 8555 8313 7596 8054 8406 7954 8058 7418 8102 8156 7969 8581 8336 7627 8636 8115 7857 8095 8402 7955 8313 7659 8505 7657 8014 8482 8069 8398 7973 8296 7962 7814 7852 8185 8186 7909 8088 8501 7636 8539 7772 7884 8432 8512 7421 7886 7446 8062 7518 8390 7607 8121 8033 8119 8123 8247 8233 7763 8150 8111 8027 8030 8458 8218 8238 7386 7489 8097 7783 8120 7860 8298 7680 8028 7955 8068 8080 7877 8756 8305 8002 8199 8007 7706 8388 7753 7656 8358 7871 8195 8275 7662 8191 8245 8294 7746 8339 7789 8444 8492 8481 7937 7636 7870 7786 7850 7897 9208 7938 8325 7977 7953 7879 8305 7950 8129 8150 7945 7936 8017 7543 8168 7857 8426 8234 8251 7854 8206 7399 7784 8044 7752 8159 7135 8398 8000 8040 7837 8014 8076 8158 7911 8437 8052 8310 8391 8357 7975 8066 7495 7653 8260 7926 8131 8445 8085 8722 7723 8259 8539 8371 8048 8470 8168 8036 8307 7843 7671 7841 7535 7977 8125 8126 8295 7883 8144 7960 8179 7918 7737 8108 7912 7683 8575 7769 7634 7855 8250 7731 8637 7420 7792 7951 8361 8093 8030 7978 8059 8213 7849 8375 8234 8162 8116 8185 7903 7886 8127 7614 7583 7952 7811 7770 8206 7698 7918 8406 8188 8074 8197 8076 7882 7995 7732 8126 8197 8168 7965 7633 8126 7803 7863 8214 8162 8333 7815 7868 8282 7889 8257 7870 8063 7775 8256 8058 8441 8152 8031 7812 8267 8206 7910 7558 7513
8205 8400 8533 7932 8633 9209 8174 8004 8185 8724 8154 7989 8460 8288 8437 8281 8419 7932 7936 8521 8550 8118 8441 8411 8399 8298 8096 8316 8548 8496 7595 8192 8441 8255 7772 8068 7927 8456 8313 8081 8068 8039 8216 8763 8099 8541 8312 8083 8355 8183 8211 8340 8415 8413 8567 8417 9004 8423 8708 8587 8409 8108 8416 8534 8289 7866 8152 8213 8469 8145 8573 8128 8166 8203 7766 8220 8295 8400 8112 8074 8062 8505 8162 7996 8254 8504 8540 8253 8494 8422 8228 7890 8172 7742 8294 8309 8481 8627 8512 8294 8062 8512 8344 8319 8364 7685 7867 7877 8186 8324 7935 8353 8079 8562 7973 7508 8571 8399 8374 8238 8181 7974 7390 7940 8246 7926 7842 8764 8602 8228 8290 8527 8107 8268 8328 8111 7567 8438 8151 8463 8450 8253 8076 8200 8206 8698 8338 8074 8180 8274 8900 7879 8323 7990 8432 8193 8349 9056 8402 8178 8661 7887 7894 8401 8457 8289 8131 7828 8416 7707 8266 8599 8341 8183 8287 8161 8465 7759 7964 8104 8065 8424 8650 8486 8219 8663 7852 8361 8715 8859 7755 8228 7767 8459 7785 8236 8006 8248 8112 8523 8118 8314 8086 8330 8132 8256 8336 8156 8386 8310 8295 7912 7687 8448 8358 8256 7958 8269 7768 8222 8121 7974 8217 8316 8901 8166 8558 8345 8135 7503 8486 7972 7860 8594 8179 8103 8690 8565 8307 8308 8631 8083 8473 7847 8994 8531 8452 8477 8104 8520 8171 7662 8174 8800 8105 8220 8036 8299 8273 8677 7886 8230 8302 8035 8336 7869 8248 8084 8281 8295 8362 8190 8131 8325 7641 8380 8463 8304 8453 7568 8706 8219 8456 7883 8468 8227 8209 8263 8715 7989 8320 8289 8561 8386 8283 7875 8168 8226 8436 8093 8287 8459 8616 7551 8118 8500 8527 8633 8777 8291 8139 8875 8366 7975 8307 8063 7962 8155 8170 8471 8352 8481 7702 8283 8246 8301 8440 8322 8299 8356 7766 7895 8196 8302 8273 8463 7552 8235 8311 8232 8125 8574 8420 8489 8303 8138 8438 8391 8414 8442 8422 8049 8101 8434 8112 8596 7930 8020 8169 8158 7885 8274 9129 8343 8135 8614 8311 7611 8245 8510 8207 8632 7940 8313 7968 8263 8037 8094 8331 8288 8476 8220 8112 8286 8238 8096 8101 8432 8188 7848 7849 8387 7885 8515 8212 8221 8844 8264 7867 7585
7829 7861 7891 7629 8256 8368 7423 7425 7706 8608 8112 7619 7895 7695 7850 7836 7910 7727 7481 8046 8501 7326 7849 7891 8104 8023 7781 7725 8318 8091 7840 7974 7922 7726 7347 7807 7638 8190 7837 7496 7600 7894 7243 8403 7860 8213 8106 7965 7685 8043 7981 7940 8213 8339 8086 8126 8408 8356 8571 8073 8006 7974 8064 8200 7919 7604 8272 7677 7991 8040 8130 7893 7746 7733 7531 7842 8273 7716 7859 7681 7681 7932 8050 7723 7738 7792 8105 8107 8204 7647 7818 7691 7799 7447 7598 8343 7624 8190 8052 7801 7998 7839 7875 7895 7832 7397 7434 7699 7610 7775 7693 7625 7665 8289 7549 7330 8141 8282 7566 7797 7972 7699 7176 7633 7967 7480 7337 8849 8530 7502 8023 8133 7997 7428 8151 7733 7415 7914 7973 7472 8005 7769 7771 8114 7700 7935 7980 7560 7749 7540 8073 7420 7952 7533 7927 7928 7750 8019 7832 7778 8226 7664 7800 7742 8131 7952 7962 7266 7941 7403 7994 8110 8027 7985 7676 7982 7960 7588 7514 7725 7756 8008 7998 8334 7660 7887 7813 7581 7964 8262 7188 7927 7401 8016 7517 8083 7575 7849 7489 8384 7593 8028 7926 7714 7648 8097 7923 7830 7622 7920 7648 7500 7442 7634 7809 7802 7423 8274 7790 8060 7926 8073 7755 7666 8090 7916 8162 8221 8026 7368 8199 7457 7708 8468 7839 7823 8471 8139 7898 7917 8252 7559 7725 7729 8446 7966 8224 7914 7677 8158 8044 7234 7726 8403 7648 7895 7554 7908 7452 7953 7770 8093 7770 7797 7858 7510 7904 7581 7931 8016 7932 8250 7660 7744 7185 7832 7930 7488 8165 7310 8042 7611 8113 7497 7951 7919 7516 8253 8544 8199 7818 7851 8177 8182 7982 7479 7919 7956 8012 7677 8238 8017 7990 7200 7647 8119 7891 8242 8417 8023 7649 8113 7665 7538 7802 7572 7562 7922 7432 8243 7888 7947 7413 7707 8149 7989 8156 7833 7367 7730 7392 7472 7740 7548 7378 8109 7160 7738 7524 7866 7948 7928 7918 7814 8153 7523 8012 7862 7666 7691 7842 7500 7558 7774 7885 7797 7760 7890 7563 7992 7541 7599 8330 7889 7589 8023 7903 7260 7936 8170 7787 7949 7698 7488 7667 7525 7786 7736 7826 7901 8178 7810 7891 8053 7532 7966 7802 7930 7661 7870 7448 8061 7503 7860 7793 7920 8012 7756 7647 7308
8051 8113 8240 7809 8287 8580 8091 7427 8199 8414 7990 7652 7860 8171 8024 8122 8457 7933 8082 8517 8800 7563 8094 8096 8388 7712 7909 8096 8401 8384 7882 8103 8072 7768 7982 7733 7940 8270 8124 8096 7594 8411 7645 8584 8239 8238 8410 8233 8203 8205 7732 7991 8434 8221 8337 8311 8807 7996 8567 8385 8114 8119 8192 8566 8059 7949 8483 8121 8558 8337 8526 8010 8084 7822 7383 8449 8448 8056 8099 7973 8070 8077 8442 7773 8333 8265 7930 7989 8453 8256 8491 7593 8188 7775 8217 8121 7950 8611 8631 7915 8519 8161 8229 7805 8118 7293 8103 8223 8152 7967 7537 8267 8279 8429 7925 7678 8191 8359 7916 8193 8531 7779 7584 8089 8211 7776 7595 8705 8405 7768 8407 8275 7704 7942 8337 7944 7748 7964 8093 7941 8083 7913 8287 8258 8019 8682 8229 8424 8087 8010 8811 7622 8342 8207 8015 8313 8282 8721 8393 8033 8604 8422 7811 8106 8317 8208 8329 7910 8306 7877 8171 8755 8077 7918 8120 8193 8209 7614 7680 8073 7992 8119 7971 8330 8002 8246 7539 8081 8324 8712 7527 8024 7644 8123 7762 8225 7810 8327 7932 8267 7910 7960 8245 7929 7994 8064 8199 8082 8255 8414 8181 7678 7436 8148 8081 8209 7716 8325 7929 8182 8068 8287 8127 8038 8611 8133 8275 8133 8190 7637 8171 7549 7722 8408 8065 7820 8129 8414 8207 8125 8442 7741 8523 8123 8461 7909 8534 7868 8057 8293 8018 8076 7607 9019 8102 7972 8095 8247 8382 8466 7754 8610 7981 8366 7963 7892 7833 8241 8341 8358 8262 8361 7555 8216 7623 8173 7904 7820 8226 7564 8302 7877 8138 7802 8255 8227 8090 8160 8692 8152 8159 8035 8527 8574 8188 7689 8333 8288 8450 8347 8456 8009 8507 8013 8079 8362 8280 8077 8928 8396 8116 8490 7793 7784 7970 7639 8144 8479 8052 8303 8089 8042 7703 7822 8374 8066 8292 8089 7662 8174 7997 7725 8053 8136 7552 8548 7050 8047 8036 7964 8221 8168 8330 7916 8229 7522 8170 8472 8110 8145 8360 7928 7847 8269 7521 8150 7683 7952 7956 8150 7879 8083 8936 8204 8075 8206 7820 7497 7991 8059 7745 8189 8171 7825 8017 8390 8097 7805 8011 8186 8473 7725 7973 8147 7536 8557 8017 8048 8136 7916 7649 8118 7660 8239 8142 8310 8495 8246 7671 7534
8345 8333 7873 8008 8090 8535 8078 7470 8003 8388 8181 7900 8171 8141 7819 8438 8368 7920 7718 8448 8438 7700 8300 8198 8010 8032 7875 8139 8480 8209 7634 8139 8125 8017 7351 8174 7292 8179 8083 8140 7548 8008 7881 8297 7877 8313 8269 7836 8007 7953 7541 7941 8612 8398 8305 8110 8727 8150 8313 8354 8029 8030 8538 8457 7835 8060 8528 7604 8090 8066 8448 8210 8205 7749 7539 8429 7829 8181 8055 8146 8170 8481 8072 7718 7860 8033 8045 7828 8657 8045 8069 7981 7613 7944 8252 8151 8225 8395 8119 8193 8356 8054 8059 8369 8165 7422 7903 7948 7785 8147 7976 7904 7804 8497 7836 7882 8285 8593 8252 8314 7976 7718 7549 7780 8018 8024 7509 8678 8617 7984 8356 8202 8005 8037 8536 7673 7765 7982 7981 8148 8471 8259 7663 8529 7834 8503 8079 8134 8018 8074 8707 7572 8555 7692 8139 7902 7942 8666 8475 7702 8427 8433 7767 8026 8087 8148 8085 7657 8227 7903 8114 8193 8161 8322 7876 7845 7961 7547 7569 8009 8420 8071 8445 8305 8103 8356 7855 8073 8294 8170 7669 8091 7601 8662 7716 8276 7863 8099 7788 8066 7890 7892 8147 7839 7899 8127 8105 8172 8138 8209 8127 7698 7613 8394 8374 7991 8024 8088 7312 8258 8013 8030 7907 8112 8613 8385 8105 8230 8328 7399 8207 7810 7548 8247 7776 8050 8161 8264 8506 8350 8260 7795 8396 7648 8191 8165 8370 8152 8087 8630 8027 8060 7947 8801 8031 8300 8112 8328 8119 8382 8090 8111 8041 7816 7934 7693 7826 7855 7813 8282 8266 8198 7405 8094 7162 8239 8226 8250 8249 7360 8424 7790 8224 7614 8045 8203 7954 8259 8429 8205 8184 8290 8558 7860 8415 7589 8306 8383 8289 8046 8332 7793 8431 7847 8061 8279 8123 8278 8510 8116 8127 8248 8119 7723 7887 7795 7942 8147 7905 8625 7847 8092 7860 7862 7859 8083 8289 8101 7815 8378 7847 7931 8113 8134 7913 8383 7336 7863 7806 7823 8232 8092 8221 7864 7928 8004 8033 8100 8123 8240 8478 7585 7985 8164 7961 8005 7655 7588 8063 8214 7983 7737 8632 7869 8072 8194 8195 7518 8138 7770 8212 8201 8100 8429 7608 8230 7774 7833 7913 8047 8470 7973 7614 8334 7745 8308 7966 8280 7682 8049 7622 8283 7986 8237 7846 8149 8340 8093 7689 7946
8036 8137 8198 8272 8221 8466 7874 7870 7881 8660 8128 7819 8108 8175 7941 8379 8618 7727 7881 8201 8398 7726 8228 8317 8281 7741 7867 8046 8449 8123 7772 8007 7817 8118 7937 8280 7854 8290 8147 7974 7670 8361 7954 8518 8125 8543 8413 8749 7832 8175 7773 8220 8409 8403 8297 8397 8621 8312 8465 8239 8162 7996 8169 8531 7891 8236 8524 8135 8322 7896 8383 7946 8137 8116 8090 8113 8045 7878 8140 8039 7851 8478 7964 7765 7928 8072 8131 7860 8471 8028 8498 7873 8073 7906 8195 8578 7792 8628 8312 8204 8226 8418 7920 8118 8254 7458 7961 8115 8019 8067 8019 7929 7954 8526 8153 7430 8288 8564 8112 8349 8387 7555 7544 8136 8332 8041 7796 8558 8552 7890 8390 7987 8171 8008 8307 7525 7622 8066 8110 7848 7924 8276 8101 8070 7970 8336 8227 7840 7986 8061 8652 7751 8340 7799 8472 8025 8046 8804 8467 8035 8741 8041 8045 8052 8608 8073 8311 7721 8531 7366 8050 8329 8257 8239 7746 8044 7971 8124 7863 8113 8008 8134 8299 8142 7780 8263 7577 8064 8193 8517 7878 8323 7670 8405 7689 8170 7865 8207 7985 8231 7969 8020 8126 7934 8065 8013 8168 8271 8078 8432 7980 7908 7838 7782 8355 8385 8039 8115 7848 8082 8052 8126 7855 8166 8655 8468 8511 8459 8227 7713 8338 8203 7726 8434 7850 7616 8205 8053 7990 8201 8285 7819 8445 7919 9012 8394 8254 8131 7842 8319 8308 7914 7982 9087 7874 8126 7807 8165 8011 8151 8211 8138 8150 8231 8264 7893 7800 8459 8027 8157 8297 8201 7956 8334 7617 8262 8139 8029 8127 7448 8265 8103 8490 7733 8524 8062 7989 8170 8781 8788 8451 8174 8435 8384 8240 7599 8258 8086 8406 8460 8501 8290 8291 7783 8407 8207 8236 7690 8719 8154 8268 8250 8064 7746 7913 8065 7953 8344 7948 8607 8073 8251 7863 7647 8287 7993 8179 8109 7895 8456 7710 7832 8332 8113 7591 8112 7346 7858 7912 7897 7877 8334 8435 8095 8293 7961 8246 8293 8011 8130 8162 7949 7840 7932 7856 8046 8101 7716 8108 8069 7765 8107 8549 8166 8141 8402 8047 7171 8208 7832 8173 8591 8173 8300 8002 8148 7840 7845 8134 8189 8382 7943 7930 8379 7895 8561 8199 8299 7974 8098 7662 8389 8160 8158 8070 8209 8331 8127 7644 7591
8370 8574 8568 8210 8715 9046 8125 8054 8077 8829 8405 8123 8245 8480 8246 8593 8674 8254 8032 8710 8465 8097 8769 8731 8304 8193 8026 8492 8688 8693 7915 8483 8370 8166 7953 8401 7974 8469 8536 8219 8060 8312 7672 8978 8357 8276 8568 8604 8345 8463 7981 8584 8793 8759 8698 8209 9019 8595 8985 8616 8411 8290 8598 8561 8280 8534 8620 8338 8241 8305 8718 8287 7903 8142 7921 8536 8310 8423 8539 8528 8141 8974 8232 8326 8486 8325 8289 8171 8606 8775 8726 8208 8424 7938 8391 8644 7951 9090 8814 8345 8876 8726 8251 8454 8478 7486 8152 8264 8218 8342 7973 8283 8092 8766 7973 7574 8579 8763 8394 8879 8368 8242 7800 8107 8282 8015 8097 8976 8653 8180 8779 8394 8293 7864 8419 8147 8162 8347 8250 8289 8441 8157 8241 8462 8153 8771 8667 8301 8335 8505 8767 7781 8451 8164 8636 8339 8118 9207 8793 7980 8961 8442 8129 8491 8380 8681 8270 7771 8582 8133 8536 8795 8541 8198 8353 8448 8385 7796 8380 8644 8186 8119 8614 8464 8031 8536 8012 8295 8252 8724 7975 8347 8081 8742 8452 8252 8189 8634 8234 8644 8397 8337 8394 8537 8013 8749 8594 8423 8481 8460 8349 7589 7525 8212 8487 8823 8034 8164 8037 8247 8163 8544 8365 8749 8823 8727 8518 8476 8388 8105 8375 8252 7851 8628 8282 8031 8379 8150 8566 8445 8614 7968 8616 7856 9257 8518 8623 8243 8442 8656 8383 8245 8105 9279 8170 8142 8444 8148 8187 8311 8230 8626 8229 8264 8242 7942 8364 8180 8447 8807 8690 8576 8279 8275 7811 8354 8274 8241 8590 7756 8650 8407 8743 7913 8321 8329 8239 8421 8882 8552 8625 8550 8900 8421 8361 7956 8654 8633 8161 8580 8568 8450 8569 7754 8659 8960 8712 8721 9119 8437 8660 8549 8220 7928 8384 8450 8044 8365 8298 8800 8343 8551 7656 8311 8699 8525 8506 8336 8116 8799 8101 7821 8551 8364 7984 8589 7814 8167 8342 8340 8104 8514 8731 8253 8828 8267 8404 8359 8490 8825 8301 8060 7947 8398 8355 8385 8083 8007 8360 8373 8156 8117 8916 8254 8374 8547 8325 7887 8459 8385 8510 8698 8191 8335 8070 8559 8035 7940 8388 7919 8794 8361 8402 8664 8257 8497 7943 8311 8340 8308 7750 8717 8202 8360 8276 8481 8290 8526 7802 7772
7855 8186 8173 7316 7889 8315 7778 7502 7690 8456 7919 7606 8148 7802 7760 7748 8458 7630 7794 8227 8332 7881 8169 7859 8072 7486 7820 7885 8113 8099 7489 7851 7940 8062 7505 7912 7585 7988 7878 7976 7412 8124 7976 8213 7762 8002 8059 8030 7816 7887 7358 7903 8209 8118 8081 8415 8640 7873 8503 8230 8085 7965 8227 8391 7820 7888 7872 7804 8390 7858 8037 7947 7657 7760 7475 8000 8105 7490 7972 8034 7654 7856 7847 7423 7994 7714 7955 7743 8242 8242 7933 7484 8143 7426 8150 8247 7732 8547 8154 7916 8337 7751 8042 8076 8224 7046 7886 7765 7710 8067 7863 7741 7450 8551 7775 7628 7990 8365 8020 8330 7955 7975 7169 7497 7769 7987 7613 8741 8323 7766 8278 8065 8301 7750 7974 7580 7599 7797 7960 7597 8022 7901 8082 7849 7666 8209 8197 7629 7674 7748 8364 7656 7757 7636 8034 7846 7760 8396 8356 7901 8373 8084 8058 7960 8307 8160 8185 7564 8099 7560 7927 8267 7769 7969 7984 8223 8206 7535 7802 7666 7622 7919 7948 8272 7550 8180 7496 7861 8195 8456 7820 7872 7492 8126 7456 7994 7739 7916 7728 7963 7708 7978 7813 7785 7828 7744 7897 7968 8045 7981 8140 7400 7257 7974 7977 7948 7742 8262 7515 7882 7955 7976 7777 8062 8540 7836 8006 7949 8029 7833 8325 7532 7329 8420 7707 7665 8106 8058 7649 8088 8319 7693 8162 7810 8481 8408 8084 8002 7528 7876 8051 7811 7260 8935 7664 7641 7618 8092 7553 8261 7689 8124 7564 7885 7773 7795 7478 8002 7645 8051 8194 8025 7669 8015 7146 8155 8109 7504 8017 7421 8120 7459 8174 7641 8048 7672 7559 7831 8757 8062 7788 7932 8214 7948 7876 7595 8081 8138 7960 8210 8101 7828 8145 7351 7637 7684 7904 8237 8453 7984 7903 8078 7854 7582 7452 7470 7928 7916 7478 8560 7907 8138 7330 7773 8041 7775 8369 7903 7682 7934 7509 8238 7841 7819 7839 8292 7129 7693 7964 7931 8211 8162 8271 7813 7977 7931 7866 7993 8144 7838 7884 7860 7680 7900 7754 7980 7645 7644 7548 8080 7311 7821 8280 7578 7731 8167 7797 7076 7883 8250 7726 8227 7729 7778 7723 7587 7705 7492 7747 8055 8215 7725 7430 8059 7405 8004 7551 7884 7703 7735 7632 8367 7452 7814 7969 7990 7999 7594 7701 7208
8659 8262 8430 8503 8771 8575 8557 7948 8508 9207 8487 8107 8480 8309 8402 8747 8759 8312 7942 9114 8882 8093 8614 8311 8318 8041 8143 8463 8788 8579 8015 8516 8309 8493 7750 7991 8189 8830 8767 8461 7848 8507 8115 9207 8257 8680 8682 8279 8345 8231 8035 8342 8654 8493 8788 8579 9109 8517 8683 8844 8813 8565 8742 9006 8618 8419 8720 8059 8824 8219 8670 8150 8210 8219 8046 8482 8725 8206 8714 8436 8130 8541 8808 7943 8629 8274 8605 8216 8710 8439 8656 7990 8429 8177 8875 8935 8418 8877 8657 8762 8924 8211 8394 8429 8525 7764 8554 8489 8185 8598 8317 8319 8294 8830 8418 7794 8739 8786 8211 8763 8664 8207 7888 8354 8651 8287 8112 8643 9119 8500 8794 8445 8477 8231 8919 8065 8319 8292 8325 8174 8808 8153 8638 8626 8352 9250 8056 8357 8481 8097 8721 8056 8669 7950 8607 8556 8670 9037 8680 8275 8947 8690 8343 8416 8619 8361 8223 8022 8587 8099 8673 8281 8638 8443 8470 8370 8487 8195 8036 8481 8491 8293 8336 8770 8106 8800 8374 8266 8821 8791 8019 8512 8076 8594 7891 8625 8362 8418 8398 8670 8451 8364 8447 8628 8094 8674 8465 8346 8550 8776 8509 7742 7874 8233 8335 8821 8161 8695 7863 8385 8007 8642 8668 8591 9060 8513 8720 8263 8275 7708 8491 8048 8295 8802 8278 8121 8597 8609 8505 8750 8511 7937 8788 8307 8861 8427 8777 8386 8057 8615 8535 8482 8247 9041 8422 8500 8399 8643 8130 8767 8355 8350 8473 8400 8466 8320 8155 8333 8676 8752 8803 8831 7972 8527 7732 8400 8552 8146 8542 7735 8743 8217 8592 8114 8516 8679 7994 8679 8970 8509 8535 8779 8719 8581 8567 7971 8440 8543 8539 8309 8776 8340 8815 8087 8341 8784 8749 8601 8999 8314 8503 8699 8301 8184 8518 8021 8356 8461 8175 8917 8217 8703 7823 8316 8556 8489 8707 8466 8236 8748 7933 8302 8584 8421 8283 8495 7480 8228 8448 8702 8537 8591 8387 8205 8219 8125 8555 8753 8511 8460 8652 8253 8275 8396 7991 8222 8399 8144 8436 8700 7915 8267 8878 8155 8234 8503 8322 7936 8466 8697 8539 8740 8422 8620 8511 8395 8112 8286 8280 8411 8986 8080 8143 8526 7883 8708 8360 8555 8269 8083 8017 8932 7935 8393 8472 8550 8432 8328 8284 7896
8555 8350 8610 8211 8478 8692 8359 8019 7906 8924 8406 8095 8800 8371 8340 8440 8624 8135 7938 8565 8668 7948 8758 8683 8384 8247 8641 8103 8614 8816 7926 8644 8419 8676 8202 8195 8115 8619 8489 8432 7735 8156 7903 8624 8309 8288 8554 8293 7948 8498 7996 8451 8435 8595 8790 8325 8980 8173 8713 8467 8558 8453 8375 8667 8197 8229 8579 8202 8231 8199 8614 8621 8451 7994 8145 8519 8221 8427 8436 8561 8247 8430 8238 7652 8193 8460 8499 8140 8900 8226 8895 7949 8277 8184 8639 8508 8551 8795 8479 8134 8874 8650 8104 8370 8869 7739 8144 7980 8125 8136 8177 8614 8517 8818 8360 7960 8394 8401 8081 8684 8430 8198 7982 8150 8001 8314 7953 9035 9074 8144 8359 8604 8424 8314 8439 7883 7966 8150 8492 8244 8508 8221 8213 8576 8293 8663 8532 8094 8335 8410 8896 8127 8469 8233 8474 8465 8171 8787 8537 7979 8942 8594 8035 8369 8745 8426 8742 8008 8779 7811 8298 8606 8391 8385 8394 8263 8357 8049 8439 8466 8308 8229 8221 8603 8442 8612 8180 8491 9162 9097 7846 8076 8130 8487 8024 8581 8188 8527 8130 8781 8114 8484 8275 8285 8450 8734 8549 8490 8577 8572 8549 7723 7643 8295 8649 8336 8243 8547 7999 8528 7927 8551 8511 8424 9129 8750 8380 8880 8412 8124 8269 8117 8026 8790 8600 8386 8414 8648 8633 8819 8717 8168 8773 8094 8424 8616 8604 8487 8238 8589 8413 7923 8326 9242 8319 8327 8248 8502 8163 8613 8317 8797 8335 8512 8117 8229 8299 8675 8015 8722 8500 8570 7976 8428 7844 8619 8362 8469 8483 8014 9055 8169 8436 8245 8679 8660 8308 8456 8718 8384 8544 8444 8596 8290 8759 7899 8457 8588 8636 8539 8848 8232 8711 8273 8452 8625 8474 8554 8886 8266 8461 8701 8335 8119 8141 8332 8030 8764 7995 8771 8353 8245 8078 8671 8164 8265 8442 8518 8044 8491 7907 8412 8472 8387 8089 8638 7786 8030 8444 8432 8107 8835 8643 8575 8515 8237 8493 8443 8645 8446 8363 8153 8133 8404 8357 8559 8244 7831 8537 8400 8113 8246 9051 8268 8266 8534 8122 7713 8624 8300 8327 8644 8136 8446 8097 8513 8385 8282 8428 8408 8764 8096 8023 8522 7908 8859 8443 8318 7708 8198 8133 8707 7941 8380 8424 8715 8575 8528 8216 7919
7496 7696 7896 7294 7733 7959 7447 6977 7665 8063 7300 7288 7726 7294 7315 7781 8034 7372 7189 7779 7786 7371 7671 7824 7437 7256 7331 7438 7862 7762 7089 7575 7751 7414 7395 7287 7262 7444 7584 7246 6975 7501 7317 8038 7692 7837 7530 7386 7259 7566 7031 7499 7603 7835 7807 7764 8199 7620 7951 7442 7708 7326 8034 7834 7318 7664 7475 7448 7558 7152 7651 7579 7643 7448 7159 7795 7387 6903 7452 7187 7305 7869 7550 7037 7680 7432 7565 7258 8118 7507 7771 7183 7629 7416 7565 7755 7470 8352 7734 7490 7702 7849 7666 7535 7402 6965 7210 7365 7354 7373 7216 7632 7354 7832 7235 6955 7654 7768 7772 7585 7663 7422 6820 7206 7716 7593 7197 7999 7926 7396 7868 7754 7302 7527 8021 7171 6876 7630 7402 7338 7704 7458 7398 7355 7484 7877 7694 7305 7620 7198 7651 7426 7737 7021 7425 7726 7507 8038 7823 7319 7936 7855 7473 8032 7744 7395 7544 7233 7953 7353 7492 7527 7623 7875 7597 7554 7802 7551 7270 7706 7295 7504 7682 7854 7360 7860 7689 7384 7863 7904 7200 7424 7078 7616 7371 7349 7408 7560 6972 7604 7153 7376 7916 7524 7325 7860 7488 7417 7685 7604 8081 7087 6757 7572 7546 7827 7305 7488 6845 7739 7052 7622 7464 7209 8183 7512 7771 7826 7706 7068 7863 7524 7101 7950 7420 7280 7499 7576 7635 7985 7891 7163 7719 7291 7974 7402 7783 7674 7348 7669 7751 7276 7201 8265 7609 7407 7036 7619 7411 7963 7822 7587 7253 7312 7506 6974 7642 7559 7463 7734 7691 7474 7535 7683 7204 7630 7457 7384 7654 7197 7657 7329 7577 6986 7517 7734 7477 7782 8014 7735 7629 7515 7814 7863 7513 7065 7374 7396 7408 7562 7642 7338 7937 7458 7602 7743 7514 8034 8193 7355 7522 7494 7769 7427 7502 7207 7221 7813 7262 8108 7734 7719 7288 7790 7653 7762 7493 7619 7608 7383 7252 7501 7461 7524 7590 7868 6909 7165 7504 7497 7567 7874 7882 7115 7807 7334 7446 7440 7227 7559 8037 7310 7307 7713 7520 7498 7368 7374 7402 7909 7233 7629 7920 7762 7712 7705 7476 6800 7266 7487 7597 7631 7515 7371 7240 7778 7514 7246 7236 7189 7951 7427 7333 7607 7400 7759 7321 7359 7665 7444 7417 7937 6980 7552 7323 7613 7681 7602 7260 6984
8507 9086 8560 8179 8505 8903 8066 8142 8074 8981 8405 8346 8364 8547 8029 8488 8664 8280 8105 8627 8829 7894 8608 8896 8596 8351 8179 8236 8397 8988 7904 8375 8217 8352 8204 8415 7870 8456 8643 7977 8221 8171 7976 8884 8370 8586 8546 8559 7959 8458 7919 8215 8546 8659 8383 8737 9272 8374 8933 8627 8646 8205 8962 8683 8073 8005 8522 8347 8434 8154 9008 8595 8625 8373 8016 9042 8370 8465 8562 8312 8379 8581 8526 7906 8320 8101 7906 7949 8920 8444 8663 8245 8242 8213 8346 8737 8507 8780 9034 8502 8982 8692 8263 8672 8533 7402 8219 8277 8361 8301 7970 8671 8156 9304 8371 8134 8793 8459 8533 8524 8545 8027 7725 7945 8126 8043 8065 9215 9433 8055 8617 8365 8442 8021 8608 7827 7973 8373 8163 8116 8457 8453 8724 8976 8219 8538 8456 8333 8205 8374 8667 8107 8626 8125 8262 8411 8355 8648 8814 8112 8899 8272 8523 8612 8763 8565 8506 7942 8948 8184 8624 8673 8239 8490 8086 8722 8147 7908 7972 8119 8204 8681 8600 8565 8228 8509 8263 8624 8998 8680 7815 8441 8081 8689 8232 8583 8160 8649 7856 8691 8603 8516 8037 8306 8365 8462 8286 8364 8589 8561 8541 8034 7966 8310 8151 8782 8159 8775 8229 8638 8589 8473 8182 8379 9047 8649 8467 8587 8291 7900 8379 8108 8375 9021 8111 8365 8603 8640 8588 8923 8654 8137 8546 8279 8658 8305 8405 8685 8197 8722 8728 8111 8089 9130 8071 8529 7908 8193 8389 8482 8532 8364 8481 8113 8441 7919 8125 8519 8078 8434 8872 8516 8176 8420 7818 8519 8527 8302 8446 7724 8659 8041 8470 8141 8486 8568 8287 8811 8824 8483 8516 8365 8553 8732 8679 8229 8587 8458 8303 8382 8956 8509 8731 8367 8551 8433 8474 8552 8770 8518 8270 8755 8081 8205 7959 8193 8270 8710 7803 8749 8271 8686 7701 8352 8539 8347 8530 8495 8009 8629 7881 8222 8531 8798 7945 8517 7507 7873 8458 8687 8358 8663 8641 8286 8494 8338 8525 8648 8553 8449 8671 8138 8165 8229 8437 8687 8095 8218 7910 8489 8034 8320 9240 8628 8566 8515 8296 7625 8287 8272 8096 8564 8263 8636 8228 8400 8099 8472 8435 8132 8628 8241 8163 8422 7910 8790 8282 8636 7913 8488 8144 8704 8009 8676 8394 8544 8395 8146 8492 8018
8754 8199 8848 8533 8555 8959 8423 8126 8281 8890 8065 8234 8527 8517 8535 8749 9020 8152 7806 8905 8848 8070 8676 8436 8448 8370 8524 8531 8691 8772 8003 8760 8530 8352 8169 8179 8501 8900 8279 8320 7736 8438 8206 9093 8353 8571 8757 8400 8255 8289 8004 8841 8681 8858 8609 8671 9253 8700 8926 9002 8812 8189 8767 8858 8612 8653 8640 8283 8630 8247 8815 8406 8270 8515 8394 8561 8491 8356 8511 8274 8414 8670 8592 8225 8512 8886 8748 8347 9096 8575 8874 8290 8706 8298 8930 8809 8373 8750 8633 8255 8969 8680 8661 8757 8379 8134 8250 8335 8380 8808 8191 8444 8227 8843 8353 7832 8799 8538 8473 8919 8719 8069 7917 8434 8559 8297 8206 8893 9034 8684 8990 8427 8403 8638 8560 8033 8072 8512 8635 8250 8502 8277 8452 8652 8376 8839 8253 8198 8439 8332 9189 8084 8725 8227 8540 8606 8189 9394 8924 8275 8948 8850 8061 8547 8577 8498 8566 8183 8973 8128 8647 8479 8487 8692 8225 8296 8407 8285 8080 8467 8433 8420 8349 8811 8377 8919 8366 8527 9166 8867 8237 8338 8096 8637 8003 8476 8387 8550 8456 8908 8470 8864 8513 8527 8552 8484 8613 8471 8759 8731 8476 7880 8111 8449 8470 8833 8507 8832 8223 8386 8462 8386 8848 8481 9128 8594 8588 8419 8391 8164 8433 8328 8141 9200 8390 8041 8434 8600 8668 9193 9143 8222 9007 8252 9004 8814 9022 8458 8336 8902 8757 8263 8472 9172 8538 8539 8250 8717 8510 8645 8263 8552 8460 8400 8395 8204 8291 8706 8503 8808 8846 8707 8246 8590 7640 8596 8565 8324 8549 7898 9068 8454 8774 8193 8693 8505 8461 8530 9325 8461 8702 8445 8648 8638 8558 8270 8612 8720 8551 8494 8929 8418 8877 8514 8686 9014 8741 8881 9240 8569 8421 8601 8526 8209 8361 8439 8095 8975 8435 8684 8320 8580 8015 8641 8823 8646 8509 8494 8079 8972 8286 8594 8611 8442 8393 8993 7812 8367 8562 8502 8313 9029 8780 8132 8513 8388 8455 8865 8717 8549 8662 8353 8205 8818 8240 8565 8530 8213 8580 9013 7903 8535 9029 8665 8595 8571 8341 7940 8112 8689 8519 8754 8306 8423 8461 8788 8311 8595 8498 8625 9020 8185 8102 8875 8065 8838 8656 8669 8289 8143 8242 9294 8364 8571 8640 8826 8421 8664 8104 7987
7896 7811 8143 7797 7816 8472 7669 7323 7564 8227 7727 7784 7946 7884 7785 8272 8495 7680 7701 8071 8118 7567 8143 8074 7754 7677 7384 7667 8123 8160 7570 8131 7699 7936 7158 7746 7296 8007 8028 7726 7670 7706 7720 8170 7429 8186 7998 7983 7447 7698 7396 7841 7992 8159 8373 7845 8585 7755 8399 8193 7958 7651 7800 8285 7522 7820 7974 7575 8015 7239 8012 7733 7636 7598 7366 8045 7808 7781 7619 7993 7972 7941 7794 7919 7796 7866 7818 7485 8298 8039 7952 7343 7925 7680 8179 8116 7827 8176 8337 7711 8076 7668 7939 7559 8215 7315 7749 7664 7959 8012 7725 7730 7498 8279 7897 7498 8018 8301 7920 7781 8005 7678 7438 7818 7842 7466 7506 8266 8484 7896 8236 7780 7631 7830 8001 7288 7169 7688 7762 7429 7734 7892 7868 7990 7916 7937 7839 8024 7989 7665 8305 7535 7887 7217 7785 7954 7508 8312 7640 7423 8340 7759 7674 7979 7916 7890 7561 7521 8057 7278 7781 8047 8061 7958 7861 7945 7880 7518 7379 7772 7591 7763 7832 8123 7931 8106 7976 7482 8273 8151 7381 7836 7558 8333 7226 7719 7958 8388 7547 8102 7831 7703 7686 7654 7739 7586 7993 7606 7995 7771 7943 7264 7162 7816 7703 7845 7616 7904 7555 7749 7759 7828 7737 7663 8231 7935 8050 8163 7886 7513 7691 7716 7624 8152 7869 7689 7892 7759 8037 8203 8003 7681 8048 7397 7778 8094 8130 7747 7340 8162 7481 7687 7722 8399 7463 7980 7881 7743 8040 7917 7624 7752 7878 8099 7901 7812 7767 8054 7849 7923 7921 7961 7514 7849 7459 8065 7818 7667 7950 7326 7921 7904 8066 7669 8122 7579 7489 7748 8437 8071 8093 7965 8229 7554 8225 7494 7802 8004 7872 7595 8048 7815 8319 7786 7865 8083 7990 7901 8359 7652 7832 7906 8062 7665 7782 7617 7478 8173 7799 8063 7959 7701 7397 7528 7704 7764 8090 7415 7475 8269 7725 7850 8064 7870 7695 8256 7036 7830 7511 7841 7893 8144 7855 8160 8007 7804 7818 8107 7679 7739 8187 7799 7668 7699 7774 7996 7465 7579 7670 7927 7388 8002 8320 7671 7710 8071 7556 7073 7742 7970 7612 8176 7681 8049 7607 8038 7808 7785 7476 7539 7960 7651 7755 7884 7546 8050 7580 7929 7430 7601 7469 8007 7710 8060 7701 7809 8165 7984 7577 7287
8466 8371 8231 8340 8367 8943 8018 7628 8246 8801 8356 8314 8087 8302 8164 8626 8569 7678 8029 8489 8277 7786 8421 8519 8239 8143 8129 8196 8673 8561 7907 8492 8337 8057 7732 7971 8081 8282 8378 7986 7713 8431 8070 8850 8263 8398 8617 8269 7898 8606 7938 8052 8746 8858 8472 8471 9229 8022 8638 8593 8069 7919 8596 8692 8218 7980 8461 8020 8488 8067 8603 8406 8193 8226 7993 8312 8124 8031 8341 8360 8296 8277 8119 7832 8160 8176 8441 7968 8624 8438 8164 8324 8411 7815 8457 8198 8250 8692 8530 7850 8397 8153 8174 8392 8631 7658 8198 7936 8114 8395 7722 8139 8041 8511 8080 7350 8543 8795 8189 8553 8290 7992 7795 8106 8205 8294 7920 8834 8615 8003 8549 8313 8145 8507 8516 7808 7619 7902 8629 8110 8187 8200 8279 8426 7982 8733 8271 8041 8279 8056 8622 7715 8736 7971 8338 8398 8065 8680 8693 8090 8518 8246 8326 8581 8255 8228 8475 7878 8336 7893 8396 8110 8626 8350 8068 8077 8266 8106 7890 8440 8227 8246 8489 8698 8091 8825 8155 8108 8850 8688 8168 8112 7704 8239 7892 8666 8420 8538 7949 8423 8319 8174 8070 8326 7949 8389 8326 8449 8517 8404 8278 8020 7675 8043 8099 8676 8230 8721 7823 8406 8052 8338 8052 8097 8927 8295 8590 8228 8417 7715 7953 7998 7717 8864 7722 8069 8402 8485 8702 8519 8455 7891 8307 7986 8847 8386 8481 8409 8038 8660 8368 7678 8002 8791 8282 8227 8144 8075 8061 8356 8072 8466 8256 8257 8335 8186 7997 8282 7958 8252 8451 8306 8046 8234 7596 8460 8203 8345 8566 7904 8294 8282 8414 7806 8242 8070 8073 8506 9103 8359 8579 8083 8443 8251 8657 7810 8262 8239 8504 8221 8474 8552 8487 7877 8303 8304 8633 8328 8773 7988 8435 8452 8205 7962 8159 7949 8052 8374 7909 8726 8284 8351 7749 8170 7997 8298 8414 8317 7938 8580 7836 8238 8484 8335 7982 8561 7563 8168 8138 8680 8387 8599 8511 8260 8248 8009 8019 8298 8242 8286 8506 8058 8012 8369 8321 8238 7981 7696 7855 8323 8213 8159 8533 8177 8013 8315 7922 7720 8208 8125 7990 8446 8312 8123 8306 8253 8024 8359 8268 8342 8614 8228 8232 8186 8139 8483 8104 8141 8114 8209 7895 8922 8001 8156 7997 8521 8233 8132 7849 7732
8316 8174 8163 7899 8636 8447 8050 7518 7664 8379 8079 8159 8145 8028 8168 8290 8382 7643 7965 8574 8100 7601 7942 8198 8000 7659 7651 8130 8376 8303 7616 8013 7608 7757 7716 7944 7761 8059 7966 8114 7278 8127 7653 8584 7891 8187 8182 7869 7748 7911 7458 8095 8371 8193 8772 8219 8670 7962 8803 8416 7871 7758 8320 8508 8088 8086 8549 8145 8377 8226 8244 8178 7965 7771 7794 8093 8185 7997 7880 8033 8231 8188 8173 7765 8263 7748 7868 7657 7909 8261 8271 7480 8217 7784 8341 8295 7903 8488 8298 7823 8484 8176 8070 8293 8116 7460 8098 7976 7997 8063 7503 7886 7752 8280 8152 7721 8095 8303 7922 8305 8027 8079 7376 7920 7945 8006 7636 8676 8477 8224 8482 8134 8140 7991 8212 7804 7741 8020 7877 7683 8173 8119 7852 8416 7794 8007 7994 7789 8022 7745 8281 7907 8559 7835 7690 7837 7864 8425 8532 7798 8308 8265 7961 7893 8028 8232 7945 7850 7999 7789 8037 8485 7900 8225 7989 7877 8147 7825 7772 7974 8257 7683 8052 8404 7779 8348 8286 7717 8357 8710 7724 7762 7628 8224 7804 8206 8011 8248 7801 8121 7795 7807 8046 8286 7655 8095 8095 7576 8166 8377 8249 7667 7538 8205 8072 8309 8051 8256 7716 8124 7895 7804 8054 7942 8569 8283 8118 8251 7893 7475 8354 7729 7528 8215 7697 7851 8361 8475 8406 8566 8125 7697 8304 7838 8160 8221 8445 8116 8094 8138 8166 7875 7598 8566 7741 7863 7740 8287 7771 8491 7832 8284 8092 8277 8057 7675 7910 8337 7831 8498 8672 8436 7684 7873 7715 7976 8092 8089 8031 7596 7983 7755 8046 7715 7774 8138 7760 7906 8554 8011 8389 7950 8504 8037 8456 7750 7962 7826 8164 7811 8344 7907 8368 7574 8206 8505 8135 8117 8741 8367 8180 8068 8255 7871 7647 7759 8056 8373 7945 8182 8035 7925 7382 8196 8311 8226 8213 7741 7451 8216 7727 7972 7726 7890 8160 7994 7174 7609 7861 8344 8238 8222 8334 8114 8307 7845 8000 8117 8066 7875 8241 7952 8254 8098 7900 7659 7893 7637 8009 8090 7698 8048 8487 8309 7895 7841 8064 7255 8104 7979 8104 8002 7941 8015 8062 8263 7710 7838 7969 8449 8210 7809 7684 8476 7714 8376 7696 7876 7916 8178 7560 8247 8126 8178 8202 8188 8337 8116 7712 7353
8270 8497 8164 7961 8330 8253 8129 7572 8015 8508 8057 7897 8361 8009 7999 8449 8415 7784 7958 8674 8392 7893 8357 8069 8101 7786 7974 7931 8536 8053 7751 8202 8069 8202 7154 8198 7799 8433 8032 8128 7629 8266 7650 8602 8470 8154 8207 8182 7909 8290 7960 8075 8658 8503 8422 8148 8635 8275 8611 8428 8175 8170 8090 8659 7953 8409 8611 8108 8185 7828 8488 7853 8047 7819 7773 8359 8084 7865 8134 7775 7878 8511 8342 7690 8217 8081 8250 8259 8491 8285 8105 7879 8191 7737 8161 8617 8254 8537 8486 8085 8367 8084 7798 8235 8275 7119 8059 7984 8161 8441 7962 8219 7774 8406 7944 7561 8625 8355 8098 8373 7879 7575 7577 8076 8030 8127 7895 8487 8479 7869 8310 8232 8500 7858 8212 7973 7794 7838 8184 8005 8315 8316 7742 7799 7997 8483 8250 8076 8199 8168 8851 7803 8035 7578 8469 8198 8162 8873 8234 8160 8793 8177 8017 7906 8626 8354 8172 7851 8425 7616 8079 8331 7883 8044 7894 8327 8325 7715 8111 8171 8013 8071 8355 8366 7758 8495 7770 8135 8731 8312 7642 8139 7790 8107 7355 8009 8099 8433 7561 8265 7739 8033 8199 8123 7733 7858 8326 8217 8087 8426 8451 7685 7141 8127 8373 8024 8171 8044 7588 8045 7709 8216 7966 8549 8958 8183 8208 8079 7970 7744 8088 8122 7737 8335 7805 7790 7946 8300 8386 8421 8282 7666 8559 7859 8533 8453 8574 8254 7886 8213 8226 8285 7852 8921 7781 8336 8031 8139 7754 8553 8033 8272 8054 8155 7966 7956 7908 7943 8044 8120 8385 8151 7958 8388 7384 8180 8114 8051 7790 7502 8391 8157 8037 7551 8280 8092 7866 8301 8920 8142 8513 8249 8571 8059 8326 7405 8448 7990 8512 8230 8541 7841 8759 7864 8030 8840 8316 7855 8723 8151 8277 8670 7936 7527 7756 8187 7844 8579 7973 8382 8125 8167 7910 7805 8186 8079 8597 7958 8041 8258 7815 7947 8219 8286 8146 8443 7445 7904 7844 8020 8086 8549 8585 7859 8306 7866 8203 8073 8403 8522 8297 8060 7909 8584 7978 8204 8263 8035 7657 8135 7716 8216 8518 7677 7905 8127 7841 7226 7913 8007 8111 8332 7730 8057 7886 8060 7925 8142 7978 8280 8350 7837 7850 8564 7900 8400 7818 8076 7874 8083 7872 8383 7813 8244 8060 8217 8333 8032 7944 7698
8528 8223 8158 8127 8231 8823 8227 7559 8021 8641 8448 7957 8102 8323 8107 8340 8521 7674 8002 8502 8760 7806 8485 8413 8234 8225 8146 8172 8533 8552 7869 8186 8547 7985 7684 8252 7587 8057 8018 7772 7584 8277 7748 8741 8135 8348 8270 8163 7682 8219 7684 8072 8514 8554 8355 8585 8913 8400 8588 8251 8641 8063 8419 8383 8028 8064 8266 8158 8567 8118 8569 8173 8458 7702 7871 8715 8472 8189 8042 8142 8077 8534 8486 8030 8211 8158 8145 8013 8656 8731 8481 7939 8433 7948 8350 8389 8069 8838 8828 8073 8417 8340 8051 8367 8628 7575 7967 8013 8150 8177 7628 7767 8121 8288 8142 7614 8117 8346 8327 8606 8245 8077 7464 7815 8216 7593 7939 8658 8504 8155 8642 8303 8269 8030 8408 7522 7704 8025 8067 8244 8343 8357 7983 8269 8233 8454 8550 8180 8125 8013 8887 7930 8513 7479 7941 8173 8025 8919 8307 7962 8156 8456 7830 8527 8518 8137 8224 7778 8490 7938 8382 8329 8376 7911 8253 7968 8385 7960 7977 8310 8255 8512 8471 8388 8270 8367 7818 8339 8631 8813 7820 8164 7671 8543 7817 8327 7832 8584 7897 8343 7991 8106 8248 8065 8084 8158 8413 8371 8304 8080 8557 7769 7405 8173 8461 8338 8214 8212 7755 7901 8085 8035 8348 8214 8623 8646 8490 8241 8360 7810 8426 7987 8039 8488 8010 7851 8097 8294 8584 8339 8595 7761 8627 8205 8514 8721 8708 8176 7921 8653 8292 8224 8027 9008 8103 7948 8139 8678 8320 8496 8235 8414 8238 8283 8196 8087 8005 8428 8137 8331 8460 8496 7976 8144 7681 8331 8401 8250 8314 7711 8429 8332 8319 7993 8425 8410 8150 8370 8754 8277 8314 8245 8295 8537 8468 7722 8337 8469 8340 8209 8367 8023 9022 7889 8571 8568 8324 8275 8706 8459 8354 8371 8432 7956 7750 7790 7879 8496 8067 8652 8069 8078 7809 8392 8254 8071 8003 7993 7831 8317 8280 8003 8029 7940 7866 8355 7319 7738 8220 8458 8056 8719 8779 8136 8427 8140 8199 8442 8289 8381 8480 7768 7910 8613 8144 8307 8087 7798 8109 8196 7625 8153 8620 8129 8153 8464 8570 7789 8581 8478 8262 8593 8066 8439 8017 8078 7692 7779 7842 8276 8391 7762 7840 8411 8007 8559 8129 7853 8078 8335 7836 8328 8122 8426 8168 8364 8420 8039 7732 7691
7937 7588 7730 7557 7753 8038 7596 7217 7482 8096 7778 7475 7457 7490 7511 7993 7962 7143 7343 7955 7851 7347 7853 7775 7810 7646 7376 7617 7622 7824 7346 7688 7775 7682 7034 7573 7342 7792 7605 7594 7105 7849 7411 7915 7547 7811 7808 7498 7386 7661 7258 7752 8089 7873 7585 7511 8131 7621 8167 7591 7695 7379 7882 8135 7235 7692 7693 7695 7872 7470 8335 7613 7751 7390 7235 8035 7326 7461 7872 7573 7303 7828 7606 7140 7419 7784 7619 7481 8309 7633 7737 7585 7695 7237 8112 8081 7900 7935 7791 7612 8062 7686 7524 7509 7907 7120 7375 7565 7392 7835 7378 7629 7517 7947 7612 7143 7820 7779 7618 8112 7824 7646 7111 7365 7894 7278 7480 8061 7930 7770 7862 8054 7779 7377 7896 7337 7188 7357 7859 7256 7789 7803 7435 7880 7592 8081 7419 7696 7676 7511 8054 7053 7926 7295 7516 7562 7399 8402 7983 7560 7995 7803 7829 7711 7982 7678 7792 7253 7878 7313 7750 7924 7557 7836 7586 7457 7585 7721 7497 7276 7654 7575 7408 7841 7480 8083 7708 7822 8062 7870 7394 7799 7345 8054 7391 7720 7728 7860 7355 7836 7778 7619 7755 7378 7585 7557 7788 7846 7899 7898 7649 7269 6950 7452 7799 7821 7715 7873 7078 7868 7910 7556 7682 7497 8059 7725 7691 7729 7664 7326 7800 7629 7174 7832 7662 7354 7740 7890 8040 8010 7824 7370 7999 7709 8080 7713 7986 7767 7531 7812 7892 7349 7431 8115 7409 7278 7189 7736 7601 8137 7534 7842 7641 7427 7628 7468 7332 7647 7566 7696 8001 7614 7505 7525 7099 7831 7905 7546 7673 7326 7690 7556 7850 7479 7833 7712 7498 7836 8246 8211 7570 8078 8060 7693 8039 7317 7774 7841 7586 7571 8022 7684 8006 7499 7899 7924 7696 7742 8316 7700 7825 7754 7752 7576 7227 7459 7609 7809 7606 7948 7548 7459 7174 7684 7620 7913 7928 7918 7522 7804 7488 7887 7458 7394 7734 7539 6926 7511 7545 7604 7467 8150 8161 7821 7840 7669 7673 7865 7698 7351 7978 7522 7629 7943 7639 7790 7776 7532 7469 7597 7122 7560 8213 7542 7504 8038 7867 7372 7595 7676 7849 7629 7540 7693 7543 7640 7453 7212 7650 7460 7987 7580 7602 7848 7328 8019 7530 7728 7299 7070 7288 8006 7344 7956 7618 7958 7755 7647 7494 6925
8493 8203 8189 8257 8714 8762 7813 7650 8122 8763 8551 8030 8384 8168 8104 8538 8404 8023 7988 8435 8314 8046 8394 8194 8317 8041 8092 7844 8491 8499 7646 8128 8205 8327 7792 7926 7661 8306 8051 7725 7606 8515 7556 8865 7964 8390 8110 7859 7862 8172 7788 8186 8263 8225 8574 8461 8961 8215 8440 8389 8169 8094 8587 8471 7792 8131 8346 7963 8074 7868 8689 7831 8010 7836 7779 8696 8374 7997 8057 8092 7884 8517 8119 7732 8117 8428 8322 7932 8724 8147 8565 8234 7874 7743 8306 8531 8223 8572 8495 7945 8538 8419 8117 8004 8422 7349 8090 7832 8473 8376 7742 8473 8102 8533 8266 7779 8397 8563 7898 8212 7894 7687 7663 7944 8479 7569 7713 8412 8490 7965 8409 8309 8150 8062 8501 7748 7714 8219 8208 8007 8335 7891 8120 8381 7878 8576 8067 8063 7918 7798 8435 7827 8593 7645 7996 8168 7914 8723 8357 8120 8485 8448 7974 8239 8454 8120 8152 7644 8524 7722 8121 8196 8226 8347 7950 7940 8569 7814 8184 7983 8201 8165 8330 8236 7780 8594 8210 7997 8459 8571 7591 7733 7781 8451 7996 8335 7963 8404 7502 8216 8158 7783 8283 8062 8057 8099 8545 8187 8004 8011 8494 7551 7519 7993 8212 8271 7885 8263 7560 8125 7688 8208 8256 7998 8761 8309 8215 8258 8237 7575 8289 8088 8116 8272 7935 7821 8206 8294 8588 8464 8504 7622 8555 7746 8534 8352 8317 7911 8000 8186 8131 8045 8079 8762 8136 8190 7824 8531 8023 8890 8108 8383 8418 8141 8331 7760 8185 8133 8021 8080 8515 8231 7686 8077 7595 8285 8249 7985 8284 7570 8572 8022 8714 7740 8274 8315 8058 8633 8519 8033 8289 7908 8650 8415 8409 7694 8169 8214 8068 7985 8377 8066 8559 8180 8424 8427 8535 8571 8670 8364 8354 8598 8067 7537 8002 8015 8231 8332 7777 8669 8452 8296 7488 8397 8025 8170 8417 7985 8040 8332 7593 8180 8356 8296 8266 8331 7266 7922 8214 8069 8391 8481 8353 8079 8094 7792 8303 8215 8211 8177 8282 8033 8004 8190 7833 8177 8036 7750 8264 8177 7889 7945 8994 8310 7887 8161 8386 7506 8216 8239 8132 8437 7940 8282 7960 8486 8301 8007 8219 8281 8456 7954 7780 8291 7640 8479 7918 7962 8079 8075 8075 7774 7964 8326 8171 8235 8274 8284 7916 7588
8532 8355 8484 8563 8476 9012 8160 7998 8093 8458 8418 8034 8306 8161 8337 8548 8465 7973 7983 8397 8490 8105 8340 8559 8106 8245 7860 8173 8465 8576 8170 8197 8351 8149 8138 8313 8020 8706 8261 8346 7907 8320 8412 8572 8402 8381 8208 8013 8243 8247 7800 8244 8561 8568 8247 8308 9060 8012 8855 8511 8451 7961 8609 8355 8217 8446 8662 7833 8417 8039 8388 8331 8384 8407 7893 8183 8260 8155 8262 8287 8296 8429 8745 7967 8346 8149 8284 7954 8724 8316 8495 8150 8559 8206 8312 8467 8355 8891 8604 7873 8728 8367 8135 8392 8242 7508 8017 8188 7916 8451 7800 8441 8081 8702 8349 7704 8573 8677 8300 8539 8388 8120 8134 8073 8307 8179 7660 9000 8710 8227 8561 8340 8278 8046 8529 7917 7908 7945 8300 8191 8365 8401 8128 8696 8064 8636 8466 8067 8202 8151 8607 7892 8396 7781 8107 8297 7930 8728 8389 8522 8599 7967 8273 8351 8449 8032 8346 7850 8605 7951 8422 8414 8267 8428 8383 8126 8413 8102 7994 8271 8250 7905 8157 8775 8171 8845 8229 8070 8810 8724 7741 8500 7720 8618 7998 8227 8091 8215 7682 8328 8127 8246 8057 8393 8055 8546 8278 8058 8188 8611 8344 7952 7741 8102 8751 8719 8034 8338 7865 8445 8267 8447 8590 8100 8727 8268 8550 8450 8189 8131 8478 8059 7849 8521 8294 8042 8620 8448 8221 8865 8531 7759 8572 8049 8741 8699 8344 8501 8013 8592 8514 7804 8007 9000 8042 8288 7973 8466 8012 8587 7949 8217 8546 8465 8288 8138 7930 8223 8494 8389 8741 8439 8080 8240 7998 8443 8529 8244 8517 7855 8458 8118 8426 8259 8506 8564 8127 8346 8976 8315 8506 8676 8515 8280 8287 7954 8240 8305 8346 8233 8495 8391 8258 8068 8341 8452 8424 8419 8902 8205 8292 8282 8389 7940 8171 8047 8013 8415 8131 9017 8422 8341 7637 8317 8246 8482 8333 8085 7903 8421 8068 8350 8336 8310 7978 8618 7607 8122 8077 8333 8461 8593 8174 8272 8343 7934 8088 8432 8561 8344 8386 8366 7972 8230 8019 8470 8109 7950 7939 8480 8188 8259 8595 8044 8214 8540 8253 7802 8268 8335 8448 8751 8284 8123 7866 8367 7981 8037 8506 8296 8612 8211 8001 8593 8025 8730 7910 8158 7946 8240 7996 8403 8229 8380 7961 8435 8120 8089 7899 7543
8267 8203 8224 8080 8202 8799 7975 7521 7705 8405 8110 8079 8146 7861 8108 8243 8219 7452 7870 8434 8384 7709 8382 8184 8356 7901 7722 8015 8481 8249 7535 7902 8039 8177 7567 8018 7438 8074 7975 8256 7408 7952 7792 8270 7965 8128 8262 8385 7975 8120 7599 7981 8257 8465 8336 8110 8693 8217 8447 8376 8179 8040 8318 8685 7895 8038 8444 8083 8193 8132 8486 8067 8084 8123 7869 8099 7952 7925 7989 8192 7562 8211 7951 7405 7849 8017 8263 7443 8667 8073 8259 7664 7756 7514 8140 8131 7919 8605 8380 7983 8337 7756 7972 8242 8162 7620 8188 7791 7982 8077 7835 8183 8010 8773 8011 7693 8154 8422 7911 7996 8203 7624 7430 7430 8096 8039 7579 8344 8515 8086 8209 8070 8204 7776 8208 7377 7942 7988 8098 7659 8345 8039 7711 8358 7825 8075 8240 7843 8080 8211 8567 8021 8359 7674 8267 7735 8045 8653 8481 7987 8328 8346 8247 7862 8441 8164 7824 7752 8674 7709 7877 8205 8213 8117 7967 8260 7952 7463 7909 8021 7974 7966 8163 8373 7756 8497 7721 8153 8626 8631 7699 7719 7625 8022 8257 8296 7950 8079 7661 8147 7887 8182 8007 8182 8232 8305 8187 8264 8384 8390 8151 7749 7657 7865 8221 8138 7847 8159 7621 7988 8047 7929 8191 7657 8718 8231 8324 8304 8003 7604 8057 7763 7865 8595 7506 7944 8117 8293 8086 8303 8371 7629 8559 7780 8101 8383 8161 8345 7649 8139 8329 7444 7707 8827 8077 7864 7712 8184 8143 8175 8116 8113 7801 8059 8226 7868 7890 8267 7965 8388 8541 8064 7715 8380 7185 8493 8232 7764 8177 7592 8119 7665 8454 7961 8302 8114 7618 8194 8700 8004 8059 8437 8102 7923 8248 7659 8052 8203 8173 7819 8198 7840 8051 7675 8287 8256 8279 8432 8410 7772 8457 8298 8363 7797 7943 7836 7697 8244 7877 8351 7966 8088 7264 8070 8139 7998 8190 7622 7685 8187 7826 7877 7619 8131 7943 8027 7852 7812 7860 8158 8234 8441 8175 7995 8257 7970 8087 8087 7894 7892 8162 7969 7960 8183 7902 7908 7977 7741 7838 8081 7657 7635 8503 8183 7759 8458 7914 7455 8096 8241 8251 8264 7857 8438 7809 7779 7907 7748 7980 8234 8066 7791 7723 8056 7687 8215 7883 7971 7845 7717 7662 8495 7728 8205 8062 8444 8297 8100 7923 7342
8091 8168 7851 7764 8349 8433 8135 7431 7866 8509 8050 7655 7974 7809 7925 7999 8356 7962 7829 8280 8275 7580 8267 8278 8076 7879 8038 8100 8228 8286 8041 8095 8033 7799 7435 8057 7794 8067 7897 7521 7548 8290 7597 8485 7915 8221 8380 7924 7186 8233 7707 7810 8424 8506 8529 8153 8491 8080 8282 8247 7979 8014 8295 8406 7781 7936 8343 8028 8157 8142 8132 7982 8136 7752 7458 8308 8250 8060 8107 7840 7982 8245 7883 7750 7836 7890 7906 7952 8467 8205 8055 7707 8095 7956 8114 7901 8027 8191 8398 7626 8318 7978 7922 8274 8205 7577 7792 7787 7804 7850 7604 7932 7974 8553 7963 7536 7995 8209 8156 8239 7947 7660 7346 7771 7825 7792 7691 8704 8709 7787 7984 7966 7896 7726 8005 7553 7796 8096 8100 8070 8268 7868 8081 8126 8121 8444 8046 8200 7909 8154 8441 7642 8411 7668 7925 8099 7753 8668 8465 7418 8140 8221 7997 8032 8188 7959 8210 7752 8285 7609 8240 8197 8330 8250 7891 8032 8310 7597 7888 8129 7992 7889 8281 8221 7888 8219 7415 8079 8383 8528 7593 8009 7492 8075 7516 7696 7787 8224 7473 8380 7939 7871 8130 7774 8371 8052 8121 7824 8389 8181 8257 7637 7548 7924 7960 8046 7892 8296 7514 7927 7673 8082 7881 8014 8486 8149 8182 8194 8192 7508 8249 7894 7858 8501 7810 7922 8433 8168 8223 8372 8246 7690 8131 7816 8271 8345 8107 7904 7871 7958 8108 7761 7535 8765 7485 8248 7989 8227 7894 8384 7730 8086 7953 8117 8103 7553 7720 7837 7832 8217 8294 8220 7681 8153 7107 7986 8048 7886 8265 7404 8275 7722 8050 7745 8090 8264 7643 8186 8496 7813 8078 8084 8075 8192 8179 7778 8310 8305 8163 7978 8266 7899 8336 7759 8036 8330 8227 8034 8311 8233 8246 8285 8050 7665 7657 7762 7692 8215 8045 8269 7854 8185 7546 7794 8171 7985 8070 8119 7928 8387 7539 7974 7934 7924 7684 8636 7116 7965 8074 8330 8171 8170 8291 7949 7832 7817 8216 8122 8327 7946 7994 7676 7911 8364 7792 7986 7898 7892 7695 7954 7735 7880 8241 7686 8045 8222 8015 7540 7859 7860 7707 8480 8118 8441 7642 7941 7562 8004 8317 7986 8559 8008 8052 8133 7891 7900 8130 8132 7751 8056 7631 8258 7661 8195 8071 7964 7986 8144 7809 7824
8339 8219 8380 7906 8477 8925 8102 7869 7970 8677 8275 8059 8189 8142 7908 8390 8705 8254 8158 8628 8604 7800 8433 8298 8161 8214 8052 7959 8498 8471 7875 8376 8170 8126 7672 8180 7657 8710 8014 7885 7654 8546 7774 8975 8068 8283 8219 8364 7717 8284 7831 8468 8402 8540 8242 8210 9198 8436 8826 8608 8165 7820 8494 8483 8063 8174 8152 8454 8371 8019 8664 8176 8159 7918 7884 8422 8323 7865 8167 8059 7912 8383 8193 7799 8183 8428 8369 8193 8594 8294 8182 7613 8306 7945 8435 8497 8117 8808 8687 7969 8601 8310 8236 8313 8424 7759 8263 7738 7911 8392 8383 8087 8074 8612 7802 7564 8477 8255 8171 8343 8130 8009 7882 7799 8175 7780 7985 8839 8495 8123 8354 8580 8249 7788 8298 7629 7592 7894 8115 8172 8265 8374 8421 8681 8053 8252 8398 8247 8061 8395 8759 7857 8251 7580 8322 8313 8113 8558 8326 8134 8514 8145 8064 8383 8146 8494 8033 7972 8561 7912 8252 8490 8286 8212 7992 8151 8297 8188 7732 8096 8051 8239 8296 8319 7948 8766 7791 8530 8582 8427 8037 8092 7948 8508 7806 8109 8081 8345 8146 8204 7779 8146 8381 8407 8393 8240 8282 8464 8360 8440 8422 7839 7559 8326 8506 8600 7734 8186 7722 8021 8237 8281 8222 7853 8612 8266 8410 8189 8125 7921 8375 7971 7894 8550 7869 8097 8275 8559 8277 8737 8564 7846 8565 8324 8513 8473 8274 8265 7943 8321 8058 7958 7752 8710 7951 7963 8071 8223 8228 8496 8075 8522 8062 8056 8299 7863 7925 7932 8079 8423 8810 8176 8072 8254 7929 8441 8411 8105 8222 7691 8230 8138 8393 7947 8409 8029 8168 8574 8895 8222 8366 8306 8545 8204 8337 7798 8016 8225 8229 8116 8465 8173 8610 7615 8162 8748 8282 8430 8804 8274 8236 8790 7896 7635 8153 7679 8035 8565 8288 8610 8160 8308 7721 8232 8349 8186 8379 8012 8119 8593 7925 8074 8124 8201 8217 8370 7578 7854 8200 8230 8350 8354 8390 8208 8201 8227 8087 8169 8490 8577 8398 7752 8260 8429 7845 8212 8145 7996 8004 8145 7790 8053 8384 8018 7936 8482 7974 7590 7986 8145 8370 8337 8030 8283 7935 8224 8193 8051 8125 8335 8645 8248 8202 8489 8194 8323 8040 8175 8371 8163 8065 8586 7886 8122 7991 8296 8381 8523 7739 7706
8915 8799 8372 8441 8593 8863 8507 7872 8169 8934 8788 8336 8439 8698 8370 8889 9075 8042 8385 8678 9024 8157 8616 8977 8808 8118 8362 8431 8846 8808 8205 8686 8289 8551 7972 8459 8207 8894 8623 8348 7806 8445 8362 8773 8491 8735 8792 8570 8116 8517 7920 8854 8905 8740 8688 8874 9344 8394 9388 8979 8626 8453 8681 8985 8215 8255 8876 8690 8978 8463 8917 8819 8817 8291 8540 8533 8478 8191 8625 8404 8397 8767 8707 8080 8640 8713 8759 8317 9017 8540 8654 8068 8955 8591 8615 9000 8614 8871 8989 8198 8790 8597 8613 8846 8701 7762 8365 8723 8370 8783 8073 8586 8313 8739 8368 7960 8876 8731 8385 8994 8504 8199 8028 8207 8701 8679 8017 9096 8996 8381 8818 8827 8625 8523 8904 8070 8102 8469 8440 8271 8499 8749 8598 9171 8365 9047 8526 8589 8526 8486 9103 8405 8933 8041 8588 8670 8292 9426 8998 8515 8699 8620 8465 8812 8984 8605 8640 8275 8709 8252 8731 8890 8568 8613 8392 8458 8582 8576 8359 8667 8634 8380 8705 9001 8643 8926 8377 8584 8959 8877 8055 8507 8360 8857 8455 8733 8273 8646 8001 8802 8174 8122 8462 8735 8431 9012 8871 8497 8617 8616 8854 8207 7872 8494 9031 8940 8902 8856 7909 8745 8100 8488 8155 8464 9329 8852 8711 8922 8768 8122 8789 8361 7917 9053 8586 8590 8977 9068 8968 8814 8723 8419 8948 8438 8915 8872 8999 8571 8575 8957 8741 8193 8078 9059 8598 8473 8234 8659 8302 8799 8469 8826 8789 8581 8776 8417 8341 8540 8549 8648 8881 8794 8436 8858 7827 8855 8501 8377 8617 8220 8695 8113 8395 8232 8719 8833 8268 8601 9362 8589 8920 8636 8815 8864 8793 8124 8377 8495 8767 8233 8761 8176 8851 8323 8604 8803 8735 8530 9350 8367 8719 8804 8361 8480 8249 8042 8184 8378 8339 8904 8713 8601 7889 8475 8891 8439 8561 8439 8231 9012 8123 8536 8208 8331 8348 8614 7716 8160 8504 8578 8562 8916 8848 8471 8821 8426 8499 8641 8726 8354 9091 8642 8711 9279 8474 8418 8206 8484 8424 8802 8243 8369 9288 8889 8337 8682 8401 7979 8694 8613 8695 8673 8808 8188 8341 8354 8201 8171 8647 8838 9153 8477 8319 8516 8208 8903 8491 8891 8306 8231 8373 8978 8207 8764 8601 8594 8626 8660 8043 7870
9004 8550 8607 8654 9159 9390 8770 8230 8621 9364 9035 8295 8829 8933 8398 8780 9117 8316 8747 9190 9023 8208 9055 8909 9022 8592 8989 8839 9083 8763 8483 8694 8744 9010 8167 8419 8421 9160 8506 8673 8068 8733 8428 9378 8586 9098 8891 9139 8420 8818 8421 8644 9003 8991 8843 8771 9637 8797 9075 8971 9184 8719 8852 9013 8232 9070 8704 8842 9312 8412 9197 8543 9045 8370 8145 8982 8683 8361 8632 8687 8580 9149 9201 8383 8980 8849 8983 8728 9340 8841 8771 8546 8636 8761 8834 8936 8738 9299 9259 8799 9050 8909 8665 8977 9182 8073 8460 8474 8576 9007 8422 8465 8656 9153 8711 8040 9029 9142 8533 9216 8782 8341 8254 8369 8721 8643 8082 9136 9186 8874 9017 9084 8933 8721 9024 8443 8330 8543 8871 8791 8792 9015 8903 8863 8735 9224 8876 8788 8702 8897 9416 8414 8800 7899 8958 8700 8781 9478 9043 8762 9338 8807 8905 8880 9258 8980 8599 8646 8955 8107 8661 9305 8815 8633 8656 8670 8824 8657 8650 8780 8872 9058 8885 9264 8426 9094 8681 8758 9293 9178 8165 8782 8292 9408 8140 8477 8593 8934 8268 8888 8788 8738 9019 8798 8836 8695 8565 8893 8677 8831 8756 8378 8148 8798 9166 8898 8777 9151 8047 8813 8484 8775 8462 8808 9726 9402 8961 8644 8993 8541 8921 8488 8436 9222 8241 8553 8881 8974 8962 9391 8911 8643 9159 8554 9253 9177 9017 9113 8604 8989 8572 8883 8876 9481 8433 8776 8510 9077 8745 9232 8964 8715 9001 8627 8897 8644 8793 8751 8762 8924 9054 9004 8658 8921 8208 8850 9111 8664 8949 7817 9073 8622 8496 8345 8575 8776 8654 8899 9242 9233 8815 8861 8933 8912 9068 8373 8650 8916 8926 8929 9138 8470 9065 8604 8765 8830 9245 9016 9102 8659 8590 9157 8724 8314 8895 8520 8659 8990 8700 9403 8999 8742 8301 8771 8823 8586 8695 8865 8553 9249 8234 8520 9065 8751 8404 8877 8037 8738 8647 8717 8567 9112 9140 8730 8685 8646 8713 8617 9494 8685 9276 8612 8823 8892 8584 8674 8673 8627 8437 8731 8750 8338 9388 8840 8725 9045 8547 7832 8780 8677 8770 8921 8575 8726 8685 8946 8655 8469 9000 8989 9152 8695 8831 8939 8521 8840 8482 8748 8501 8385 8374 8923 8397 8754 8833 8759 9177 8784 8353 8387
8475 8365 8257 7939 8739 8787 8112 7767 7886 8822 8299 8146 8409 8494 8064 8434 8431 8036 7808 8323 8763 7822 8641 8701 8639 8553 8059 8455 8451 8916 8006 8570 8281 8232 7790 8369 7899 8500 8190 8043 7894 8462 7765 8734 8323 8448 8624 8370 8252 8381 7833 8536 8459 8685 8500 8508 8975 8155 8266 8659 8239 8200 8436 8500 8186 8303 8117 8291 8565 7930 8816 8487 8189 8292 8071 8830 8515 8281 8434 8283 7930 8263 8192 7522 8287 8568 8423 8209 8858 8053 8541 8119 8317 7865 8514 8485 8101 8835 8561 8527 8426 8446 8444 8288 8534 7530 8053 7905 8455 8464 8036 8585 8358 8525 8238 7679 8807 8788 8302 8432 8449 8104 7760 8050 8559 8348 7630 8953 8772 8032 8669 8439 8251 8014 8436 7929 8143 8431 8409 7966 8408 8250 8226 8460 8095 8961 8477 8483 8315 8360 8815 7734 8402 7937 8363 8517 8282 8647 8701 7992 8509 8385 7972 8187 8376 8560 8150 8195 8738 8231 8360 8573 8306 8476 8180 8386 8343 8219 8346 8398 8132 8349 8362 8706 7922 8402 7847 8360 8685 8750 7966 8069 7533 8638 8109 8790 8204 8557 7824 8330 8341 8321 8281 7968 8370 8637 8325 8310 8451 8713 8341 8046 7819 8002 8371 8508 8061 8235 8055 8375 7902 8329 8295 8442 8760 8830 8273 8283 8573 7736 8665 7993 7724 8723 8159 7947 8539 8621 8382 8600 8388 7908 8801 7921 8636 8600 8365 8204 8496 8587 8362 7999 8447 8852 8330 8130 8158 8778 8217 8354 8180 8391 8220 8312 8414 7975 8123 8228 7932 8379 8599 8357 8148 8407 7449 8612 8184 8132 8316 8083 8537 8257 8853 7869 8517 8522 8340 8758 9092 8215 8356 8536 8496 8658 8344 7943 8412 8225 8459 8541 8613 8450 8700 8175 8343 8322 8450 8575 8812 8539 8575 8703 8020 8073 8351 7937 8363 8672 8160 8655 8351 8445 7836 8482 8391 8261 8374 8612 8081 8707 8037 8220 8458 8319 8054 8718 7570 8049 8087 8395 8583 8644 8533 8060 8483 8183 8411 8367 8501 8197 8369 8105 8230 8246 8357 8452 8234 8277 8318 8816 8207 8121 8773 8504 8223 9261 8250 7504 8154 8057 8161 8559 8231 8266 7959 8411 8273 8247 8399 8307 8871 8069 7975 8504 8084 8843 7987 8128 7958 8234 7955 8494 8120 8683 8215 8625 8400 8308 8068 7791
8543 8292 8644 8328 8459 8866 8298 7766 8061 8812 8194 7997 8277 8333 8285 8515 8812 8035 7911 8538 8684 7572 8826 8254 8442 7973 8075 8017 8743 8397 8002 8313 8079 8187 7934 8033 8106 8296 8211 8387 8125 8463 8152 8817 8372 8305 8492 8502 8042 8133 7913 8365 8946 8367 8244 8746 8921 8060 8823 8796 8203 8274 8586 8913 8287 8387 8457 8354 8578 8078 8574 8032 8064 7989 7917 8444 8370 8414 8350 8160 7866 8409 8543 7851 8297 8467 8255 8192 8782 8483 8575 7988 8440 8068 8426 8480 8320 8934 8671 7967 8778 8297 8402 8253 8155 7610 8007 7914 8326 8375 8219 7945 8023 8539 8486 7785 8239 8861 8094 8446 8353 8090 7810 8140 8553 8185 7900 8512 8928 8502 8619 8280 8316 8100 8591 7823 7854 8375 8064 8283 8702 8132 8598 8286 8316 8494 8404 8501 8038 8231 9062 7983 8676 7650 8596 8516 8317 8653 8720 8312 8720 8302 8398 8333 8634 8263 8362 8158 8412 7807 8391 8820 8192 8277 8171 8440 8386 7773 7850 8487 8116 8192 8748 8743 8101 8393 7988 8250 8687 8938 8007 8306 7962 8843 8230 7975 8204 8461 7937 8479 8324 8200 8316 8202 8322 8113 8451 8240 8292 8336 8520 7873 7737 8413 8675 8448 8231 8606 7896 8298 8323 8329 8162 8554 9075 8575 8137 8256 8544 7882 8516 8287 8020 8436 8114 7971 8500 8301 8524 8578 8659 7988 8658 7927 8834 8493 8452 8239 8104 8688 8265 8033 8092 8865 8463 8311 8261 8752 8136 8777 8380 8258 8514 8325 8338 8064 8129 8353 8209 8327 8597 8752 8022 8206 7742 8532 8578 8069 8413 7606 8724 8274 8335 7741 8058 8621 8111 8158 8910 8365 8496 8228 8769 8512 8735 7802 8598 8311 8538 8117 8735 8209 8213 7920 8707 8497 8553 8507 8837 8105 8216 8263 8218 8049 8417 8165 8319 8651 7843 8650 8129 8143 7739 8313 8315 8388 8283 7963 7786 8448 7690 7979 8135 8274 8208 8882 7354 8123 8358 8276 8553 8510 8622 8374 8471 7985 8537 8517 8656 8161 8385 8260 8159 8425 8035 7894 8318 8168 7920 8180 7935 8580 8664 7954 8372 8107 8430 7701 8085 8279 8135 8663 8257 8317 8219 8500 8004 7663 8521 8387 8980 8331 8008 8388 7867 8589 8203 8409 7912 8106 8128 8596 8114 8862 8633 8616 8322 8395 8063 7831
8817 8291 8622 8333 8815 8379 8393 7905 7910 8724 8743 8185 8250 8214 7861 8461 8567 7838 8274 8666 8432 7635 8527 8650 8392 8136 7898 8154 8748 8378 8152 8375 8279 8503 7546 8131 7899 8759 8086 8036 7680 8318 7621 8876 8213 8509 8341 8249 7893 8109 7683 8430 8698 8500 8505 8448 9107 8132 8927 8442 8436 7964 8267 8675 8280 8343 8529 8127 8523 8079 8712 8167 8271 7989 8215 8436 8122 8102 8206 7855 8010 8616 8379 7882 8349 8623 8356 8041 8523 8339 8339 7686 8430 8271 8496 8882 8542 8866 8789 7825 8542 8218 8271 8435 8395 7723 8007 8135 8408 8356 8076 8343 8166 8607 8126 7860 8452 8873 8247 8642 8213 7809 7816 8114 8128 8188 8110 8761 8474 8362 8260 8791 8132 8223 8363 7669 7609 8121 8357 8409 8531 8494 8258 8772 8100 8586 8365 8183 7846 8178 8759 7947 8477 8065 8217 8165 8034 9111 8442 8332 8637 8320 8421 8393 8609 8412 8477 7974 8491 7961 8273 8383 8135 8384 8316 8230 8096 7792 7989 8198 8312 8405 8275 8594 7980 8593 8266 8355 8791 8465 7567 7952 7773 8324 7601 8336 7982 8425 7969 8816 8181 8309 8321 8461 8328 8224 8346 8178 8448 8265 8316 8345 7667 8341 8240 8670 8062 8566 8026 8431 8297 8268 8363 8087 9198 8411 8197 8112 8495 7774 8253 7971 7952 8876 8233 8275 8484 8726 8332 8647 8726 7880 8648 7929 8933 8524 8471 8649 8135 8626 8061 7850 7813 8741 8051 8321 8034 8496 7966 8251 8400 8426 8420 8284 8396 7935 8264 8163 8330 8011 8777 8859 8108 8360 7697 8402 8315 8262 8212 8034 8893 7909 8535 8071 8463 8514 7948 8470 8977 8394 8286 8241 8864 8510 8538 7417 8624 8515 8401 7982 8638 8304 8389 8141 8527 8581 8428 8484 8817 8435 8352 8661 8286 7707 8070 8169 8103 8646 8129 8853 8473 8059 7903 8485 8667 8524 8346 8200 8291 8715 7956 8285 8349 8360 7970 8492 7434 7654 8240 8682 8539 8410 8624 8411 8338 8207 8352 8600 8443 7962 8385 8255 8426 8691 8187 8338 8388 8278 8102 8171 7859 8434 8870 8253 8080 8479 8248 7356 8011 8238 8565 8631 8227 8336 8170 8537 8325 8191 8575 8046 8894 8202 7859 8322 7651 8304 8096 8511 8049 7803 7725 8295 8099 8479 8305 8334 8597 8365 7860 7641
8182 7999 8041 7640 8168 8281 8013 7542 7742 8680 7871 7747 8092 8059 7919 8140 8698 7716 7974 8615 8466 7979 8020 7803 8000 7780 7867 7879 8205 8193 7686 7823 8009 8071 7498 8163 7704 8041 8046 7956 7461 8185 7887 8420 8033 8003 8303 7849 7664 8382 7623 8126 8474 8356 8164 8335 8766 8188 8518 8222 8055 7944 8237 8485 7811 7927 8427 8267 8500 8059 8181 7740 8469 7791 7872 7909 7992 7993 8046 7846 7963 8419 8138 7577 7956 8088 8055 7864 8513 7949 8107 7876 7954 7824 8130 8272 7916 8565 8102 7660 8236 7807 7705 8112 8318 7087 7809 7519 7967 8039 7809 7779 7719 8791 7987 8044 8278 8305 8157 8081 7948 7496 7635 7740 7960 7545 7906 8307 8447 7956 8238 8110 8160 7824 8060 7685 7544 8236 8051 7855 8307 8073 7778 7817 7756 8677 7851 7714 8008 8081 8550 7893 8122 7531 8266 8062 8140 8465 8075 8210 8548 7932 7969 8217 8519 8261 8155 7598 8173 7569 7888 8051 7693 7968 8013 8065 8550 7460 7603 7793 7722 7991 8111 8175 7418 8471 7916 8178 8281 8679 7520 8005 7554 8269 7765 8180 8037 8163 7914 8067 8250 8202 8262 8236 7683 8004 8324 7903 8431 8254 8135 7597 7353 7861 7948 7886 7950 8571 7394 7973 8085 7967 7971 8057 8727 8193 8204 8231 8034 7366 8054 7742 7959 8258 7776 7941 8059 8264 8192 8073 8200 7642 8477 7712 8339 8343 8247 7968 7922 7992 7990 8040 7809 8918 7950 7966 8079 7979 7919 8424 7976 8141 8068 8063 7700 7627 7998 8128 7813 8369 8340 8012 7735 7889 7649 8152 8103 7962 8166 7285 8106 7721 8191 7678 8094 7957 7584 7846 8688 8011 8011 7734 8325 8118 8316 7718 8271 8114 8213 8073 8030 8065 8434 7637 8301 8287 8208 8210 8413 8095 8000 8345 8014 7708 7817 7742 8010 8364 8067 8234 7854 8230 7741 7870 8285 8184 8022 7859 8016 8039 7548 7905 7899 7928 7969 8164 7249 7787 8079 8097 8368 8246 7905 8336 7475 7628 8074 7871 8229 8245 8113 7588 7809 7878 7796 7721 7774 7672 8011 8188 7562 7986 8399 7783 7743 8044 7531 7271 8149 8246 8148 8055 7742 7608 7665 8285 7826 7963 7821 7789 8021 7930 7720 8376 7526 8023 7638 7956 7648 7961 7512 8321 7840 8277 8066 8470 8174 8074 8037 7618
8193 8132 8074 7796 8487 8458 7726 7530 7497 8738 8201 7943 8164 8074 7901 8012 7870 7699 7710 8286 8249 7835 8320 7866 7780 7972 7666 8194 8454 8087 7446 8142 8158 8058 7553 8204 7564 8598 7727 7805 8046 7944 7541 8257 8252 8310 8047 7902 7886 8143 7626 8174 8433 8102 8093 8403 8393 7836 8230 8232 8240 8173 8243 8244 7630 8306 8376 7786 8134 7668 8473 8055 8053 7601 7768 8202 7904 8016 8093 7775 7628 8375 8415 7888 8183 7881 8235 7875 8420 8050 8265 7869 7858 7734 8059 8568 7982 8499 8187 8308 8346 8071 7608 8024 7986 7361 7563 7613 7930 8087 7617 7907 7611 8518 7719 7540 8398 8406 7937 8170 8210 7861 7340 7691 8083 7888 7443 8591 8346 8020 8290 7970 8005 7573 8189 7483 7829 7994 8044 7501 8100 8033 7851 8065 8054 8426 7893 8247 7766 7695 8273 7450 8295 7647 8101 8281 7890 8509 8088 7618 8145 8167 7948 8041 8255 8047 7958 7854 8221 7509 8131 8314 7986 8282 7863 8129 8205 7504 8003 7854 8067 7788 8313 8246 7727 8280 7822 7981 8400 7975 7440 8048 7662 8062 7603 8044 7729 8277 7854 7999 7951 8011 8372 8098 7696 7883 7818 8185 8418 8159 8150 7421 7349 7961 7656 8046 8028 8038 7394 7848 7902 7747 8260 7692 8695 8075 7810 8329 8101 7777 8360 7742 7692 8300 7882 7658 8126 8007 8459 8250 8260 7822 8335 7633 8543 8254 8160 8323 8052 8345 7784 7858 7861 8596 7834 7820 8084 8063 7943 7986 8019 8313 7960 7725 7762 7745 7880 8360 7824 8250 8231 8070 7759 7829 7248 8220 8319 7617 8118 7360 8368 7986 8220 7853 7890 7879 7798 8330 8307 8274 8046 8185 8269 8289 8261 7854 7910 8069 7798 8223 8367 7793 8322 7499 7954 8029 8121 8410 8514 7845 7656 7984 7950 7501 7805 7823 7927 8182 7655 8357 8108 8266 7434 8222 7934 7891 8382 7887 7804 8165 7590 7962 8110 8154 7636 8301 7144 7719 7785 8093 8182 8269 7967 7907 8239 8013 7897 8021 8009 8108 8123 7735 7847 8029 7664 8188 7862 7848 7700 7981 7600 7682 8511 8269 7876 8300 7995 7149 7458 8398 8337 8399 7803 7861 7793 8166 8031 7839 7943 7848 8641 7539 7764 8388 7452 8130 7843 8104 7604 7797 7550 8249 7955 8144 7778 8144 8151 7842 7755 7418
8560 8363 8525 8031 8285 8657 8291 8104 8233 8902 8543 8481 8520 8576 8054 8650 8783 7878 7977 8707 8514 8151 8404 8378 8418 8018 8238 8151 8822 8545 8043 8283 8084 8310 7965 8297 8386 8572 8393 8355 7890 8186 7891 8579 8354 8536 8516 8210 7927 8166 8091 8342 8748 8727 8583 8634 8933 8328 9016 8713 8559 8229 8625 8864 7979 8051 8425 8345 8750 8107 8575 8411 8325 8158 7836 8448 8167 8241 8379 8434 8281 8116 8559 8119 8710 8340 8418 8343 8652 8341 8627 7665 8186 8116 8458 8447 8421 8969 8735 8278 8582 8155 8654 8276 8569 7578 8024 7782 7793 8247 8083 8334 8336 8665 7994 7960 8465 8690 8316 8882 8506 7931 7684 8133 8242 8235 8124 8926 8741 8196 8589 8585 8188 8529 8660 8210 7855 8173 8592 8073 8301 8090 8410 8449 8275 8998 8525 8600 8244 8358 8725 7732 8651 7865 8297 8445 8440 8937 8373 8348 8891 8614 8284 8449 8634 8378 8559 8126 8493 7912 8319 8893 8252 8231 8276 7904 8564 8248 8078 8074 8371 8168 8134 8788 8197 8460 7944 8366 8553 8615 7993 8094 7764 8593 7930 8261 8331 8363 8052 8690 8187 8474 8315 8244 8483 8531 8640 8382 8454 8542 8572 7848 7256 8232 8611 8575 8256 8572 8001 8734 8057 8485 8098 8325 8937 8452 8338 8351 8498 7691 8544 8186 7966 8700 8288 8128 8508 8534 8630 8654 8476 8007 8780 8194 8945 8449 8864 8247 8110 8428 8322 8063 8023 8877 8596 7960 8204 8856 8062 8853 7866 8488 8362 8238 8374 8594 8002 8688 8312 8469 8558 8578 7832 8427 7640 8547 8379 8347 8665 7863 8621 8284 8468 8083 8883 8595 8088 8377 8961 8318 8747 8252 8867 8462 8512 8043 8220 8410 8486 8465 8722 8374 8875 8073 8345 8473 8215 8412 8852 8423 8580 9073 8291 8439 8259 7854 8298 8407 8310 8656 8155 8227 7929 8266 8310 8308 8421 8416 8342 8734 8223 8280 8643 8008 8139 8715 7694 8130 8092 8155 8558 8333 8622 8340 8420 8062 8328 8374 8810 8427 8441 8135 8389 8923 8041 8324 8206 7948 8088 8593 7547 8192 8801 8438 8243 8415 8011 7654 8551 8281 8306 8582 8094 8440 8018 8733 7935 8137 7830 8422 8736 8189 8124 8416 7928 8724 8324 8279 7892 7856 7885 8818 7806 8242 8336 8465 8587 8046 8225 7985
8414 8011 8580 8096 8541 8441 8214 7892 8166 8971 8837 8414 8786 8498 8188 8490 8622 8131 8219 8705 8661 7866 8937 8760 8237 8039 8149 8376 8678 8862 7804 8559 8553 8506 7805 8326 7888 8653 8243 8102 7951 8477 7899 8678 8335 8386 8503 8240 8106 8568 7801 8838 8842 8929 8771 8741 9047 8376 8853 8448 8353 8309 8646 8563 8115 8269 8687 8590 8402 8315 8847 8391 8383 8335 8293 8487 8267 8232 8348 8248 7963 8566 8525 7989 8769 7980 8468 8291 8896 8422 8546 8209 8719 8392 8544 8929 8356 8745 8752 8142 8791 8553 8425 8585 8588 7828 8204 8167 8201 8225 7775 8326 8241 8577 7876 8061 8834 8908 8581 8744 8347 8337 7904 8069 8388 8104 8187 8899 9016 8211 8596 8341 8290 8034 8587 7918 7920 8155 8605 8415 8428 8501 8306 8690 8330 8666 8369 8023 8310 8278 8935 8034 8887 7952 8369 8484 8394 9106 8298 8178 8537 8470 8182 8622 8871 8385 8275 8259 8788 8204 8428 8577 8460 8648 8347 8022 8439 8043 8035 8158 8458 8506 8487 8587 8198 8812 8559 8517 8798 8645 8062 8702 7955 8393 7808 8542 8220 8635 8051 8469 7958 8550 8512 8192 8242 8924 8249 8421 8446 8703 8343 7687 7405 8059 8509 8681 8305 8467 7800 8600 8431 8166 8296 8395 9206 8268 8526 8615 8659 8006 8383 8159 7800 8895 8310 8370 8689 8632 8848 8552 8520 8151 8477 8093 8946 8750 8401 8202 7995 8562 8396 7950 7935 9077 8177 8210 8040 8373 8189 8846 8478 8597 8330 7839 8247 7889 8550 8387 8259 8722 8755 8708 8017 8206 7649 8430 8120 8205 8376 7775 8678 7970 8431 8161 8689 8411 8222 8487 9087 8162 8517 8547 8535 8367 8780 7967 8395 8848 8710 8249 8461 8348 8825 8163 8419 8854 8463 8632 9069 8287 8565 8629 8498 8120 7979 8228 8080 8850 8552 8783 8225 8382 7876 8628 8464 8522 8525 8177 8216 8499 8118 8111 8210 8274 8034 8393 7555 8350 8247 8253 8286 9011 8294 8310 8378 8155 8275 8476 8604 8710 8729 8266 8026 8561 8147 8382 8351 7939 8082 8508 8160 8059 8754 8630 8424 8782 8339 8055 8339 8464 8575 8348 8171 8310 8247 8322 7773 8111 8274 8322 8814 8267 8142 8598 8013 8751 8044 8516 7919 8246 8242 8707 8189 8685 8272 8362 8430 8612 7996 7772
8181 8105 8206 7968 7946 8740 7868 7675 7920 8612 7958 7814 7977 8214 8032 8115 8509 7362 7698 8101 8818 7797 8107 8228 8323 7921 7570 7959 7957 8219 7805 8129 8296 7979 7976 7885 8020 8402 8206 8059 7590 7831 7615 8594 8019 8052 8170 8009 7366 7784 7843 7873 8499 8220 8032 8419 8695 8061 8358 8083 8245 7943 8294 8353 7980 8097 8376 7749 8426 8099 8424 7993 8346 7834 7827 8426 7984 7861 8469 7671 8033 8325 8300 7694 8079 8074 7810 7927 8428 8247 8395 7843 8233 7934 8277 8236 7953 8572 8024 7888 8599 7852 7818 8237 8017 7266 7708 7786 7650 8053 7791 8028 7916 8550 7776 7654 7713 8340 8075 8310 8008 7592 7164 7648 8048 7711 7599 8900 8721 8017 8459 8456 7915 7872 8267 7745 7754 8004 8097 7895 8336 8298 8049 8500 7658 8326 8195 8293 8141 7912 8549 7561 8209 7854 8461 8404 7750 8666 8451 7995 8195 8077 8140 8338 8364 8186 8013 7938 8303 7775 8260 8332 7852 7868 7720 8439 8048 7855 7639 7832 7949 7843 7956 8446 8041 8564 7783 8063 8420 8620 7752 8130 7658 8438 7504 8097 7793 8267 7514 8132 7778 7947 8004 7947 8027 7924 8156 8053 8226 8089 8292 7612 7415 8065 8362 8341 8040 8313 7826 8015 7910 8120 8216 8159 8626 8228 8076 8193 8173 7718 8236 8190 7667 8071 8151 7498 8117 7904 8257 8410 8525 7601 8238 8016 8501 8076 8280 8063 7944 8242 8037 8086 7712 8943 7490 8082 8093 7816 7913 8396 7740 8571 7878 8075 8153 7701 7735 7869 8076 8022 8604 8244 7866 8108 7398 8085 8004 8083 8190 7637 8335 7717 8295 7742 8123 8075 8074 8187 8467 8342 8036 8258 8215 7931 8436 7652 8132 8371 7962 8057 8418 8210 8131 7689 8110 8234 8198 8274 8395 7930 8145 8189 7577 7822 8181 7766 7868 8068 7879 8026 7807 8122 7940 7950 8237 8181 8290 8221 7756 8284 7958 7917 7903 7744 7827 8433 7363 7860 8077 8383 8181 8140 8386 7719 8124 7734 8079 8248 8145 7910 8088 7981 7996 8229 7655 7840 7503 7905 7698 8399 7621 7608 8211 7870 8124 8213 7911 7503 7962 8143 8176 8240 7974 8068 7691 8074 7665 7872 8134 7746 8612 7983 8115 7939 7733 8486 8069 8237 7697 7533 7753 8219 7977 8042 7984 8082 7756 8092 7773 7630
7951 8045 8179 7596 7734 8653 7670 7270 7946 8595 7840 7831 7973 8221 7865 8387 8662 7563 7593 8386 8428 7624 8088 7716 8094 8074 7657 7862 8072 8489 7633 8132 8167 8025 7531 7939 7739 8009 7997 7819 7670 8121 7596 8906 7725 8259 8126 8061 7686 8001 7667 7875 8469 7991 8295 8151 8405 7985 8627 7936 8080 7845 8136 8297 7710 7690 8040 7944 7910 7533 7939 7878 7869 7908 7652 8437 7839 8021 7806 7843 7772 8318 7963 7500 8122 7903 7887 7897 8428 8033 7882 7508 8283 7734 8348 7912 7914 8594 8081 7823 8307 8051 8380 8181 8054 7235 7571 7755 7547 7926 7807 8017 8020 8412 7608 7544 8144 8260 7947 8042 8001 7666 7400 7724 7642 7520 7709 8729 8411 8022 8287 8306 7944 7709 7975 7815 7383 7707 8073 7810 7605 8044 8257 8375 7792 8266 7865 7949 8027 7761 8410 7546 8292 7444 8015 8087 8009 8441 8146 7879 8041 7949 7758 7949 8408 8095 7937 7667 8316 7529 7884 8524 8145 7965 7902 8090 8136 7601 7637 7621 7821 8036 8058 8547 7656 8279 7683 7820 8370 8563 7215 8154 7578 8284 7731 8017 7610 8130 7526 8555 7950 7939 8103 7739 8047 8091 7754 8131 8075 8378 8098 7403 7493 8077 8189 7898 7866 8330 7612 7692 7964 7979 7921 8074 8327 8218 8151 8199 8016 7747 7983 7838 7664 8180 7790 7776 8283 8355 8310 8270 7964 7600 8065 7801 8245 8051 7940 7957 7752 8183 8007 7770 7607 8790 7915 7982 7672 8196 7839 8259 7960 8358 7971 7756 7922 7701 7653 7853 8066 8194 8130 7983 8010 7913 7684 8142 8067 7850 8235 7406 8029 8205 8247 7481 8381 7930 7775 8043 8451 7879 7987 8315 8021 7665 8240 7591 7855 8255 8123 7581 8326 7981 8193 7608 7943 8279 8206 8034 8575 7942 8011 8075 7432 7892 7681 7643 7518 8489 7790 8236 7940 8002 7569 8243 7787 8127 8059 7877 7730 8103 7561 7711 8290 8109 7869 7903 7088 7858 7702 7824 7776 8336 8466 7925 8021 7721 8191 7999 8341 7922 7739 7774 7786 8225 7726 7994 7650 7731 7845 7733 7874 8225 8178 7894 8160 8051 7862 7229 8022 8113 7952 8030 7949 8143 7851 7787 7741 7846 7486 7950 8354 8054 7748 8132 7687 8339 7785 7866 7810 8053 7857 8031 7785 8210 8158 8062 8008 7861 7972 7423
8202 8040 8151 7775 8197 8573 7807 7987 7775 8556 8218 8024 8230 8143 7813 8395 8580 7686 7730 8291 8414 7787 8300 8265 8240 7815 8045 8135 8436 8538 7283 7763 7882 7953 7461 7957 7576 8289 8222 7690 7653 8102 7595 8465 7771 8084 8238 8048 7862 8126 7885 7925 8465 7958 8335 8339 8746 7919 8519 8340 8132 8155 8224 8160 7764 8028 8086 7856 8457 7925 8538 7977 8202 7681 7801 8394 7986 8047 8095 8302 7913 8316 8131 7690 8142 8121 8067 7783 8679 8087 8377 7651 8090 8022 7996 8203 8052 8650 8487 8016 8229 8230 8080 7887 8177 7427 7846 8038 8040 7932 7588 8003 7798 8324 7938 7481 8390 8407 7929 8107 7981 7817 7243 7543 8215 8096 7534 8724 8649 7698 8498 8358 8031 8026 8269 7667 7718 7988 7880 7969 8473 8060 8020 7942 7997 8402 8071 8253 8164 8020 8465 7727 8173 7611 8247 7823 8385 8452 8397 7829 8394 7847 7842 8001 8153 8104 8108 7738 8326 7451 8383 8476 8071 7897 8129 8043 7960 7847 7561 8007 7910 7727 8453 8551 7867 8475 7613 8064 8179 8548 7638 8038 7738 8483 7437 7995 7810 8118 7652 8313 8282 8132 7948 8166 7801 8460 8204 7870 8481 8308 7926 7523 7535 8107 8145 8142 7821 8104 7856 8425 7934 8148 7986 7894 8884 8305 8248 8004 8377 7425 8151 7646 7576 8378 7935 7723 8434 7973 8123 8368 8500 7917 8302 8044 8145 8355 8356 8221 8099 8465 7978 7773 7981 8766 7873 7877 7796 8133 8023 8518 8143 7990 8187 8093 7940 8023 7732 8078 8083 8329 8258 8406 7728 8224 7107 8060 8118 7928 8274 7385 8418 7939 8320 7889 8190 8151 7869 8067 8263 8057 8246 8294 8451 7961 8260 7685 8274 8253 8039 7837 8206 7923 8361 7872 8254 8147 8116 8274 8512 7990 8234 8503 7954 8039 7990 7668 7985 7918 7872 8435 8100 8114 7646 7880 7580 7997 8389 7992 7515 8351 7961 7743 7961 8384 7892 8367 7350 8048 8047 7793 8132 8183 8189 7926 8187 7977 8177 8167 8155 8059 8175 8087 7753 8002 8019 8079 7938 7706 7844 8013 7826 7974 8732 8245 8091 8388 7978 7414 8349 8043 8266 8256 8134 7988 7939 8098 7969 7966 8225 7910 8297 8037 7748 8053 7880 8306 8132 8428 7840 7599 7802 8727 7889 8243 8251 8132 8281 8044 7755 7454
8815 8568 8552 8446 8830 8933 8410 8169 8259 9179 8335 8456 8696 8731 8233 8836 8952 8329 8457 8841 8810 8014 8823 8726 8531 8298 8371 8365 8904 8658 8179 8810 8511 8464 8291 8321 8196 8729 8408 8547 8213 8671 8041 9092 8557 8369 8328 8415 8397 8571 7866 8689 8968 8435 8685 8636 9276 8734 8777 8896 8452 8463 8974 8790 8386 8630 8807 8548 8765 8105 8822 8602 8456 8437 8429 8889 8670 8034 8257 8136 8135 8832 8404 8161 8628 8460 8703 8646 8860 8755 8912 8229 8744 8146 8739 8685 8346 9180 8864 8544 8538 8432 8360 8441 8576 7840 8583 8387 8626 8514 7999 8468 8286 8994 8389 7906 8754 8799 8449 8524 8551 8052 8044 8075 8353 8336 8167 9255 8825 8548 9033 8797 8680 8375 8574 8117 7853 8532 8583 8362 8708 8209 8528 9023 8600 8775 8741 8740 8124 8207 9045 8075 8711 8228 8473 8792 8334 9149 8761 8409 9103 8423 8166 8744 8698 8890 8660 8195 8894 8534 8396 8762 8369 8584 8392 8387 8481 8321 7995 8359 8577 8351 8534 8893 8358 9023 8475 8335 8828 8730 7974 8262 8026 8625 8121 8427 8169 8636 8497 8877 8249 8718 8473 8469 8447 8599 8380 8545 8503 8509 8580 7967 7888 8166 8623 8890 8317 8702 8186 8594 8315 8888 8507 8468 9185 8574 8270 8621 8644 8312 8715 8663 8110 8838 8598 8179 8564 8611 8737 9119 9250 8429 8909 8131 9037 8920 8910 8241 8493 8718 8555 8468 8113 9382 8645 8284 8455 8844 8558 8818 8375 8440 8209 8425 8597 8391 8630 8786 8477 8409 9063 8678 8205 8365 7810 8900 8711 8485 8508 7949 8928 8298 8513 8218 8793 8471 8568 8337 9221 8489 8551 8866 8719 8588 8499 8174 8839 8541 8795 8262 8958 8342 8912 8382 8537 8967 8525 8663 8989 8309 8451 8628 8399 8236 8242 8235 8246 8551 8396 8870 8405 8628 8248 8436 8629 8483 8935 8472 8221 8967 8276 8436 8249 8081 8544 8734 7813 8492 8197 8788 8732 8721 8753 8717 8481 8567 8308 8617 8450 8597 8624 8490 8273 8544 8498 8738 8191 8506 8141 9061 7980 8618 8947 8477 8463 8758 8517 7688 8792 8279 8733 9212 8596 8136 8193 8538 8753 8381 8387 8792 8717 8579 8525 8987 8387 8767 8389 8507 8359 8227 7908 9035 8125 8870 8366 8618 8674 8225 8424 7941
7864 7918 7623 7109 7488 8017 7605 7300 7534 7800 7464 7726 7613 7560 7560 7676 7966 7297 7421 7735 8098 7152 7620 7606 7610 7670 7300 7550 7867 7646 7648 7716 7498 7573 7607 7756 7439 7450 7424 7589 7344 7621 7388 8125 7801 7757 7730 7761 7432 7695 7175 7937 7775 8073 8219 7967 8270 7566 7939 7677 7423 7607 8034 8039 7492 7198 7824 7663 7977 7340 7884 7635 7522 7441 7218 7737 7888 7539 7435 7355 7648 7672 7675 7472 7624 7617 7632 7307 8115 7751 7995 7120 7691 7520 7767 7982 8031 8154 7959 7529 8112 7213 7831 7688 7849 7481 7625 7444 7795 7875 7218 7809 7501 8046 7574 7249 8199 8087 7917 7994 7555 7306 6923 7592 7607 7645 7381 8420 8195 7594 8007 7852 7123 7902 7781 7359 7015 7439 7646 7568 7618 7333 7750 8216 7663 7982 7763 7893 7619 7281 8129 7247 8112 7544 7698 7412 7674 8104 7707 7394 7851 7840 7275 8019 7475 7642 7943 7224 7814 7439 7563 7707 7580 7741 7616 7600 7985 7559 7356 7454 7670 7756 7952 7632 7588 7933 7440 7638 8294 8092 6834 7503 7375 7576 7408 7990 7256 7704 7398 7795 7532 7717 7537 7525 7530 7606 7794 7553 7620 7933 7612 7577 7241 7791 7891 7639 7578 7800 7127 7613 7676 7515 7576 7469 8150 7794 7819 7702 7488 7311 7847 7678 7263 7963 7990 7507 8051 8137 7956 7752 7797 7255 8078 7195 8015 7906 7944 7652 7549 7666 7695 7371 7493 8347 7801 7638 7309 7666 7330 7831 7199 7928 7610 7599 7728 7366 7442 7732 7633 7792 8071 7824 7542 7333 7052 7906 7880 7810 7593 7012 7947 7439 7657 7364 7940 7589 7492 7743 8385 7494 7720 7559 8008 7814 8143 7214 7697 7931 7966 7577 7873 7712 7851 7313 7717 7924 7587 7769 8222 7598 7744 7849 7665 7853 7355 7421 7703 7996 7697 7773 7593 7927 7325 7484 7533 7764 8093 7755 7593 7991 7427 7907 7615 7669 7592 7769 6754 7524 7273 7709 7762 7961 7939 7497 7580 7388 7831 7894 7830 7576 7940 7593 7400 8023 7536 7965 7270 7359 7175 7705 7406 7386 8244 7817 7934 7659 7611 7006 7714 7705 7587 7846 7434 7625 7711 7687 7541 7562 7659 7913 8072 7533 7480 7653 7585 7852 7746 7658 7603 7386 7052 7820 7320 7631 7931 7699 7802 7791 7348 7176
8303 8213 8630 8104 8199 8863 7811 7567 7955 8625 8141 8316 8327 8455 8086 8307 8666 7850 8008 8707 8503 8084 8413 8130 8242 8274 7950 8124 8356 8412 8099 8332 8293 8394 8016 8083 8009 8463 8266 8179 7502 8267 7901 8581 8253 8445 8264 8365 7961 8167 7584 8503 8674 8259 8663 8405 8922 8133 8464 8488 8331 8179 8675 8587 8213 8127 8500 8063 8393 8206 8479 8415 8022 8209 7854 8578 8299 7782 8253 8408 8090 8262 8159 7890 8145 8214 8280 8253 8408 8431 8142 7947 8148 8125 8420 8621 8082 8773 8175 8092 8562 8444 8178 8125 8157 7543 8324 7940 8068 8437 7737 8083 7964 8441 8122 7714 8402 8756 8074 8384 8100 7827 7756 8037 8465 8248 7796 8782 8560 8030 8723 8768 8082 8086 8378 7977 7667 8177 8434 8134 8534 8392 8457 8650 8252 8697 8463 8239 8415 8010 8755 7760 8554 7701 8371 8458 7994 8568 8616 8128 8373 8427 8131 8399 8369 8389 8668 8057 8386 8031 7897 8714 8105 8127 8087 8258 8358 7893 8115 8042 7967 8003 8299 8521 7942 8665 8183 7822 8630 8659 7827 7829 7964 8605 7815 8008 8418 8377 8034 8338 8114 8134 8328 8345 7820 8266 8347 8490 8087 8488 8117 7620 7702 8368 8641 8432 8218 8357 7736 8214 8247 8278 8414 8212 8810 8599 8275 8319 8551 7931 8404 8199 7898 8792 8193 7889 8526 8372 8432 8418 8450 8209 8348 7881 8602 8459 8523 8323 8250 8436 8361 7996 7962 8750 8375 7975 8083 8138 8141 8207 8390 8176 8351 8017 8237 7901 8155 8493 8143 8549 8605 8442 8217 8068 7778 8370 8323 8398 8244 7494 8549 8066 8359 7743 8184 8069 8170 8415 8448 8411 8200 8166 8353 8365 8519 7702 8254 8176 8294 8157 8612 8038 8548 7467 8359 8345 7964 8574 8786 7949 8170 8158 7955 8117 8187 8062 7721 8354 7799 8678 8217 8566 8010 8156 7935 8299 8289 8569 7789 8650 7969 8448 8238 7997 8245 8421 7336 7775 8079 7964 8442 8330 8407 8136 8657 8074 8391 8432 8111 8385 8271 8194 7751 8057 8265 8387 8174 7647 8116 8309 8047 8126 8492 8216 7880 8378 8254 7494 8366 8465 8215 8186 8063 8245 8176 8613 8253 7794 8245 8268 8597 8208 7885 8689 8189 8636 8099 8004 8147 7977 8126 8746 7813 8322 8375 8544 8258 8333 8057 7971
8579 8851 8736 8584 9092 9648 8571 8021 8383 9103 8532 8552 8773 8787 8550 9104 9157 8257 8396 8831 8890 8334 8748 8573 8724 8811 8456 8773 9098 8713 8068 8689 8751 8603 8195 8596 8513 8688 8535 8658 8090 8661 8179 9171 8543 8634 8857 8931 8356 8491 8310 8372 8824 8788 9062 8929 9522 8614 8978 8560 8764 8718 8935 9036 8184 8265 8547 8540 8859 8265 9060 8584 8841 8420 7975 8749 8171 8302 8595 8417 8555 9105 9015 8219 8591 8381 8507 8395 9361 8571 8504 8279 8575 8371 8721 8884 8724 9376 8923 8564 9184 8385 8416 8515 8935 7897 8442 8233 8641 8762 8072 8354 8328 9141 8511 8025 9029 9166 8643 8413 8659 8271 8119 8393 8537 8073 8171 9208 9180 8478 8836 9057 8613 8633 8813 8261 8457 8644 8870 8541 8463 8708 8679 8660 8292 9327 8532 8460 8596 8597 9168 7881 8601 8060 8593 8760 8307 9486 8554 8320 9133 8789 8323 8763 8583 8531 8698 8160 8870 8246 8628 8876 8440 8789 8560 8340 8811 8241 8194 8466 8606 8743 8824 8992 8593 9063 8341 8969 9247 9161 8243 8351 7986 8994 8121 8724 8437 9051 8228 8701 8662 8659 8652 8419 8426 8786 8920 8765 8547 8654 8626 8112 7873 8757 8486 8850 8633 8886 8233 8703 8171 8138 8831 8637 9481 8706 8626 8691 8636 8273 8641 8151 8198 9160 8239 8459 8790 8649 8943 9085 8828 8565 9005 8095 9045 8773 9142 8663 8362 8781 8675 8461 8355 9296 8334 8638 8572 8687 8432 9123 8441 8726 8534 8663 8497 8256 8819 8479 8633 8915 8900 8792 8328 8340 7644 8892 8888 8637 9027 7930 8973 8663 8938 8269 8450 8381 8509 8644 9208 8897 8471 8853 8939 8601 9001 8194 8799 8845 9027 8448 8844 8656 8738 8566 8616 9050 8604 8790 9241 8542 8720 9005 8515 8094 8473 8337 8350 8771 8275 9067 8579 8823 8361 8388 8645 8687 8875 8588 8464 8973 8322 8531 8867 8765 8409 8954 7573 8454 8541 8741 8782 8777 8732 8294 8659 8063 8678 9021 8452 8729 8834 8507 8172 8589 8373 8607 8337 8252 8409 8674 8426 8545 9268 8650 8488 8759 8596 7964 8117 8705 8595 8545 8292 8559 8446 8372 8375 8501 8573 8687 8871 8372 8112 8719 8259 9226 8554 8589 8395 8155 8260 9123 8617 8599 8411 8401 8565 8856 8472 7872
8173 7873 7947 7960 8092 8726 7982 7543 7725 8736 8003 7768 7937 8166 7782 7933 8210 7663 7773 8018 8475 7702 8361 8182 8188 7758 7970 7759 8053 8343 7552 8121 7906 7986 7689 8012 7603 8268 7892 7898 7706 7829 7878 8611 7891 7952 8170 8021 7742 8170 7598 8109 8299 8385 8116 7988 8971 7827 8544 8324 8000 7852 8364 8345 7812 8204 8418 7838 7847 7678 8550 7972 8158 7640 7717 8157 7892 7944 8021 7888 8006 8608 7874 7733 8199 7989 7942 7684 8521 8115 8411 7703 7913 7717 8619 8435 8144 8531 8109 7951 8429 8133 8023 8106 8167 7729 7753 7849 7807 8175 7839 8125 7719 8417 7604 7472 8233 8369 7971 8434 8399 7660 7513 7673 8415 7826 7630 8686 8374 8096 8328 8194 8193 7781 8102 7785 7745 8153 8091 7739 8029 8032 7930 8030 7918 8481 7979 7831 8088 8071 8434 7692 8347 7447 8044 8154 7804 8899 8295 7665 8654 8278 7982 8194 8323 8329 8115 7687 8408 7906 8133 8188 8015 8186 8066 7834 8090 7787 8024 8020 7875 7912 8008 8279 7847 8470 7839 8222 8404 8645 7832 8008 7548 8520 7714 8210 8196 8304 7707 8295 7858 8087 7944 7839 8097 8047 7894 7963 8304 8231 8127 7795 7638 8073 8009 8363 8008 8236 7585 8240 8008 8257 8138 7817 8505 8087 8172 8073 8299 7768 8206 7900 7437 8342 7898 7717 7939 8027 8201 8038 8482 7705 8389 7993 8318 8376 8434 8136 8082 7942 8119 7820 7945 8606 7782 7967 7700 8078 8099 8170 7933 8255 7935 8148 7821 7855 7690 8583 8028 8319 8104 8225 7813 7930 7469 7930 7889 7932 8178 7354 7936 7987 8007 7718 8062 8143 7856 8356 8495 8422 8119 8057 8207 8172 8133 7450 8193 8050 8048 8106 7954 7989 8662 7807 8238 8023 8212 8155 8416 8108 8007 8002 7639 7729 7724 7833 7955 8287 8115 8594 8008 7862 7756 7988 7927 7965 8033 8035 7845 8145 7720 8120 7898 8088 7754 8307 7290 8114 8006 8127 8141 8210 8153 7528 7973 7838 7953 8198 8217 8001 8135 7764 7561 8069 7878 8087 7925 7592 7757 8034 7864 8016 8207 8253 7890 8375 8031 7540 7953 8181 7986 8384 7955 8335 8038 8223 7726 7696 8171 7983 8467 7735 7696 7771 7912 8089 7984 8006 7707 7890 7750 8433 7715 8085 8121 8287 8337 7936 7706 7151
7996 7643 7505 7514 8000 7946 7761 7300 7486 8240 7592 7416 7967 7534 7458 7858 7607 7302 7351 8008 7980 6865 7952 7727 7830 7625 7153 7764 7887 7892 7225 7763 7479 7428 7443 7552 7524 7811 7409 7687 7454 7679 7171 8039 7890 7742 7933 7470 7827 8097 7423 7630 8098 8046 7852 7950 8180 7829 8248 8173 8012 7487 8049 7930 7669 7694 7733 7740 8090 7556 7860 7530 7656 7625 7309 7964 8054 7817 7720 7690 7660 7782 7808 7096 7674 7693 7830 7456 8021 7507 7985 7249 7884 7518 7535 8119 7685 8167 7923 7731 7819 7838 7367 7822 7787 7012 7560 7728 7269 7644 7312 7739 7371 8065 7583 7424 7707 7907 7554 7836 7522 7377 7252 7324 7661 7809 7123 8086 8307 7774 8185 7616 7814 7754 8058 7587 7202 7384 7814 7494 7723 7805 7597 7662 7731 8255 7402 7831 7361 7554 8084 7126 7740 7117 7612 7498 7796 8114 7878 7490 8217 7617 7574 7689 8050 7712 7655 7231 7981 7414 7882 7807 7787 8022 7415 7767 7866 6972 7559 7616 7651 7524 7642 7939 7408 7756 7419 7583 8119 8253 7449 7885 7268 7821 7322 7996 7408 7924 7397 7668 7295 7984 7529 7378 7647 7816 7626 7693 7449 8072 8050 7149 7130 7393 7385 7778 7625 7847 7263 7660 7293 7960 7731 7628 8238 7918 7718 7772 7773 7138 7953 7388 7315 7951 7587 7485 7600 7830 7598 8055 8220 7360 7701 7345 7979 8109 8277 7594 7787 8184 7949 7591 7377 8073 7867 7788 7592 7932 7497 7951 7252 7721 7686 7671 7986 7300 7689 7883 7676 7891 8051 7805 7592 7554 7206 7737 7507 7560 7899 7236 7857 7484 7841 7373 7925 7719 7471 7862 7996 7932 7903 7703 7889 7805 7994 7559 7588 7699 7512 7477 7917 7805 8082 7350 7885 7936 7957 7867 7956 7656 7666 8013 7593 7523 7566 7069 7684 7744 7289 7825 7953 7564 7073 7273 7810 7647 7868 7678 7110 7926 7266 7787 7619 7393 7684 7984 7024 7376 7553 7480 7788 8070 7775 7436 7552 7590 7583 7548 7689 7746 7760 7785 7104 8173 7349 7478 7421 7455 7714 8018 7345 7652 8060 7949 7478 7797 7542 7034 7875 7538 7534 7834 7567 7493 7620 7802 7422 7771 7721 7751 7865 7621 7483 7838 7344 8056 7527 7620 7705 7621 7134 8217 7403 7797 7637 7882 7801 7801 7647 7240
8312 8100 7951 7705 8270 8401 8005 7289 7943 8722 8284 7924 7937 8196 8026 8362 8624 7811 7686 8261 8115 7721 7961 8163 7959 7846 7745 8049 8266 8230 7817 8164 7827 7797 7407 8241 7503 8340 8327 8020 7716 8028 7608 8489 7873 8291 8101 7807 7850 7969 7629 7936 8244 8248 8270 7940 8669 7814 8262 8155 7890 8052 8230 8658 7891 7713 8219 7689 7881 8047 8109 8331 7630 8000 7633 8130 8263 7741 8092 7945 8113 8011 7936 7808 8220 7806 8053 7829 8415 7854 7857 7703 7877 7845 8036 8309 8069 8303 8244 7719 8421 7917 7940 8226 8230 7559 8168 7937 7942 8055 7612 7967 7783 8592 7711 7401 7840 8427 8044 8351 8474 7762 7549 7658 8110 7869 7329 8164 8323 8100 8377 8102 7812 7465 8471 7533 7538 7810 8142 7669 8013 7936 7956 8511 8091 8089 7788 8091 8075 7582 8359 7387 8348 7815 8116 7963 7939 8640 8342 7801 8367 8182 7656 7859 7991 7956 7937 7497 7805 7536 7683 8191 8346 7613 7735 7928 7946 7659 8095 7695 7737 7999 8097 8445 8236 8376 7818 7763 8316 8264 7702 7559 7469 7947 7816 8044 7938 8305 7693 8040 7958 7891 7847 7820 8030 7982 8245 7986 8261 8141 8078 7315 7426 7916 8130 8099 7670 7821 7914 8238 7621 7703 8182 7904 8645 7877 7865 8275 8104 7654 8036 7527 7580 8400 8020 7833 8023 8144 8530 8207 8129 7973 8267 7247 8227 7842 8480 7908 7792 7943 7845 7896 7457 8705 7709 7573 7841 8152 7696 8096 7805 8214 7980 7945 8147 7784 8160 8200 7651 7705 8219 8448 7522 7789 7173 8132 8167 7726 8251 7543 8176 7663 8201 7851 8070 7950 7615 8048 8630 8097 7978 8182 8425 7811 8464 7721 7932 7778 8237 7770 8274 7704 8467 7534 7838 8190 7465 8148 8579 7799 8145 7978 8078 7790 7843 7673 7836 8189 7991 8422 8120 7984 7413 7916 7836 7956 8190 7803 7914 8161 7575 8013 8350 7783 7707 7991 7060 7655 8074 8162 8005 8140 8364 7821 7905 7726 7971 7926 7926 8103 7933 7674 8003 8010 7888 8391 7536 7456 7905 8220 7517 7783 8304 8144 7607 8425 7857 7268 8191 8041 7946 8183 7817 7826 7671 8188 7964 7673 7864 7831 8333 7381 7660 8333 7590 7986 7953 8107 7618 7944 7242 8171 7785 8039 8145 8370 8276 7992 8080 7554
8116 7917 7781 7717 8009 8226 7730 7380 7541 8325 7923 7921 8272 8336 7497 8090 8117 7695 7285 8173 8290 7538 8085 7995 8140 7861 7728 7501 7911 8233 7612 7880 7604 7884 7238 7911 7387 8035 7841 7725 7518 8181 7671 8494 8198 8167 7974 7213 7839 8142 7375 7916 8012 7968 8117 8079 8652 7705 8193 8274 7976 7926 8360 8080 7866 7880 8108 7742 8211 7735 8293 8073 7805 7570 7410 7996 7790 7540 7844 7883 7826 7803 8184 7389 7864 7633 7851 8187 8441 7809 7958 7346 7763 7274 8040 8133 8061 8242 8257 7808 8408 7852 7753 7763 7916 7010 7759 8083 7729 7980 7940 8049 7610 8166 7510 7342 8090 8311 8111 7895 7737 7535 7422 7944 8166 7830 7355 8228 8535 8091 8080 7659 7839 7843 8152 7637 7327 7560 7889 7693 7853 7935 7850 8078 7894 8248 8057 7844 7657 7869 8002 7591 8218 7492 8215 7608 7997 8577 8213 8011 8400 8162 7660 8000 7899 8042 7842 7729 8340 7733 7768 8270 8026 7703 7568 7886 7851 7550 7586 7830 7976 8118 8199 8069 7650 8151 7419 7815 8078 7949 7443 7751 7658 8025 7709 7952 7606 7870 7190 8351 7621 7711 7727 7521 7971 8175 8054 8141 7971 8031 8019 7859 7377 7691 8158 7926 7536 8055 7609 8071 7609 7529 8101 7823 8505 7921 7954 7809 7903 7522 7915 7749 7449 8112 7530 7832 8010 7897 8268 8202 8325 7645 8112 7552 8102 8286 7787 7792 7650 8138 8022 7793 7830 8712 7945 8103 7687 7769 7834 8258 7730 7765 7479 7774 8080 7820 7409 7902 7645 7868 8116 8168 7532 7785 7213 8102 7772 7428 7832 7019 7981 7486 8193 7429 8337 7822 7927 8148 8190 8159 7988 7891 8482 8009 8266 7578 7988 7721 7852 8058 8320 7652 8558 7526 7908 8043 8087 7881 8197 8027 7796 8108 7567 7661 7897 7540 7745 8113 7738 8213 7765 7702 7401 8072 7766 7859 8037 7973 7407 8214 7517 7815 7779 7953 7869 8130 7342 7455 7653 7878 8092 7980 7966 7574 7781 7939 8060 7963 7960 7969 8294 7713 7654 7815 7710 7955 7644 7476 7575 8170 7675 7688 8267 7966 7823 7854 7617 7030 7907 7723 7884 8138 7475 8119 7794 8180 7923 7757 7827 7952 7890 7686 7484 8146 7471 8252 7696 7584 7933 7679 7791 8222 7513 7785 8034 7856 8396 7630 7555 7358
8096 8536 8315 8500 8378 8569 8120 7849 7671 8771 8210 8288 8663 8461 8121 8791 8719 7990 7836 8459 8521 7906 8321 8498 8542 7982 7429 8230 8447 8616 7933 8424 8058 8188 7809 7954 7903 8466 7912 7875 7780 8262 8006 8572 8337 8454 8796 8213 8113 8382 7672 8165 8717 8666 8511 8535 8787 8380 8696 8657 8264 8141 8155 8600 8218 8193 8525 7893 8801 8225 8721 8095 8551 8195 7749 8315 8254 8231 8439 8453 8518 8368 8449 7729 8186 8167 8130 8319 8599 8224 8276 7763 8351 7717 8574 8465 8373 8659 8687 7880 8606 8100 8259 8418 8432 7573 8131 8040 8198 8266 7971 8200 7933 8606 8384 7891 8424 8912 8040 8592 7993 7816 7492 8083 8189 8358 7617 8873 8805 8499 8544 8066 8247 8144 8493 7914 7636 7930 8502 8029 8374 8280 7888 8181 7905 8335 8162 8120 8134 7915 8531 7826 8440 7817 8429 8386 8270 9070 8407 8077 8651 8139 8183 8079 8446 7855 8049 8201 8743 7955 8529 8382 8182 8252 8227 8407 8471 7995 7994 8291 8313 8061 8481 8173 8127 8370 7970 8330 8672 8563 7736 8121 7796 8233 7967 8349 7977 8426 7621 8542 8205 8243 8239 8176 7832 8679 8233 8062 8494 8371 8321 7930 7671 8116 8208 8362 8223 8449 8117 8212 7795 8025 8313 8061 8804 8226 8053 8463 8387 7805 8394 8159 8012 8590 8135 7908 8385 8304 8486 8467 8301 7800 8596 7892 8701 8522 8365 8302 7677 8505 8504 8056 8056 8825 8134 8175 8480 8265 8211 8258 8079 8181 7902 8241 8157 8257 8197 8150 7856 8459 8611 8272 7792 8438 7300 8354 8026 7868 8349 7708 8418 8381 8242 7686 8481 8206 8100 8377 9077 8348 8502 8344 8653 8199 8597 8070 8346 8348 8369 8235 8747 7798 8578 8078 8389 8777 8560 8224 8471 8181 8009 8007 8039 8000 7884 8318 8076 8427 8011 8522 8173 8471 7690 8284 8289 8402 8611 8019 7702 8751 8075 8347 8157 8243 8206 8704 7581 8103 8480 8173 8325 8250 8416 8110 8530 7753 8541 8176 8417 8334 8043 8310 7927 8269 8028 8208 7968 8033 8131 8632 8270 8033 8768 8496 8109 8427 7756 7860 8193 8044 8105 8476 7966 7963 8134 8639 7998 8338 8343 8334 8417 8245 7902 8479 7563 8617 7990 7888 7910 7846 7808 8533 8262 8377 8431 8383 8265 8012 7744 7667
8053 7935 7987 7509 8098 8648 8096 7344 7936 8454 7813 7833 8280 8007 7759 8057 8241 7436 7696 8301 8230 7408 8055 8019 8043 7503 7798 8051 8342 8190 7338 8046 7832 7864 7572 7878 7714 8245 8158 8066 7607 8097 7387 8548 7825 8047 8315 7969 7623 7898 7733 7970 8452 8239 8299 8441 8823 8158 8535 8223 8194 7764 8131 8462 7628 7976 7995 7920 8187 7821 8062 7798 7734 7636 7738 7966 8064 7650 7858 7997 7618 8383 8032 7650 8196 7777 8235 7595 8401 7832 7707 7755 8097 7727 7982 8170 8246 8585 8082 7874 8302 7982 8175 8256 7968 7411 8264 7769 7851 7925 7736 7783 7772 8455 8015 7602 8031 8276 8025 8222 8190 7561 7740 7624 8069 7722 7673 8498 8383 8015 8347 8468 7929 7765 8356 7646 7559 8061 7954 7614 7971 8158 7970 8106 7694 8574 7846 7840 8022 7914 8424 7629 8241 7446 8066 7850 7696 8505 8250 7684 8562 8106 7908 7879 8216 8143 7753 7664 8049 7724 7952 8022 7894 7954 7903 8074 8316 7771 7658 7896 7855 7730 7942 8206 7526 8230 7937 7674 7949 8578 7533 7814 7300 8057 7774 7996 7622 8403 7862 8010 8052 7981 7993 7936 7996 8170 8025 8231 8236 8341 7983 7385 7476 8239 7873 8173 7727 8395 7640 7922 7858 7988 7923 7803 8737 8129 8230 8073 7822 7304 8279 7935 7537 8339 7573 7894 8131 8156 8108 8192 8373 7702 8267 7712 8288 8437 8227 8031 7813 8033 8039 7891 7443 8947 7889 7943 7815 8007 7853 8293 7891 8011 7847 8039 7973 7774 8062 8155 7754 8019 8289 7956 7734 7767 7073 8002 8018 7797 8151 7566 8270 8023 8363 7732 8047 7607 7691 8249 8486 8283 8055 8230 8164 7924 8022 7390 8036 8253 8137 7992 8273 7920 8248 7515 8029 8111 8018 8262 8545 7695 8181 8150 7801 7849 7940 7662 7700 7946 7909 8170 8093 8009 7466 7851 8197 7765 7965 7785 7649 8264 7566 7792 7804 8094 8096 8079 7292 7620 7986 7953 7893 8069 8160 8095 7896 7772 8043 8092 7660 7932 8091 7735 7927 7941 7782 7965 7805 7548 8050 8165 7700 8026 8669 8117 7915 8287 8085 7236 7686 7941 8133 7903 8050 7843 7821 7998 7662 8134 7879 8002 8214 7825 7673 8151 7665 8294 7721 8014 7645 8012 7719 8208 7643 7988 7995 8261 8093 8146 7842 7199
8468 8316 8619 8132 8672 9097 8283 7919 7777 9001 8475 7943 8367 8268 8376 8362 8792 7965 7952 8723 8922 8074 8507 8489 8336 8115 8117 8122 8603 8545 8035 8520 8133 8379 7490 8230 7780 8789 8329 8405 7864 8164 8226 8679 8436 8229 8471 8519 8010 8564 7882 8535 8811 8685 8622 8915 9086 8107 8806 8753 8587 8230 8642 8946 8167 8312 8719 8418 8711 8137 8682 8277 8575 8060 7887 8446 8665 8427 8294 8540 8462 8658 8396 8210 8531 8312 8540 8106 8622 8425 8452 8068 8267 8163 8580 8568 8420 8881 8659 8299 8585 8176 8664 8570 8569 7629 8345 8257 8168 8284 7828 8257 8308 8747 8193 7721 8808 9053 8795 8581 8598 8482 7919 7919 8574 8280 7871 9336 9034 8341 8597 8555 8636 8083 8549 8272 7789 8409 8265 8233 8552 8157 8513 8699 7994 8836 8455 8246 8472 8713 8800 7919 8938 8197 8533 8355 8139 8824 8633 8461 9270 8419 8098 8525 9001 8594 8504 8238 8859 8136 8561 8862 8403 8160 8372 8503 8582 7998 7975 8128 8349 8280 8338 8664 8357 8911 8608 8185 8898 8817 8124 8458 7961 8728 7868 8398 8391 8754 7793 8823 8365 8479 8238 8464 8246 8680 8357 8593 8427 8722 8541 7802 7207 8496 8826 8683 8432 8934 8297 8720 8197 8343 7994 8376 9084 8633 8659 8414 8404 7776 8497 8211 7806 8803 8572 8199 8561 8346 8649 8635 8758 8030 8582 8183 8751 8577 8464 8457 8072 8547 8300 8429 7965 9168 8115 8410 8034 8630 8212 8531 8162 8323 8319 8088 8248 8137 8250 8598 8597 8685 8718 8455 8155 8706 8053 8557 8487 8360 8499 7500 8293 8176 8388 8185 8433 8545 8264 8607 9163 8445 8310 8634 8356 8844 8353 8164 8373 8580 8410 8074 8650 8169 8747 8409 8323 8587 8600 8593 8886 8272 8370 8686 8343 8543 7894 7873 8227 8518 8390 9034 8318 8674 8016 8442 8541 8262 8224 8272 8125 8522 7865 8408 8471 8166 8323 8708 7485 8334 8483 8310 8598 8721 8530 8611 8404 8437 8472 8245 8673 8350 8508 8383 7929 8313 8257 8539 8038 7920 8078 8280 8317 8246 9043 8411 8418 8544 8276 7905 8119 8403 8386 8602 8186 8219 8165 8656 8187 8222 8531 8759 8585 7989 8098 8516 8059 8860 8112 8520 7899 8145 7886 8751 7970 8572 8305 8648 8791 8308 7943 7610
8141 8487 8339 7883 8511 8866 7818 7800 7634 8826 8279 8260 8279 8520 8218 8177 8527 7864 7825 8354 8220 7885 8079 8340 8209 8048 8017 8192 8362 8051 8084 8048 8121 8105 7835 7989 7788 8344 8010 7988 8000 8245 7772 8505 8444 7981 8274 7933 8010 7992 7626 8341 8506 8090 8361 8361 8813 8033 8191 8361 8314 7937 8577 8379 8088 8319 7970 8067 7970 7843 8488 8045 8055 8071 7850 8632 8500 7806 7970 7715 7863 7861 8241 7528 7867 7890 8057 8070 8532 7991 8613 7636 8354 7782 8388 8141 8281 8570 8334 7727 8567 8287 8292 8555 8434 7443 8011 7883 7864 8149 7834 8244 7904 8661 7891 7603 8307 8515 8182 8129 8241 7591 7706 7636 8121 7978 7877 8927 8607 8136 8634 8222 7983 8084 8261 7616 7573 8382 7998 7540 8309 7957 8235 8538 8090 8403 8427 7933 8189 8015 8463 7817 8644 7678 8139 8281 8297 8345 8372 8161 8380 8119 8283 8435 8434 8295 8171 7999 8186 7511 8284 8534 8231 8155 8141 8331 8035 7681 7862 8045 8124 8139 8361 8741 7964 8581 7786 8077 8465 8438 7609 7513 7582 8274 7705 8236 7723 8161 7854 8391 7875 8360 7929 7919 8105 7843 8058 7958 8340 8244 8267 7808 7506 8115 8559 8031 7996 8106 7947 8355 8008 8196 8239 8057 8762 8345 7869 8398 8437 7863 8252 7907 7595 8661 7912 7880 8488 8377 8225 8390 8209 7649 8208 7855 8491 8489 8530 8186 8023 8238 8441 7602 7554 8541 8073 7853 7807 8320 7965 8220 7920 8088 7922 7981 7931 7738 7964 8290 7933 7984 8025 8195 7819 7935 7504 8329 7960 7680 8410 7823 8100 7717 8408 7996 8001 7937 7892 8348 8851 7995 7997 8354 8447 8335 8254 7838 8125 8155 8134 7889 8549 8101 8600 8200 7921 8450 8101 8321 8578 7946 7971 8235 8202 7684 8259 8018 8018 8466 7751 8490 8285 8213 7678 8051 8538 8070 8194 8161 7814 8417 7408 8104 8360 7888 8121 8380 7221 7783 7846 8109 8373 8354 8610 8110 8442 7926 8201 8092 8296 8006 8188 7771 7580 8262 7952 8017 7831 7790 7897 8367 7728 7821 8737 8274 7651 8064 8096 7662 7773 7929 8084 8201 8166 8124 7817 8262 7914 7915 7904 7821 8652 8047 8100 8274 7717 8382 8083 7802 7497 8181 7590 8403 7873 8366 8084 8607 8215 7853 7933 7334
8176 8273 8677 8230 8528 8672 7977 7493 8092 8875 8145 8048 8540 8438 8151 8487 8759 7977 8010 8600 8652 7919 8618 8464 8845 8319 8081 8053 8404 8394 8023 8086 8299 8551 8083 8180 7872 8419 8284 8463 7828 8457 8081 8658 8020 8510 8436 8634 7946 8447 7983 8483 8509 8210 8894 8512 9033 8695 8805 8581 8431 8292 8364 8808 8120 8457 8503 8227 8718 8042 8655 8290 8155 8269 8023 8463 8176 8285 8629 8152 8386 8328 8534 7881 8033 8553 8206 8091 9096 8409 8787 7715 8428 8056 8478 8576 8223 8837 8796 8302 8624 8688 8125 8476 8732 7699 8206 8048 8048 8497 8308 8097 8119 8854 8300 7916 8756 8639 8265 8281 8171 7947 7718 8201 8575 8166 8143 8761 8626 8360 8611 8062 8282 8236 8669 7702 7847 8456 8329 8167 8511 8250 8367 8301 8555 8461 8533 8463 8260 8349 8615 7678 8777 7814 8451 8197 8230 8813 8912 8330 8436 8487 7958 8178 8900 8352 8204 8069 8334 7863 8358 8611 8096 8406 8387 8361 8389 7521 8006 8398 8304 8513 8552 8677 8136 8822 7898 8645 8487 8802 7710 8077 7653 8569 7957 8329 8418 8276 8138 8431 8008 8285 8415 8268 8270 8333 8274 8160 8203 8199 8355 7773 7783 8164 8537 8251 8018 8627 8137 8256 8055 8451 8424 8333 8995 8700 8599 8570 8749 8060 8530 8471 7919 8738 7958 7751 8649 8355 8363 8699 8501 7986 8980 8132 8785 8459 8303 8546 8185 8503 8497 8015 7937 9084 8470 8215 7889 8477 8230 8585 8092 8466 8056 8233 8610 7972 7859 8610 8185 8455 8473 8574 8296 8430 7193 8458 8427 7903 8612 7910 8547 8222 8595 7722 8461 8330 7939 8270 9020 8053 8443 8517 8817 8756 8383 8038 8582 8567 8316 8187 8610 7942 8529 7960 8610 8400 8407 8864 8922 8248 8301 8571 8070 8055 8096 7918 7978 8586 8054 8570 8277 8059 7853 8218 8259 8254 8371 8478 8057 8495 7778 8092 8198 8132 8317 8321 7514 8389 8200 8206 8322 8539 8468 8340 8343 8091 8504 8362 8572 8271 8283 8794 7903 8377 8012 8200 8226 7964 8034 8514 7756 8248 8834 8529 7997 8444 8096 7649 8328 8232 8302 8236 8532 8221 8173 8539 8289 8027 8282 8260 8845 8271 7723 8402 7838 8694 8341 8321 7786 7950 7606 8626 8115 8322 8180 8561 8630 8321 8175 8099
7925 7959 7718 7837 8040 8375 8027 7769 7796 8020 8267 7914 7793 7930 7830 8369 8329 7457 7351 8330 8272 7544 8129 8075 8046 7782 7540 7918 7945 8515 7499 7831 7944 8054 7589 7846 7632 8248 7901 7529 7491 7662 7647 8144 7779 7951 8111 7902 7915 8021 7525 7934 8230 8103 8197 8194 8496 8065 8284 8263 8524 7890 8183 8164 7585 7601 8259 7737 7979 8036 8044 7772 8102 7369 7621 8110 7564 8009 8261 7990 7979 7975 7771 7465 7813 7946 7841 7787 8434 7713 8183 7415 8090 7734 8124 8263 7780 8276 8196 7925 8355 7710 7976 8016 8220 7254 7620 7599 7721 8209 7399 7768 7654 8350 7669 7491 8130 8261 7648 8359 7857 7789 7495 7500 7866 7984 7411 8385 8155 7680 8564 7762 7883 8025 8086 7637 7422 7766 8370 7812 8205 7939 8021 8358 7519 8336 8275 7884 7751 7869 8352 7696 7769 7501 8351 7700 7575 8444 8366 7742 8451 7888 7756 7946 8075 7995 7818 7892 8404 7670 7890 8327 8054 7733 7641 7741 7541 7416 7681 7761 8088 7483 7899 8371 7687 8208 7493 7928 8495 8469 7546 7406 7499 8224 7586 8183 7628 8088 7898 7921 7864 7692 7902 8255 8122 8292 8294 7675 8026 8185 8223 7146 7421 7536 7927 8180 7709 8345 7885 8002 7708 8099 7984 7935 8564 8178 7883 7802 8074 7515 8037 7720 7465 8333 8062 7788 7980 7773 8230 8313 8289 7764 8022 7500 8323 8210 8289 7895 7728 8384 8059 7855 7642 8696 7871 7986 7699 8006 7821 8339 7427 7985 8084 7584 7964 7686 7508 8080 7739 8096 8108 7913 7673 7860 7429 8136 7879 7878 7936 7413 8233 7976 8361 7548 7972 7698 7793 8125 8393 8142 7846 7779 8144 8348 8082 7809 8010 7762 7971 7938 8347 7927 8359 7464 8250 7998 8087 8257 8694 8273 8237 8204 7728 7809 7560 7710 7789 8124 7989 8151 7929 8024 7509 8315 8041 7844 7869 8097 7534 8351 7507 7853 7949 8035 7666 8342 7174 7593 7920 7584 7753 7511 8088 7845 8282 7894 7944 8018 7805 7790 7987 7708 7712 8119 7758 7982 7541 7800 7686 8029 7773 7940 8413 7620 7983 8064 7541 6854 8185 8174 7758 8017 7740 7757 7800 8150 7858 7513 7654 7957 8234 7723 7794 7958 7467 8163 7990 7712 7516 7793 7273 8256 7595 7934 8037 8203 7974 8135 7345 7521
7853 7864 8195 7805 7868 8360 7784 7744 7714 8563 8053 7857 8310 8162 7866 8336 8504 7563 7870 8768 8370 7607 8401 7758 8107 7786 7618 8201 8411 8343 7714 8179 8329 8087 7866 7838 8079 8300 8141 7890 7550 8076 7789 8343 7952 8326 7950 7939 7593 7927 7679 7949 8457 8287 8377 8246 8619 8076 8232 7996 8061 8202 8142 8375 7654 8223 8061 8218 8374 7789 8338 7729 8081 7782 7916 8448 8063 7939 8047 7649 7705 7980 7989 7535 8108 7912 8008 7813 8252 8216 8222 7551 8115 7792 7999 8561 7943 8779 8099 8182 8187 7708 8131 8146 7989 7340 8001 7931 7849 8024 7965 7999 8063 8357 7843 7465 8258 8238 8158 8170 7827 7724 7199 8007 8230 7819 7791 8237 8601 8120 8491 8293 7784 7772 8290 7741 7173 8122 8053 7898 8157 7995 8168 8211 8037 8425 8115 8179 7838 7886 8289 7491 8398 7459 8100 7947 8013 8364 8232 7653 8315 8188 8111 8219 8352 8194 7841 7728 8213 7624 7995 8249 7980 8102 8096 8206 8151 7826 7694 7894 7943 8167 8102 8231 7565 8329 7850 8066 8676 8420 7612 7839 7323 8019 7674 8116 7911 8300 7932 8470 7790 7992 7943 7880 8033 7993 7950 7959 8314 8378 8133 7787 7486 8075 8021 8171 7845 8142 7688 8123 7774 7955 7958 7992 8646 8193 8033 8182 8166 7540 8301 7819 7443 8429 7861 8159 8058 8156 8198 8452 8053 7791 8243 7628 8272 8002 8512 8293 7760 8227 8068 7883 7630 8434 8131 8029 7605 8208 7696 8526 8071 7810 8064 7902 8171 7774 7994 8230 7852 8080 8434 8299 7870 8242 7346 8227 8114 7911 8117 7204 8143 8078 8087 7602 7894 8102 8191 8265 8782 8186 8140 8160 7921 7924 8208 7739 8260 7858 8283 7891 8263 8182 8833 7552 7901 8230 7854 8012 8359 8043 7907 8057 7781 7837 7948 7609 7779 8509 7769 8210 7950 8065 7377 8058 8201 8150 8288 7837 7962 8098 7595 8208 8177 7882 7827 8246 7199 7483 7899 8103 7838 8443 8501 8150 8058 7942 8231 8115 8008 7731 8255 7584 7832 8213 7816 7879 8053 7838 7825 8185 7557 8005 8476 7966 7681 7717 8044 7501 8178 8080 7837 8081 8124 8081 7874 7982 7886 8007 7804 8283 8173 8169 7980 7950 7536 8306 7818 8087 7515 7907 7504 8103 7737 7883 7666 8278 8157 8290 7731 7572
8488 8339 8856 8233 8395 9007 8273 7994 7742 8860 8310 8001 8314 8650 8229 8387 8880 8337 7887 8762 8758 8292 8579 8460 8355 8338 8552 8398 8426 8800 8082 8423 8007 8095 7722 8028 7956 8404 8203 8354 7958 8407 7977 8600 8522 8583 8530 8298 8233 8468 7980 8397 8635 8683 8378 8497 9012 8165 8590 8633 8679 8529 8389 8821 8271 8453 8673 8212 8410 8103 8728 8404 8318 7988 7860 8049 8284 7979 8080 8578 8324 8391 8350 8140 8201 8348 8219 7932 8687 8375 8354 8019 8004 8200 8495 8371 8293 8670 8534 8152 8541 8183 8418 8511 8806 7724 8159 8212 7903 8318 7766 7982 8025 9016 7816 7803 8471 8513 8577 8521 8301 7827 7765 8161 8304 8086 7723 9065 8405 8031 8478 8288 8407 8204 8489 7989 7885 8206 8405 8173 7990 8356 8263 8382 8104 8839 8693 8006 8483 8355 8825 7815 8514 7908 8281 8300 8310 8972 8683 7991 8823 8226 8201 8086 8674 8424 8199 8360 8398 7891 8185 8314 8514 7994 8116 8333 8598 8077 8239 8132 8324 8085 8787 8477 8047 8607 8194 8131 9101 8962 7841 8157 8122 8487 7886 8341 8123 8741 7995 8294 8317 8447 8060 8143 8559 8335 7993 8300 8339 8279 8404 7867 7766 8370 8214 8312 8093 8476 7811 8391 8237 8244 8537 8321 8852 8701 8611 8343 8541 8069 8247 7932 7794 9147 7909 8410 8476 8717 8435 8747 8638 8315 8621 7826 8775 8392 8272 8226 7953 8718 8684 7794 7833 9148 8077 7682 8022 8613 8045 8662 8296 8674 8352 8082 8307 8113 8301 8161 8092 8280 8621 8560 7904 8622 7660 8558 8544 7884 8612 7841 8395 8002 8552 7848 8455 8389 7987 8567 8991 8569 8378 8443 8555 8378 8597 7971 8474 8176 8496 8372 8544 8020 8489 7992 8183 8617 8278 8349 9323 8541 8401 8467 8330 7800 8141 7866 8216 8648 7818 8884 8190 8067 7846 8003 8181 7996 8390 8166 7942 8527 7709 8531 8467 8305 7937 8521 7400 8054 8301 8541 8358 8694 8501 8692 8591 8068 8248 8109 8568 8395 8395 8191 7970 8149 8079 8667 8049 7940 8080 8346 7913 7903 8833 8130 8487 8369 8222 7726 8585 8236 8203 8648 8287 8432 8239 8498 8135 8037 8080 8374 8726 8209 7895 8719 7851 8546 8178 8275 7864 8413 8047 8820 7945 8558 8470 8519 8294 8088 8132 8052
8121 7819 7913 7678 8006 8389 7978 7685 7462 8685 8181 7799 8082 8482 7974 8090 8258 7529 7897 8240 8101 7669 8233 8087 8096 8039 8076 7864 8241 7722 7368 7988 7666 7781 7648 7555 7616 8089 8018 7980 7602 7838 7461 8544 8135 8094 8375 8012 8066 8250 7574 8192 8100 8180 8183 8152 8834 8058 8242 8091 8135 7946 8132 8174 7902 7889 8263 7792 8146 8012 8454 8216 8039 7699 7751 8175 8017 7713 7900 8018 7560 8189 8188 7475 7789 7973 8167 7981 8604 8308 7937 7526 8084 7739 8265 8514 7931 8050 8465 7683 8054 8291 7901 7850 8056 7464 7802 7976 8065 8064 7700 8032 7596 8470 8036 7580 8093 8194 8037 8130 8289 7709 7031 7915 8163 8077 7703 8754 8594 7766 8658 7788 8193 8069 8123 7749 7786 7855 7843 7729 8015 8053 8209 8128 7943 8484 8270 7843 7766 8227 8482 7657 7910 7455 8018 8099 7806 8405 8357 7882 8501 8254 7714 8056 8312 8404 8096 7956 8224 7800 7866 8340 7958 7954 7989 8079 8120 7539 7428 7972 7818 8019 8180 8342 7708 8404 8149 8047 8600 8106 7461 7951 7706 8227 7599 8165 7813 8126 7757 8063 7929 8049 7881 7480 8003 7765 7823 7971 8015 7891 8036 7563 7346 8017 8102 7981 7805 8202 7767 8128 7973 7901 8027 8083 8850 8153 8050 8157 7861 7709 8125 7928 7602 8479 7611 8047 7989 8186 8227 8484 8139 7691 8513 7859 8546 8250 8283 7800 7789 7970 8274 7809 7863 8734 7873 7997 7842 8081 8116 8343 7954 8032 8106 8082 8134 7836 7786 7864 8203 8230 8068 7998 8005 8114 7339 8486 8026 7808 8347 7493 8358 7961 8029 7647 8110 7963 7577 8031 8567 8377 7969 8038 8615 7856 7960 7482 8025 7990 8119 8045 8143 8126 8527 7889 8026 8320 8234 7797 8414 7966 7653 8192 7793 7691 8142 7553 7930 8347 7732 8372 7935 7797 7962 7928 8226 7604 8284 8201 7646 8466 7641 7891 7988 8129 7994 7967 7111 7824 7821 7850 7909 8104 7923 7707 8002 7841 8052 7960 8048 7946 8232 8136 7527 8067 7857 7873 7843 7582 8015 8105 7679 7886 8461 8160 7820 8023 7773 7278 8102 8113 8307 8151 7910 8060 7910 8056 7764 7852 7792 7986 8504 7621 7872 8107 7853 8273 7765 8049 7771 7729 7737 8347 7969 8061 7832 7858 8186 7940 7779 7417
7812 7794 8014 7561 7856 8432 7648 7353 7575 8205 7795 7396 7757 7900 7652 8171 8297 7872 7389 7968 8249 7439 8109 8033 7486 7944 7606 7874 8220 8230 7737 8103 8028 7554 7508 7651 7581 8200 7658 7734 7332 7986 7607 7871 7875 7603 7810 7828 7814 7670 7366 8101 8227 8053 8138 8398 8548 8075 8256 8161 7991 7673 8137 7933 7617 7771 7976 7843 8214 7261 7866 7890 7705 7652 7752 7921 8148 7485 7804 7614 7531 7752 8005 7523 7813 7747 8294 7769 8030 8126 7809 7613 8050 7710 8040 7894 7687 7954 8176 7701 7918 8097 7767 7898 8065 7120 7699 7795 7723 8050 7444 7678 7730 7963 7836 7272 7904 7986 7799 8067 7768 7529 7511 7619 8119 7651 7452 8264 8001 7816 8033 7824 7797 7523 7836 7543 7377 7649 7688 7790 8101 7922 7643 7857 7742 8544 7859 7579 7742 7525 8431 6993 7992 7505 7989 7616 7581 8276 7950 7985 8167 7877 7376 7860 7993 7760 7931 7518 8019 7744 7557 8074 7575 7940 7665 7867 8097 7642 7780 7849 7836 7538 7939 7990 7921 8025 7423 7637 7907 8188 7525 7631 7660 7889 7316 7898 7641 7867 7472 8098 7609 7602 7986 7788 7629 8154 8083 7938 7858 8163 7573 7109 7260 7878 7815 8071 7763 8168 7336 7968 7558 8114 7661 7998 8280 8137 7823 8002 8192 7570 8091 7701 7350 8170 7725 7630 8043 8256 7866 8062 7958 7752 7906 7576 8487 8349 7970 7615 7808 8078 7631 7724 7842 8606 7635 7924 7598 7859 7752 7992 7811 7672 7997 7776 7631 7835 7548 8036 7557 8098 8137 8113 7456 7711 7310 7836 7897 7555 8115 7145 8121 7803 8121 7449 7877 8208 7691 7952 8376 7967 7912 7885 8129 8179 7683 7534 8013 7889 8160 7799 8032 7485 8152 7560 7652 8259 7784 8009 8721 8055 7937 8072 7602 7609 7720 7532 7537 8026 7549 8159 8008 8196 7315 7817 7791 7904 7804 8039 7446 8016 7834 7552 7490 7717 7776 8218 6985 7274 7737 7583 7510 8074 7993 8076 8122 7914 7563 8011 7896 8131 7850 7671 7486 7930 7702 8069 7603 7356 7558 8080 7468 7734 8215 7788 7731 7914 7983 7293 7753 7919 7837 8283 7820 7605 7913 7865 7629 7707 7923 8003 8193 7719 7734 8232 7233 8082 7539 7980 7868 7879 7614 8271 7644 8142 7666 8123 8091 7676 7658 7285
7939 7489 8143 7616 7662 7985 7675 7449 7259 8132 7682 7546 8090 7975 7567 7856 8210 7292 7661 7992 8139 7617 7896 7838 7614 7483 7612 7523 8027 8156 7543 7948 7801 7787 7510 7654 7463 7987 7670 7644 7723 7704 7235 8151 7803 7687 7662 7816 7517 7453 7735 7942 8152 8002 7768 7844 8294 7818 8392 7846 7786 7431 7858 8149 7585 7587 7847 8011 8204 7316 7948 7626 7585 7565 7788 7868 7920 7585 7861 7829 7055 8207 7774 7338 7885 7853 7986 7937 8089 7617 7903 7382 7855 7441 7729 7683 7613 8406 7910 7650 8248 7629 7736 8035 7609 7266 7694 7516 7699 7727 7599 7684 7460 8071 7544 7688 7896 8169 7712 8082 7748 7385 7354 7419 7714 7467 7762 8376 8256 7434 8127 8081 7791 7387 7786 7360 7410 7937 7899 7842 7925 7582 8180 7866 7576 8083 7785 7474 8063 7652 8469 7427 7838 7474 7885 7960 7673 8035 7793 7495 8334 7668 7776 7580 8076 8132 8273 7167 8087 7699 7466 7852 7504 7582 7760 7683 7776 7542 7521 7554 7458 7545 7364 8090 7691 8082 7523 7807 8363 8222 7543 7447 7233 7618 7167 7923 7578 7998 7440 7736 7362 7878 7742 7970 7560 7753 7658 7615 7784 8236 7954 7129 6926 7824 7807 7986 7587 8085 7251 7743 7599 7913 7988 7901 8491 7928 7529 8052 7759 7560 8095 7593 7324 8156 7632 7785 7794 7937 8228 8312 7957 7500 8116 7628 8270 8226 8147 7845 7226 7785 7654 7430 7858 8429 7715 7856 8044 7613 7620 7895 7586 7993 7534 7801 7701 7465 7655 7993 7486 8036 8345 7699 7452 7855 7335 7852 7653 7801 8101 7201 7893 7660 8023 7222 7886 7719 7617 7945 8431 7699 8013 7596 7673 7874 8310 7132 8125 7906 7919 8019 8011 7520 7737 7321 7643 7947 7711 8136 8413 7663 7969 8104 7735 7667 7272 7596 7295 7955 7638 7919 7831 7767 7209 8074 7746 7806 8132 7752 7454 7952 7438 7686 7852 7715 7564 7975 7351 7598 7515 7932 7882 7975 7896 7599 7731 7473 7852 7958 7845 7769 7977 7458 7728 7583 7781 7731 7510 7662 7550 8137 7341 7701 7986 7715 7537 7912 7564 7106 7849 7772 7869 7920 7656 7720 7557 7487 7548 7533 7518 7668 8293 7393 7329 7761 7445 7951 7729 7778 7353 7559 7689 8109 7456 7946 7682 7947 7653 7639 7343 7097
8425 8244 8286 8131 8478 8379 8093 7833 8252 8923 8248 8182 8397 8281 8510 8547 8634 7962 7934 8670 8510 7739 8511 8375 8215 8106 8085 8457 8614 8200 7911 8386 8111 8420 7690 7943 8188 8582 8675 8252 7915 7880 7990 8617 8411 8679 8466 8566 8307 8616 7677 8312 8334 8543 8288 8671 8741 8213 8852 8541 8235 8098 8259 8608 8151 8279 8189 8574 8521 7925 8608 8423 8440 8279 7804 8447 8102 8257 8140 8018 7894 8461 8426 7859 8117 8395 8054 8363 8627 8288 8356 8042 8418 8077 8725 8954 8429 8879 8632 8179 8442 8101 8176 8494 8364 7689 8289 7915 8216 8287 8011 8450 8332 8792 8119 7665 8586 8532 8381 8431 8106 8150 7606 7914 8213 8328 7888 8729 8968 8143 8404 8382 8258 8030 8413 7767 7687 8174 8125 7965 8187 8148 8087 8600 8114 8499 8326 8325 8195 8088 8564 7960 8550 7788 8201 8280 8380 9101 8695 7958 8709 8387 8090 8406 8487 8277 8245 8194 8318 7873 8351 8597 8212 8692 8505 8284 8338 8137 7937 8385 8305 8158 8347 8817 8063 8788 8119 8149 8547 8592 7804 8448 7601 8182 8048 8289 8044 8192 7873 8648 8142 8359 8347 8166 8062 8292 8407 8523 8684 8735 8391 7725 7733 8189 8545 8509 8177 8400 7824 8343 8148 8461 8338 8249 8952 8385 8142 8703 8241 8049 8357 8155 7921 8972 8755 7908 8422 8436 8359 8580 8568 8031 8518 7945 8829 8411 8630 8190 8010 8209 8361 7788 7745 8843 7977 8168 8359 8475 8399 8341 8136 8324 8311 8168 8068 7863 8148 8403 8484 8436 8787 8411 7950 8566 7899 8352 8320 7956 8294 7686 8397 7905 8180 8318 8584 8182 8286 8203 9134 8632 8462 8526 8397 8357 8433 7888 8345 8268 8336 8345 8376 8405 8672 8179 8228 8735 8392 8681 8476 8072 8453 8455 8032 8134 8124 8030 7905 8477 8033 8569 8045 8231 7999 8187 8328 8578 8384 7931 8102 8291 7840 7721 8156 8137 8075 8189 7481 8087 8311 8371 8245 8706 8586 7967 8333 7807 8169 8454 8390 8142 8227 8241 8069 8514 8122 8097 8113 7795 8085 8882 8134 8133 8805 8229 7953 8388 7913 7534 8018 8108 8576 8383 8391 8043 8075 8243 8066 8106 8252 8143 8830 8052 8111 8383 8003 8527 8107 8137 7717 8079 7941 8620 8267 8723 8263 8509 8450 8137 7910 7556
8741 8587 8693 8258 8775 8974 8386 8248 8079 9064 8728 8481 8827 8666 8128 8802 8747 8205 8435 8669 8909 8318 8821 8792 8635 8495 8332 8841 9034 8541 7992 8751 8521 8606 8024 8438 8070 8704 8635 8140 8126 8610 8192 8980 8645 8635 8859 8869 8330 8559 8224 8664 8904 8695 8634 8789 9251 8897 8918 8579 8870 8673 8717 9173 8406 8561 8623 8754 8816 8332 8659 8419 8430 8373 7965 8734 8481 7954 8698 8134 8434 8641 8959 8191 8530 8285 8444 8600 8762 8606 8631 7948 8592 8514 8810 9095 8548 8969 8859 8701 8989 8688 8451 8558 8858 7863 8326 8200 8404 8578 8403 8473 8085 9028 8304 8037 8945 8724 8317 8508 8309 8208 7870 8605 8700 8128 8371 9044 8754 8306 8623 8390 8570 8365 8690 8124 8103 8707 8636 8480 8625 8328 8632 8542 8120 9002 8526 8467 8301 8570 8894 8087 8637 8128 8740 8740 8211 9142 9001 8271 9017 8296 8689 8568 8910 8623 8468 8534 8888 8193 8619 8505 8513 8462 8640 8531 8651 8032 8120 8640 8328 8356 8608 8677 8078 8986 8299 8559 8896 8546 8145 8588 8020 8469 7969 8833 8664 8825 8382 8630 8534 8521 8333 8386 8420 8487 8245 8490 8860 8845 8493 8082 7963 8417 8744 8859 8210 8662 8205 8534 8491 8708 8674 8715 9066 8433 8448 8550 8576 8177 8702 8536 8213 8727 8521 8142 8368 8970 8692 8826 8698 8420 9098 8207 8934 8923 8845 8498 8329 8552 8759 8585 8252 9305 8299 8377 8365 8650 8357 8652 8348 8528 8559 8356 8725 8681 8534 8488 8160 8553 9041 8747 8399 8830 7667 8761 8451 8196 8775 7846 9030 8161 8823 7916 8474 8572 8244 8856 9130 8713 8783 8853 8905 8620 8651 8119 8652 8556 8487 8532 8867 8501 8712 7979 8850 9106 8563 8725 8923 8467 8521 8935 8237 8246 8305 8384 8124 8801 8428 9021 8731 8667 7873 8401 8585 8626 8703 8310 8168 8710 8075 8272 8501 8304 8521 8890 7866 8218 8185 8437 8427 8607 8627 8551 8721 8513 8552 8586 8749 8542 8459 8594 8078 8626 8297 8720 8519 8250 8709 8849 8217 8356 9222 8479 8040 8504 8327 7745 8529 8473 8385 8885 8512 8284 8390 8345 8290 8480 8674 8208 8708 8446 8345 8963 8249 8579 8287 8145 8206 8308 8240 8699 8265 8888 8527 9004 8839 8566 8422 7809
8008 8269 7797 7765 8089 8720 8203 7375 7957 8511 8048 7915 8112 8059 7711 7941 8395 7522 7624 8238 8196 7758 8355 7832 7789 7711 7953 7872 8387 8184 7449 8395 7971 7756 7211 7846 7462 7941 8047 7998 7549 8021 7496 8471 8142 8095 8446 7946 7625 8005 7533 8130 8509 8166 8255 8202 8755 8032 8331 8100 7987 8027 8166 8224 7869 8221 8002 7949 8286 7911 8220 8112 7804 7717 7431 8182 8070 7895 7897 8074 7841 8124 8289 7402 8077 7929 7860 7676 8128 8210 7965 7488 7825 7614 8335 8068 7811 8484 8202 7911 8274 7997 8240 8154 7923 7071 7941 7809 8003 7946 7797 7908 8031 8237 7962 7274 7994 8238 8147 8077 7654 7987 7341 7662 7874 7665 7752 8293 8262 8075 8443 8088 7838 7704 8342 7563 7426 7908 7857 7503 8077 8010 7815 8086 7768 8442 7845 8050 7998 7956 8394 7485 8443 7036 7743 8223 7910 8530 8005 8132 8128 7943 7820 8022 8207 7906 7750 7552 8065 7683 8074 8356 7705 7873 7723 7722 8098 7888 7891 7929 7719 8199 7907 8116 7721 8031 7708 7942 8323 8401 7602 7854 7585 7658 7568 8032 7977 8050 7627 8084 7585 8063 7976 7731 7798 7987 7714 7814 7955 8280 8336 7628 7075 7970 8185 8102 7742 8077 7391 8062 7815 7818 7959 8128 8702 8112 7855 8088 8073 7567 8517 7620 7716 8240 7822 7647 8009 7826 8455 8341 7901 7506 8369 7490 8050 8112 8276 8037 7874 8101 8102 8020 7454 8460 8127 8032 7806 8156 7558 8326 7774 8101 7797 7704 8061 7668 7813 7775 8210 7965 8195 7945 7705 8174 7289 8297 8005 7869 8009 7429 8379 8179 8100 7626 8063 7853 7845 7932 8563 7839 8230 8150 8035 7759 8093 7700 7973 7926 8107 7898 7996 7944 8090 7831 8027 8179 8181 8179 8368 8128 7727 8247 7460 7746 7673 7722 7416 8253 7491 7931 7966 7863 7494 7786 8007 8052 8519 7638 7841 8218 7478 8135 7958 8035 7981 8399 7217 7635 7462 8426 8006 8050 8120 7859 8081 7878 7986 8258 8302 8053 8021 8066 7636 8286 7740 8309 7821 7745 7774 8102 7396 7906 8200 7802 7671 8089 8070 7543 7807 7567 8064 8116 7736 7926 7779 7988 8037 7965 7754 7983 8218 7739 7871 8270 7435 8164 7662 7739 7621 7946 7510 8261 7728 8049 8179 8294 8001 7669 8009 7617
8600 8330 8536 8226 8583 8837 8151 7666 7924 8952 8670 8098 8410 8543 8320 8712 8665 8293 8023 8682 8795 8048 8871 8408 8285 8044 7932 8181 8751 8548 8264 8531 8284 8544 8078 8212 8039 8682 8548 8403 7976 8753 8422 9162 8440 8919 8739 8835 8087 8391 7914 8696 8309 8649 8594 8898 8836 8283 8837 8569 8753 8590 8640 8726 8347 8460 8643 8054 8618 8140 8817 8499 8490 8113 8132 8678 8453 8312 8227 8228 7938 8612 8521 8103 8296 8350 8480 8526 8588 8369 8462 8429 8401 8187 8775 8738 8348 8945 8828 8204 8831 8344 8181 8782 8611 7787 8226 8238 8239 8345 7994 8135 8065 8752 8502 7795 8596 9017 8329 8727 8605 8087 7906 8536 8712 8181 8045 8962 8993 8392 8652 8452 8467 8236 8442 8014 7925 8605 8545 8349 8544 8131 8589 8714 8270 8697 8281 8295 8413 8517 8662 8052 8606 8012 8548 8654 8407 9009 8664 8249 9067 8600 8547 8530 8858 8393 8502 8266 8835 8160 8545 8576 8558 8732 8367 8383 8679 8055 8017 8311 8172 8406 8463 8633 8155 8813 8422 8550 8576 8920 8102 8387 7850 8557 8255 8658 8466 8596 8250 8780 8625 8241 8429 8454 8434 8095 8429 8382 8677 8514 8536 8083 7758 8175 8273 8645 8550 8867 8027 8483 8285 8233 8425 7912 8820 8501 8381 8618 8614 7878 8642 8105 8216 8861 8169 8437 8729 8790 8378 8932 8777 8205 8701 8130 8866 8840 8875 8620 8147 8564 8683 8343 7916 8957 8347 8222 8199 8616 8085 8556 8220 8364 8429 8521 8598 8260 8068 8537 8041 8553 9073 8645 8013 8543 7855 8621 8768 8108 8488 7411 8510 8370 8908 8072 8381 8479 8206 8860 9067 8349 8714 8183 8877 8730 8420 8065 8529 8791 8552 8383 8840 8368 8716 7953 8618 8432 8735 8665 8966 8474 8483 8672 8561 8086 8392 7894 8392 8599 8289 8976 8316 8625 7985 8695 9053 8266 8301 8074 8270 8739 7900 8461 8401 8540 8151 8848 7611 8044 8181 8525 8718 8661 8273 8516 8316 8084 8445 8851 8773 8429 8500 8253 8408 8288 8377 8429 8400 7964 8246 8539 7927 8368 8706 8206 8360 8425 8291 7887 8415 8289 8423 8662 8237 8271 8362 8735 8084 8060 8519 8374 8859 7962 7929 8563 8187 8630 8094 8276 8183 8400 8069 8628 8107 8460 8591 8678 8687 8398 8163 7791
8407 8210 8583 7966 8342 8350 8029 7730 7741 8480 8079 8115 8170 8323 7857 8230 8270 7569 7713 8411 8408 7943 8201 8168 7707 7997 7931 8169 8195 8252 7579 8137 8101 8044 7756 7982 7933 8255 8308 7708 7696 8094 7546 8441 8429 7976 8340 7950 7564 8555 7584 8149 8696 8158 8092 8266 8720 8356 8451 8688 8261 7740 8193 8606 7873 8132 8569 8103 8433 7879 8584 7966 8098 7733 7936 8102 8089 7732 8210 8022 7723 8503 8009 7414 8364 7968 8193 8196 8716 8024 8275 7494 8343 7730 7927 8496 7960 8065 8509 7770 8578 8423 8153 8090 8182 7856 7999 7766 7958 8283 7569 7975 7689 8249 7989 7534 8408 8051 7990 8399 8153 7724 7632 8019 8023 7713 7726 9038 8549 7796 8266 8041 7827 7954 8304 7725 7403 7844 8147 7910 8287 7857 8014 8078 8191 8372 8017 8126 7807 7990 8640 7438 8519 7860 7908 7863 7879 8586 8520 8133 8430 8238 7886 7742 8503 8249 7988 7898 8134 7818 8426 8230 8359 8095 7967 8283 8103 7832 7586 8154 8164 7743 8404 8691 7758 8272 7653 8246 8246 8618 7485 8234 7365 8074 7599 8173 7700 8369 7589 8134 7990 7914 7950 7706 8073 7903 7736 7862 8084 8265 8059 7691 7313 7964 8010 7942 7841 8238 7478 8019 8157 8124 8100 8004 8623 8302 8321 8326 8316 7518 8023 7983 7855 8463 8103 8186 8140 8287 8477 8143 8237 7740 8393 8033 8533 8226 8031 7931 7806 8285 8265 7776 7673 8872 7758 7830 8056 8308 8109 8431 7964 8490 7926 7830 7968 7770 7762 8263 8262 8226 8162 8083 7729 8247 7125 8402 8242 7947 8297 7582 8476 7669 8229 7657 8223 8226 7854 8059 8592 8108 8451 7903 8285 8237 8250 7820 8423 8154 8088 8177 8089 7983 8282 8032 8310 8243 8260 8037 8771 8254 8007 8329 8015 7873 7757 7702 7793 8500 7777 8460 7998 8153 7624 8219 8211 8098 8284 7919 7838 8537 7805 7990 8200 7989 8068 8365 7342 7765 8345 8151 8149 8069 7991 7730 8042 7771 8140 7837 7924 7905 7942 7964 7698 8156 8265 7930 7480 7840 8210 8479 7672 8056 8594 8369 8177 8228 7877 7751 7917 8066 8617 8162 8229 7731 7756 8386 8089 7915 7830 8144 8593 7685 7966 8253 7589 8171 7835 8068 7913 7946 7584 8649 7956 8325 8109 8369 8325 8104 7596 7302
8273 8453 8025 7735 8130 8323 7914 7343 7884 8648 7991 7582 7975 8024 7979 8185 8150 7350 7682 8201 8166 7766 8141 8397 8049 8087 7335 7946 7995 8199 7689 7893 7955 7904 7473 7625 7857 8300 8313 7958 7373 8246 7715 8451 7834 8440 8365 7729 7837 8189 7615 7890 8213 8326 8047 8362 8954 7999 8416 7889 8174 7901 8230 8664 7694 7798 8257 7887 8462 8033 8335 8099 8061 8015 7740 8036 7660 7660 8233 7725 7678 8218 8311 7490 7987 7850 7873 7761 8406 8121 7901 7668 8191 7622 8173 8240 8135 8444 8153 7765 8215 7932 8120 8114 8320 7350 7685 7899 7686 8144 7720 8130 7809 8377 8007 7400 8061 8011 7855 8169 8389 7782 7260 8193 7970 8079 7910 8741 8059 8255 8168 8209 7801 7984 8043 7720 7670 7995 7688 7838 7834 8064 8001 8023 7909 8539 8098 7708 8060 7796 8286 7730 8150 7428 8135 8165 7820 8583 8400 7977 8458 7846 8082 7858 7972 7895 8209 7842 8052 7785 8289 8329 8155 7899 7749 8267 7945 7665 7464 8053 7969 8059 8273 8414 7784 8143 7497 7818 8384 8629 7296 8090 7534 8305 7432 8310 7776 7846 7622 7924 7916 7717 8006 7543 7986 8107 7952 7726 8289 8345 8071 7519 7577 8068 7861 8096 7655 8260 7694 7962 7692 7999 7850 7940 8281 7872 8182 8132 8325 7668 8238 7618 7719 8190 7870 7614 8317 8291 7967 8240 8301 7625 8225 7854 8504 8068 8128 8288 7929 8259 8234 8007 7700 8721 7662 8065 7922 8205 7867 8327 7873 7934 8148 8150 7887 7783 7725 8074 7767 8110 8177 8118 7545 7895 7103 8239 8019 7914 8470 7515 8290 7783 7767 7854 7813 8350 7854 8366 8673 8332 8200 7973 8266 8034 8251 7787 8133 7905 8080 7972 8236 7826 8051 7750 8006 8012 7971 8090 8429 7757 8157 7975 7737 7752 7744 7651 7888 8321 7895 8285 8055 7830 7901 7793 8397 8154 7994 8139 7931 7998 7645 7652 7852 7905 7585 8453 7254 7866 7664 8000 8034 8003 8062 7834 7946 7567 7929 8236 8112 7782 7891 7956 7852 8163 7756 7900 7662 7917 7898 8166 7433 7967 8522 8043 7795 8137 7842 7231 7660 7803 7976 8364 8229 7746 7917 7746 7665 7824 8052 7772 8564 7589 7943 7900 7796 8335 7712 7943 7551 7702 7620 8556 7641 8155 8081 8138 8382 7691 7512 7491
8007 8073 8171 7697 7975 8392 7918 7517 7638 8451 7867 7969 8087 7955 7712 8022 8441 7473 7678 8270 8521 7701 8157 7893 7865 7825 7920 7299 8130 8130 7535 8034 7800 8038 7295 7935 7891 8175 7778 7682 7556 7774 7430 8656 7540 8145 7919 7771 7680 8127 7557 8098 7823 8115 7982 8252 8645 7781 8409 8123 7978 7915 8151 8398 7464 8091 8433 7757 8003 7338 8115 7798 7856 7648 7650 7983 7951 7720 8181 7667 7828 8334 8238 7728 8044 8277 7990 7866 8264 7879 8146 7416 7874 7444 7936 8133 7610 8444 8229 7655 8179 7814 7712 7705 8212 7287 7650 7833 7864 8103 7540 7850 7762 8105 7912 7488 8367 8023 8069 7954 7742 7735 7496 7368 7995 7714 7636 8620 8104 7851 8227 8154 7947 7840 8011 7554 7394 8000 8046 7863 8046 7894 7848 8182 7514 8135 8088 7799 7993 7915 8380 7551 8333 7407 8279 8032 7658 8363 8125 7940 8344 8143 7948 7670 8014 8242 7806 7577 8104 7438 7969 7969 8008 7814 7836 8074 7971 7545 7677 7811 8248 7987 7793 8277 7816 8300 7611 7804 8334 8393 7528 7670 7744 8096 7468 7831 7790 8106 7253 7984 7974 7854 8184 7979 7903 7830 7811 8055 7873 8379 7850 7515 7390 7930 8089 7912 7739 8178 7450 7927 7773 8232 7718 7897 8768 7830 7857 8171 8152 7602 8000 7590 7671 8314 7729 7603 8072 8068 8380 8124 8361 7723 7963 7764 8441 8142 8041 8004 7297 8140 7768 7699 7872 8634 7443 7865 7939 8092 7912 8082 7750 8202 8023 7723 7697 7502 7685 7935 7921 8014 8199 8120 7710 7880 7369 8093 7791 7726 7917 7291 8168 7580 8060 7289 8067 7637 7427 8133 8602 7987 8225 7959 7976 8200 8311 7552 7939 7701 7892 7919 8090 7765 8028 7769 7738 8073 7979 8235 8301 7694 7785 8254 7472 7660 7506 7536 7352 8226 7650 8140 8043 7863 7634 7776 7874 8141 8013 7568 7810 8034 7699 7971 8221 8018 7639 8121 7258 7636 7868 7942 7914 8403 8483 8000 7786 7722 8168 7852 8023 8269 7814 7518 7760 8088 7788 7864 7719 7743 7651 8092 7271 7819 8428 8012 7673 8119 7595 7242 7455 7722 8092 8223 7736 7773 7784 7805 7731 7538 7784 7979 8262 7556 7501 7925 7504 8132 7734 8058 7796 7668 7923 8116 7344 8354 8242 8199 8002 7993 7697 7340
7974 8037 8108 7603 8015 8542 7743 7743 7795 8513 7853 7700 7824 7945 7693 8111 8158 7500 7688 7824 8253 7611 8133 7913 7993 8014 7501 7897 8362 8194 7798 7918 8032 7658 7730 7477 7407 8177 7968 7902 7711 8213 7813 8338 8005 7937 7979 7567 7754 7819 7441 8183 8352 8420 8091 8177 8546 8089 8386 8236 8238 7962 7993 8313 7743 7960 8127 7939 8124 7628 8153 7964 7758 8083 7650 8071 8050 7901 7661 8184 7672 7731 8411 7597 7740 7875 7699 7908 8161 8005 7898 7365 7991 7775 7982 8000 7922 8123 8158 7490 8249 7890 7743 8070 7926 7487 7900 7689 7841 8073 7543 7904 7736 8277 8118 7466 8011 8353 7841 8009 7907 7747 7171 7873 7969 7590 7740 8546 8374 7725 8355 8408 7633 7783 8068 7703 7356 7943 7791 7867 7971 7682 7863 8170 7780 8284 7882 7671 7797 7826 8453 7415 8076 7814 8162 8048 8090 8181 7990 7849 8234 7999 7871 7965 7852 8154 8211 7625 7944 7522 8197 8189 7997 7942 8037 7947 8053 7511 7509 7641 7466 8013 7780 8132 7865 8295 7640 7839 8090 8304 7461 7692 7567 7756 7591 8040 7983 8172 7651 7955 7805 7594 7963 7798 7637 7795 7861 7825 7978 8190 7536 7617 7331 8083 7905 7777 8231 7930 7641 8033 8042 7737 8142 7696 8709 8042 8008 7788 8186 7486 8040 7669 7465 8319 7965 7249 8210 8151 8166 7923 8148 7892 8228 7699 8452 7974 8257 7985 7699 8404 7792 7652 7591 8517 7636 7848 7774 8026 7792 8267 7720 8037 8020 7907 7748 7666 7823 8415 7731 8160 7960 8143 7756 7910 7158 7963 8117 7665 8118 7163 8274 7747 8117 7807 8005 8023 7882 7804 8419 7825 8198 7885 8524 7860 8120 7733 8479 7935 8053 8034 8110 8032 7947 7727 7974 7907 7799 8229 8522 8102 7537 8276 7890 7669 8189 7834 7735 8578 7713 8291 7808 8097 7594 7765 7954 7883 8522 7611 7755 7937 7738 7789 7730 7908 7431 8180 6964 7489 7687 8053 8351 7897 8341 8152 7687 7360 8220 8091 8029 8170 8025 7765 7572 7936 7742 7923 7657 7440 7934 7972 7407 8088 8568 7918 7600 8111 7879 7747 7804 8043 7750 8304 7895 7721 7784 8060 7635 7776 8116 7697 8161 7737 7724 8232 7631 8443 8230 7990 7801 7678 7439 8186 7686 8079 7781 8059 8184 7972 7458 7312
7783 7900 7856 7461 7782 7877 7475 7043 7572 7918 7687 7592 7889 7917 7296 7804 7939 7295 7434 8102 8268 7476 8143 8295 7514 8041 7804 7675 7835 8004 7369 7825 7639 7667 7313 7857 7354 8191 7717 7579 7172 7649 7316 8139 7668 8041 7705 7437 7495 7950 7530 7866 7974 8095 7883 8088 8521 7637 8162 7909 8075 7628 7948 8191 7481 7560 8058 7462 8150 7612 8102 7663 7893 8015 7379 8111 7780 7759 7907 7819 7488 7999 7856 7237 7920 7539 7934 7633 8089 7588 7705 7591 7921 7198 7827 8044 7972 7789 7940 7525 7845 7889 7650 7837 8073 6976 7270 7494 7816 8079 7534 7859 7506 7901 7305 7568 7902 8097 7767 7842 8086 7424 7026 7833 7469 7530 7265 8361 7947 7595 8296 7835 7924 7372 7819 7396 7513 7631 7460 7460 7831 7910 7700 7714 7777 8098 7619 7573 7727 7676 8272 7172 7776 7326 7642 8128 7654 8389 8100 7673 7856 8040 7730 7411 8136 7739 8043 7267 7992 7700 7439 7977 7919 7782 7829 7818 7790 7912 7634 7797 7831 7498 7863 8087 7629 8052 7413 7552 8168 8150 7232 7663 7505 7726 7217 7583 7793 7927 7708 7625 7717 7602 7601 7428 7430 8004 7995 7697 7842 7745 7972 7101 7292 7576 7935 7671 7496 7685 7316 7737 7681 7997 7889 7543 8205 7642 7693 7748 8032 7201 7949 7317 7098 8318 7685 7590 7575 7877 7896 8022 8122 7595 8079 7303 7900 7708 7923 7759 7673 7915 7723 7341 7319 8285 7420 7628 7400 7841 7559 7877 7482 7753 7498 7703 7617 7945 7614 8062 7470 7829 7949 7842 7564 8018 7113 7858 7625 7521 8149 7085 7662 7736 7771 7567 7847 7690 7563 7739 8266 7782 7761 7964 7963 7901 7788 7357 8142 7787 7772 7986 8098 7325 8137 7228 7817 8099 7521 7557 8275 7421 8004 7954 7704 7486 7808 7925 7641 8222 7326 8085 7680 7688 7234 7765 7793 7648 7887 7516 7487 7820 7329 7838 7366 7868 7670 8249 7231 7130 7695 7790 7560 7943 7664 7724 7889 7704 7629 7600 7639 7608 8067 7734 7678 7586 7335 7995 7662 7371 7415 7738 7201 7617 7988 7724 7389 8121 7539 7070 7705 7610 7380 7622 7534 7774 7444 7976 7799 7647 7770 7820 8414 7478 7380 7625 7546 8101 7582 7613 7709 7457 7349 8070 7638 7962 7436 8081 7766 7839 7605 7599
8868 8685 8598 8497 8157 8867 8387 7687 8509 8959 8567 8384 8722 8385 8469 8568 9179 8119 8186 8563 8997 8246 8838 8633 8524 8279 8247 8368 8660 8872 7985 8494 8559 8633 7815 8428 8667 8910 8186 8471 7964 8750 8288 8883 8359 8515 8692 8671 8394 8513 8223 8521 8925 9117 8688 8815 9385 8880 9110 8525 8629 8512 8732 9120 8412 8441 8791 8915 9000 8390 9009 8223 8750 8227 8673 8783 8633 8455 8499 8578 8469 8975 8552 7973 8483 8528 8578 8713 9332 8733 8586 8361 8859 8549 8688 8874 8715 9008 8825 8117 8610 8614 8616 8739 8679 7943 8160 8024 8555 8832 8436 8476 8195 9003 8590 8104 9062 8624 8601 8584 8591 8285 7983 8448 8852 8394 8247 9081 8805 8786 8800 8753 8734 8533 8743 8150 7966 8235 8506 8741 8629 8462 8403 8785 8534 9197 8500 8640 8337 8556 9196 8410 8631 8107 8594 8671 8349 9408 8615 8711 9081 8501 8175 8553 9038 8563 8660 8044 8964 8130 8431 8890 8620 8709 8611 8328 8725 8274 8105 8544 8478 8693 8611 9189 8237 8748 8481 8477 8834 9098 7808 8644 8108 8831 8318 8701 8314 8799 8407 8535 8444 8372 8781 8545 8659 8824 8901 8745 8481 8950 8449 8399 7932 8270 8424 8629 8672 8735 8061 8415 8322 8646 8474 8534 9395 8607 8604 8621 8728 7992 8704 8513 8381 8766 8744 8239 8652 8792 8742 8805 9215 8053 9054 8590 8972 9047 8834 8487 8251 8707 8739 8674 8263 9226 8425 8381 8627 8756 8280 8976 8471 8391 8747 8666 8166 8215 8226 8794 8615 8681 8594 8897 8302 8905 8090 8779 8913 8392 8552 7953 8856 8215 8482 8385 8511 8690 8583 8713 9472 8867 9017 8726 8977 8667 8670 7953 8807 8772 8730 8235 8706 8396 9105 8329 8830 8696 8781 8717 9462 8537 8384 8704 8552 8240 8253 8257 8729 8773 8759 8939 8742 8671 7874 8614 8729 8653 8720 8747 8551 9122 8570 8385 8327 8786 8437 8875 7995 8286 8375 8675 8694 8902 8688 8157 8789 8151 8546 8547 8887 8673 8736 8348 8561 8887 8602 8287 8648 8183 8337 8887 8000 8543 9139 8550 8286 8717 8610 7923 8440 8657 8603 8924 8431 8642 8436 8632 8375 8122 8237 8782 9140 8428 8553 8798 8351 8969 8446 8694 8277 8227 8121 9125 8546 8790 8313 8729 8876 8435 8251 8326
8302 8454 8228 8173 8103 8368 7853 7522 7785 8725 8336 8073 8334 8357 8214 8382 8536 7799 7770 8721 8771 7795 8344 8575 8400 8256 8144 8165 8491 8373 7629 8431 8352 8354 7783 8277 8161 8464 8203 8204 7633 8042 7915 8414 8207 8458 8386 8364 7904 8092 7970 8570 8553 8245 8459 8446 8871 8184 8277 8514 8171 8088 8102 8343 8100 8150 8349 8285 8648 7972 8384 7968 8168 7673 7688 8507 8005 7959 7894 8123 7995 8418 8260 7849 8031 8279 8246 8281 8290 8141 8477 7851 8337 8175 8451 8465 8145 8499 8503 8108 8567 8081 7965 8226 8197 7384 8053 8029 7679 8287 7590 7967 8110 8318 7967 7636 8481 8839 8032 8444 7974 8019 7432 7984 8215 7952 7862 8778 8580 8044 8426 8308 7993 8113 8280 7824 7715 8264 8352 8387 8603 7794 8153 8376 7814 8473 8048 7921 8276 8201 8751 7849 8461 7898 8396 8004 8409 8539 8597 7772 8486 8070 8050 8014 8777 8222 8118 8131 8587 7888 8212 8456 8139 8213 7741 8395 8298 7876 7718 8098 8251 7971 8272 8386 8051 8393 8025 8460 8558 8633 7715 7944 7671 8256 7745 8315 8220 8235 7618 8076 8072 8372 8315 8202 8002 8118 8232 7994 8199 8358 8051 7817 7214 8098 8404 8191 8098 8234 7830 8430 8008 8279 7934 7944 8925 8271 8265 8102 8301 7625 8199 7810 7823 8449 7929 8113 8288 8340 8372 8556 8586 7786 8251 7906 8322 8502 8573 8327 7888 8109 8114 7932 7742 8861 8128 7723 7855 8139 7970 8095 8147 8141 8182 8148 8102 7723 8243 8251 8010 8408 8269 8442 7897 8160 7480 8314 8155 8019 8203 7434 8498 7830 8523 7628 8339 8224 8055 8273 8894 8355 8427 8108 8359 8389 8516 7590 8233 8357 8457 8159 8158 8008 8765 7740 8065 8620 8385 8400 8563 8193 8050 8441 7975 7920 7632 7792 7803 8211 8089 8199 8097 8456 7878 8344 8608 7832 8462 8198 8127 8739 8043 8021 8184 8002 8181 8627 7486 7769 8077 8333 8468 8380 8410 8220 8339 7853 8446 8281 8233 8142 8204 7991 7970 8460 8079 8172 8081 7847 7920 8605 7724 8232 8639 8429 8028 8491 7833 7178 8233 7969 7922 8217 8330 8168 8061 8000 7812 7965 7936 8587 8505 8240 7667 8119 7515 8467 8012 8075 7903 7940 7795 8383 7949 8447 8380 8517 8652 8283 7547 7780
8406 8276 8200 7982 8144 8533 8230 7477 8210 8310 8225 8223 8377 8326 7761 8455 8680 7709 7742 8472 8577 7655 8555 8369 8171 8014 8059 7789 8351 8352 7805 8006 8080 8204 7457 7985 7797 8503 8207 8204 7376 7999 7720 8483 7964 8120 8299 8341 7894 8165 7901 7996 8137 8035 8641 8647 8838 8178 8584 8737 8350 8037 8109 8274 7722 7788 8663 7909 8491 7953 8382 7919 7810 8037 7760 8708 8182 8398 8096 8294 7844 8036 8005 7595 8171 8225 7989 8212 8465 8416 7691 7303 8153 7817 8123 8345 8015 8873 8461 7799 8329 8151 8105 8293 8093 7663 8225 7939 7931 8040 7832 8183 7927 8465 7784 7813 8275 8619 8085 8420 8150 7547 7670 7659 7929 7990 8082 8509 8567 8007 8690 8379 8316 8040 8329 7774 7853 7834 8333 7945 8658 8313 8118 8253 8280 8515 8115 8484 7964 7897 8316 7775 8313 7558 8153 8158 8086 8851 8135 7659 8249 8209 8189 7880 8370 8164 8208 7893 8148 7613 8070 8035 8060 8384 8148 8196 8234 7838 7936 8104 8296 8063 8022 8337 8007 8340 7800 8359 8942 8414 7517 7927 7509 8414 7252 7985 8035 8519 7653 8309 7767 8292 8316 8027 8051 8465 8394 7915 8427 8466 8293 7671 7548 7946 8053 8247 8217 8118 7818 8221 7903 8297 8185 8067 8671 8289 7904 8235 8514 7653 8209 7608 7612 8741 8041 8068 8206 8264 8212 8216 8011 7796 7965 7853 8031 8521 8414 8417 7663 8444 7993 7878 7642 8707 7983 8134 7519 8216 7929 8292 8148 7854 8029 8090 7961 8153 7713 8123 7990 8040 8242 8418 7899 8084 7502 8148 8129 7764 8423 7567 8543 8130 8087 7849 8278 8098 7801 8107 8616 8217 7883 8547 8249 8200 8277 7610 8366 8406 8291 7727 8404 7866 8472 8057 8043 8359 8088 8224 8550 7933 8032 8589 7999 8077 8054 7916 7899 8015 7535 8507 8158 8110 7589 7952 8130 8079 8521 8334 8085 8681 7851 7977 7975 8044 7777 8105 7161 7776 7687 8355 8011 8315 8588 7807 8290 8097 8431 8163 8241 7970 8351 7983 8066 8059 7918 8225 8073 7978 7809 8160 7654 8070 8570 7918 7756 8358 7916 7242 8132 8015 7841 8010 7771 8456 7976 8217 8012 7821 7913 8178 8693 7796 8095 8154 7701 8078 7890 8152 7820 7742 7668 8315 7969 8196 8004 8231 8350 8217 8010 7662
7764 8189 8125 7894 8147 8647 7659 7439 7886 8610 7869 7315 7937 7889 7855 7935 8264 7751 8026 8279 8405 7873 8127 8116 7858 7724 7981 7968 8580 8015 7576 7983 7918 8242 7633 7863 7710 8255 8312 7787 7479 8121 7821 8365 7871 7958 8294 8199 7869 7849 7566 7992 8356 8407 8190 8231 8696 8079 8360 8105 8008 8211 8484 8389 8098 8065 8014 7933 8116 8005 8252 8059 7872 7898 7607 8308 8113 7747 7883 7783 7855 8152 8147 7698 7780 7768 7939 8072 8361 7979 8083 7574 7657 7439 8122 8123 7904 8106 8402 7858 8439 7995 8002 7909 8135 7422 7992 7484 8289 7990 7314 7869 7575 8264 7761 7309 8083 8312 8207 8109 7965 7722 7515 7961 8105 7774 7713 8414 8342 7847 8314 8097 8057 8073 8100 7661 7372 7852 7478 7668 7816 7974 8237 8148 7669 8087 8287 8044 7783 8285 8788 7700 8220 7765 8086 7723 7975 8613 8187 7899 8422 8330 8059 8097 7893 8084 7894 7593 8080 7565 8046 8508 8083 8022 7840 8173 7944 7711 7583 7854 7867 7784 8061 8401 7806 8298 7530 7727 8214 8636 7552 7986 7524 8246 7619 8175 7691 8299 7499 8245 8188 7805 8022 8263 7917 7977 7758 8255 7843 8087 7938 7754 7451 8046 7963 8317 7737 7914 7432 7884 8074 7905 7824 7959 8453 7958 8165 7924 8015 7293 8313 7562 7790 8130 7731 7644 8180 8009 7897 8171 8494 7596 8480 8044 8352 8247 8315 8047 7802 7997 7752 7789 7625 8799 7757 7937 8019 7869 7813 8338 8028 8175 7878 7920 7929 7722 7809 7957 7962 8059 8270 8338 7478 8162 7437 8100 8233 7374 8374 7370 8181 7764 8281 7722 8003 7916 7902 8025 8558 8354 8406 8107 8283 7795 8268 7604 8223 8080 8007 7731 8225 7909 8134 7390 8302 8196 8365 8118 8543 7919 8002 8420 7900 7821 7923 7683 8163 8249 7775 8419 8032 8074 7643 8152 8181 8076 7903 7743 7466 8093 7390 7816 8136 8207 7855 8385 7478 7678 7842 8052 8195 8278 8201 8111 8167 7817 7860 8004 8104 7988 8267 7870 7961 8026 7760 7887 7601 7688 7784 8262 7675 7886 8668 8095 8058 8034 8290 7777 7687 7845 8141 8286 8063 7942 7836 8047 7895 7523 7905 7991 8595 7939 8013 8212 7852 8505 7496 8301 8006 7936 7789 8260 7237 8237 7769 8077 8274 7996 7725 7455
8388 8054 7995 8100 8226 8461 7664 7898 8022 8723 8112 7801 8195 8287 7862 8365 8227 7785 7825 8267 8136 7930 8296 7997 8272 7931 8224 8043 8277 8230 7877 8078 8055 8065 7703 8035 7864 8260 8241 7779 7621 7824 7496 8646 7924 8446 8228 8023 7727 8249 7811 8491 8372 8227 8068 8461 8650 8019 8723 8215 8177 8173 8290 8402 7558 8178 8361 8033 8347 7898 8327 8142 8238 7827 7688 8378 7854 7997 8027 7928 7768 8181 7969 7555 7849 8164 7777 7905 8721 8177 8351 8076 7969 7887 8133 8451 8170 8392 8682 7791 8414 8158 8099 8178 8138 7514 7830 7873 7725 8162 7820 7989 8166 8547 7983 7267 8524 8364 8030 8336 8150 7776 7540 7766 8278 7954 7602 8476 8362 8063 8306 8032 8232 8220 8477 7697 7778 7974 8035 7939 8192 8206 7963 8348 7927 8498 8160 7788 8249 7841 8492 7757 8185 7338 8128 8069 8080 8714 8688 7973 8679 7975 8012 8340 8423 8100 8295 7563 8029 7760 7937 8292 8512 8151 8153 8145 8223 7796 7929 8050 8180 7873 8267 8195 7865 8137 7670 8057 8552 8435 7474 7898 7628 8351 7872 8243 7969 8376 8028 8247 8017 7785 8006 8001 8198 8465 8008 8403 8029 8368 8179 7398 7462 7790 8548 8031 8237 8235 7855 7995 8221 7607 8181 7885 8769 8383 8413 8256 8417 7842 8334 7874 7890 8585 7610 8043 7972 8231 8208 8452 8563 7387 8702 7677 8742 8414 8393 7825 7753 8273 8059 7748 7883 8687 8041 7624 8077 8006 8043 8199 8056 8476 8073 8086 8135 7955 7992 8283 7976 8155 8200 8175 7994 7778 7477 8222 7964 7886 8292 7739 8281 7863 8315 7568 8348 8104 8115 8682 8489 8322 8085 8349 8524 8210 8498 7918 8026 8051 7950 8273 8115 8301 8327 7873 8145 8163 8160 8216 8690 7957 7897 8219 8011 7569 7828 7785 8122 8190 7650 8438 8295 8398 7745 8254 8222 8041 8135 8085 7952 8499 7820 7929 8226 8276 7905 8416 7247 7808 8015 7919 8135 8254 8255 7789 8157 8027 7999 8483 8097 8004 8394 8087 7606 8072 7643 8255 7864 7470 8046 8170 7520 7881 8972 8193 7873 8343 8135 7463 7976 8072 8200 8171 7669 8241 8224 8543 8268 7874 7784 7971 8532 8158 7700 8221 7553 8226 7901 8072 7996 7870 7917 7975 7675 7863 8014 8065 8316 8113 7552 7684
7963 8288 8301 8131 8149 8569 7974 7641 7844 8172 7812 7945 8075 8086 8075 8435 8575 7795 8067 8371 8393 7369 8138 8251 7957 7851 7727 7930 8225 8007 7605 7983 7904 7791 7383 7835 7644 8269 7757 7896 7711 8012 7924 8541 8053 8050 8314 7989 7806 7786 7410 7691 8184 8526 8110 8211 8411 8015 8367 8363 8169 7988 8501 8462 7718 7670 8194 7725 8181 8003 8371 8327 7911 7805 7535 8014 7954 8069 7801 7913 7720 8434 8159 7668 7608 7873 8206 7837 8550 8005 7916 7619 7958 7556 8057 7981 8201 8504 8482 7787 8553 7924 7851 8306 7986 7488 7796 7958 7751 7796 7563 7581 7956 8204 7506 7498 8055 8038 7749 8148 7999 7630 7349 7874 7612 7808 7820 8557 8169 7999 8107 8072 8015 7961 8205 7703 7522 7917 8064 8063 8107 8223 8057 8304 7655 8436 8007 7945 8086 8155 8389 7604 8183 7511 8351 8191 7603 8427 7965 7596 8176 8188 7854 8222 8138 8238 7844 7658 8308 7293 8044 8421 7874 8078 7771 8133 8165 7508 7576 7873 7955 7927 8307 8334 8075 8310 7845 7971 8399 8310 7688 7912 7503 8180 7517 7931 7874 8119 7849 8148 7939 8234 8039 7817 7936 8047 8255 7909 8059 8085 7882 7640 7403 8170 8203 8074 7808 8249 7507 7896 7744 7929 7941 7743 8741 8213 7978 8497 8078 7372 8094 7914 7679 8094 7751 7797 7975 8111 8230 8243 8314 7640 8518 7691 8185 8294 8026 8174 7588 8116 8112 7749 7703 8734 7682 8130 7880 7936 8073 8321 7591 8428 7868 7705 8176 8000 7825 8150 7748 8213 8137 8098 7803 7907 7299 8316 8220 7990 8192 7380 8208 7915 8162 7548 8043 8025 7917 7954 8629 8195 7851 7824 8062 7997 8376 7613 8211 8147 8162 7942 8521 7666 8091 7714 8206 8071 8062 7905 8460 8053 8037 8104 8074 7904 7973 7699 7551 8224 8101 8267 8070 8122 7686 7776 8132 7543 7931 7578 7971 8102 7510 7651 7835 8114 7854 8492 7316 7667 7956 7690 7893 8053 8104 8118 8210 7556 8104 7996 7632 8072 8145 7733 7701 8126 7902 7746 7685 8046 7967 8217 7962 7929 8442 7885 8240 8061 8040 7285 8005 8413 8273 8327 7954 8005 7651 8059 7729 7784 8011 8011 8032 7666 8058 8230 7823 8337 8105 7979 7830 7846 7469 8009 7757 7884 7926 8032 8135 8375 7506 7541
8423 8619 8507 8115 8643 8568 8268 8069 8387 9084 8420 8147 8727 8391 8146 8313 8451 7832 7917 8571 8616 8011 8708 8559 8471 8233 8003 8476 8529 8248 7494 8593 8063 8076 7521 8525 8105 8660 8351 8020 7893 8516 7515 8698 8085 8569 8537 8188 7792 8330 8042 8571 8567 8534 8303 8375 8916 8535 8765 8433 8455 7965 8652 8864 8091 8326 8713 8027 8251 8251 8582 8369 8350 7849 8062 8192 8395 7865 8159 8322 8024 8712 8145 8336 8389 8179 8496 8300 8916 8456 8594 7970 8446 8042 8601 8756 8220 8688 8685 8149 8539 8163 8125 8285 8444 7996 8044 7888 8407 8140 7949 7884 7725 8610 7970 7641 8536 8427 8210 8501 8502 7971 7376 8074 8132 8276 8256 8886 8600 8163 8396 8304 8198 7969 8359 7913 7486 8307 8073 7731 8216 8443 7973 8668 8618 8167 8262 8252 8148 8094 8523 7668 8513 7555 8242 8301 7676 8977 8560 8186 8563 8628 7918 8223 8222 8340 8031 7923 8639 7948 8339 8726 8357 8193 8012 8408 8580 8192 7946 8302 7874 8016 8531 8811 8407 8710 8046 8315 8448 8529 7675 8143 7923 8628 7797 8488 8034 8496 8180 8562 8221 8440 8394 8257 8343 8611 8302 8463 8378 8121 8425 7630 7560 8365 8196 8203 8055 8167 7625 8069 8398 8759 8073 8112 8723 8577 8237 8273 8422 7867 8308 7909 7950 8703 8190 8245 8564 8425 8482 8477 8982 8051 8710 8065 8623 8285 8263 8075 8591 8572 8507 8042 8303 9398 7988 8017 8283 8368 8331 8423 8363 8193 8020 8129 8048 7895 7998 8201 8313 8271 8449 8276 8009 8265 7471 8552 8560 8147 8460 7680 8590 7972 8416 7867 8577 8423 7952 8247 8835 8269 8378 8229 8929 8523 8317 7771 8556 8242 8242 8261 8415 8154 8744 7977 8232 8666 8362 8374 8834 8134 8091 8183 8193 7807 8031 7716 7878 8490 8256 8699 8203 8383 7497 8099 8261 8293 8499 8157 8025 8292 7819 8070 8328 8559 8129 8336 7686 8268 8133 8559 8284 8646 8642 7948 8408 8269 8188 8445 7919 8443 8217 8031 8122 8222 7935 8208 8264 8287 8192 8501 8017 8299 8654 7947 8340 8794 8031 7617 8455 8449 8649 8429 8308 8395 8066 7965 8025 8112 8213 8244 8829 8370 7925 8589 8267 8340 8262 8343 8158 8143 8133 9083 8032 8474 8339 8121 8275 8070 8081 7531
8475 8106 8228 8282 8253 8763 8568 7826 8121 8668 8001 7901 8018 8316 8153 8501 8815 7890 8195 8849 8508 7667 8424 8418 8019 8153 7680 8113 8630 8304 7961 8266 8090 8132 7330 8122 8052 8168 8470 8027 7780 8291 8027 8732 8494 8216 8321 8134 7690 8081 7723 8724 8389 8355 8298 8561 8882 8428 8694 8633 8583 8103 8603 8584 8167 8279 8615 8316 8692 8037 8584 7765 8060 8208 7908 8130 8651 8024 8316 8186 8132 8307 8367 7645 8372 8684 8311 8006 8324 8237 8132 7756 8296 8155 8169 8637 8155 8727 8553 7907 8603 8221 8164 8505 8530 7362 8257 8207 8128 8422 8092 8361 8026 8393 8199 7738 8585 8742 8196 8234 8368 7854 7675 7802 8217 7891 7834 8834 8590 8385 8610 8539 8001 8276 8493 7601 7597 7905 8239 8388 8402 8159 8163 8505 8134 8811 8488 8353 7871 8209 8786 8054 8190 7720 8255 8364 8074 8830 8293 7941 8725 8214 8236 8265 8671 8176 7871 8186 8499 7866 8393 8434 8222 8055 8596 8264 8410 8235 7724 8058 8212 8101 8200 8353 7785 8667 7919 8232 8609 8539 7907 8090 8020 8366 7514 8295 7971 8401 7703 8467 8206 8030 7981 8187 8212 8452 8290 8019 8039 8176 8375 7821 7413 8516 8299 8496 7896 8415 7494 8291 8268 8284 8180 8117 8880 8330 8364 8331 8348 7845 8316 7884 7819 8525 8105 7968 8318 8388 8223 8328 8502 7910 8548 7901 8689 8552 8443 8461 7955 8508 8308 7917 7807 8810 8070 8028 8196 8176 7906 8492 8263 8379 8062 8060 8170 7907 7918 8217 8483 8362 8605 8663 8149 8366 7574 8510 8158 7949 8510 7457 8431 7970 8537 7873 8549 8358 8033 8367 9026 8321 8333 8493 8594 8345 8448 7769 8258 8457 8226 8231 8554 8013 8514 7677 8179 8669 8285 8283 8846 7972 8492 8331 8370 7916 8292 7953 8439 8431 8172 8523 8076 8150 7597 8038 8495 8359 8394 8073 7992 8344 7909 8178 8349 8211 8032 8418 7343 7439 8335 8111 8295 8409 8390 8177 8070 8078 8177 8529 8221 8331 8412 8095 8073 8490 7872 8558 8131 7964 8231 8420 8057 8133 8744 7946 8184 8367 8113 7651 8121 8198 8432 8380 8242 8065 8130 8434 7882 8044 7964 8113 8650 8036 7893 8273 7608 8411 8184 8108 8140 8085 7996 8266 8359 8130 8256 8178 8314 8060 7683 7650
7807 7984 7530 7673 7618 7892 7691 7202 7562 8227 7845 7713 7484 7522 7242 7944 7768 7426 7369 7988 7798 7251 7919 7794 7805 7684 7689 7273 7615 7960 7488 8003 7616 7631 6922 7608 7321 8008 7397 7355 7586 7553 7295 8269 7924 7905 7888 7560 7506 7377 7273 7759 8268 7749 7837 7837 8209 7695 8134 7822 7575 7611 8012 7800 7170 7968 8181 7579 7872 7593 8112 7897 7735 7613 7132 7645 7622 7536 7575 7581 7486 7564 8012 7433 7659 7549 7648 7801 7786 7822 7850 7693 7400 7236 7564 7960 7757 8133 7895 7433 7711 7840 7257 7866 7604 6998 7231 7542 7477 7325 7583 7611 7595 7915 7436 7208 7676 7754 7557 7743 7458 7237 7090 7558 7768 7469 7455 8047 7905 7467 8227 7709 7834 7453 7990 7280 7160 7641 7722 7311 7977 7666 7546 7829 7398 7759 7867 7601 7526 7609 8271 7290 7832 7087 7804 7898 7378 8171 7654 7720 8096 7724 7852 7580 7814 7685 7405 7392 7936 7219 7691 7908 7693 7769 7605 7435 7852 7447 7592 7690 7694 7711 7423 7924 7592 7673 7312 7377 8059 7778 6979 7662 7230 7763 7355 7654 7275 7787 7678 8002 7413 7571 7818 7731 7429 7931 7818 7764 7719 7888 7937 7276 6926 7481 7904 7684 7348 7458 7545 7475 7329 7729 7701 7571 8220 7617 7658 7568 7589 7208 7838 7344 7289 8037 7405 7496 7909 7464 7953 7999 8058 7171 8301 7350 7938 7807 7776 7721 7486 8040 7451 7402 7560 8018 7666 7561 7403 7856 7452 8252 7566 7865 7674 7831 7494 7455 7679 7832 7161 7588 7739 7566 7196 7783 7173 7727 7730 7426 7721 7542 7957 7512 8026 7231 7920 7566 7535 7689 8169 7565 7881 7831 7845 7426 7838 7093 7681 7449 7814 7522 7927 7604 8205 7424 7708 8103 7739 7362 7971 7769 7723 7801 7432 7286 7538 7337 7508 7808 7339 7785 7551 7392 7245 7639 7729 7537 7834 7416 7287 7822 7166 7519 7479 7663 7532 7818 6869 7276 7499 7636 7598 7857 7932 7655 7935 7323 7571 7512 7332 7524 7659 7555 7500 8170 7179 7569 7645 7463 7571 7702 7437 7704 8410 7717 7351 7832 7447 6803 7690 7734 7809 7704 7370 7531 7588 7829 7673 7633 7531 7554 8005 7574 7212 7965 7057 8035 7410 7662 7318 7584 7532 7770 7552 7517 7375 7754 7971 7492 7761 7359
7906 7822 7869 7487 7924 8361 7899 7440 7535 8145 7593 7890 8063 7829 7858 7805 8010 7565 7514 8265 8238 7660 7989 7675 8145 7633 7688 7689 7977 7868 7569 7623 7535 7780 7438 7814 7709 7767 7985 7769 7461 7780 7275 8273 7816 8177 7875 7610 7845 8212 7348 7790 8005 8288 8010 8298 8343 7960 8217 8048 7924 8133 8084 8143 7419 7801 8184 7594 8029 7852 8051 7779 7768 7543 7324 7690 7970 7639 7819 7767 7549 8224 7727 7488 7966 7626 7892 7652 8202 7891 8041 7544 7563 7783 7941 8079 8018 7954 8016 7705 7906 7662 7737 7789 7688 7499 7465 7395 7927 7594 7263 7668 7595 8025 7522 7404 7964 8148 7953 7903 7765 7616 7049 7377 7900 7820 7405 8487 8094 7629 8094 7634 7943 7678 7999 7634 7610 7684 7810 7793 7915 7670 7745 7863 7741 8010 7726 7931 7765 7846 8173 7327 7905 7754 7843 7843 7629 8402 8208 7492 8264 7995 7438 7939 7995 7888 8110 7521 8157 7738 7935 7932 8113 7919 7836 7944 7804 7183 7717 7999 7820 7464 8003 8107 7705 8165 7719 7975 8013 8387 7260 7562 7391 7786 7400 7862 7353 8051 7267 7973 7877 7681 8109 7632 7872 7724 7712 7754 7923 8230 7876 7358 7016 7953 7863 7777 7614 8081 7784 7817 7770 7711 7618 7689 8613 8054 7753 8058 7958 7372 8070 7724 7722 8141 7878 7528 7863 8065 8211 8067 8273 7578 7931 7798 8351 7927 7644 7659 7743 7634 7917 7622 7255 8648 7697 7802 7592 8046 7511 7972 7526 8154 7925 7646 7926 7703 7888 7825 7838 7947 8096 7943 7548 7851 6985 8177 7793 7752 8009 7322 8066 7675 7739 7677 7725 7932 7695 7971 7883 8047 7891 7790 8190 8063 8118 7616 7962 8161 7649 7650 7865 7673 8152 7535 7976 7865 7745 8221 7944 7986 7836 8242 7714 7678 7468 7449 7751 7809 7452 8140 8014 8133 7534 8020 7851 7700 7798 7906 8028 8041 7367 7655 7875 7675 7460 8288 6999 7655 7657 7558 8050 7603 7870 7833 7794 7500 8035 7727 7875 7516 7821 7722 7598 7957 7523 7894 7422 7271 7768 7964 7547 7806 8203 7913 7815 7980 7521 7022 7903 7704 7931 7953 7718 7620 7566 7814 7828 7482 7734 7614 8153 7452 7526 8010 7562 7897 7706 7752 7548 7715 7236 7967 7659 8035 7822 8033 8231 7779 7534 7301
8195 8041 7941 7934 8403 8425 8107 7523 7888 8576 8408 7859 8358 8123 7948 8175 8429 7806 7764 8504 8547 7804 8396 8161 8530 8226 7990 8154 8261 8470 7860 8392 8268 8124 7947 8047 8219 8596 8346 7945 7597 8164 7754 8581 8094 8387 8421 8430 8037 8124 7793 7965 8564 8526 8416 8147 8995 8049 8517 8576 8336 7933 8101 8641 7871 7992 8212 8156 8401 8010 8360 8207 8017 7598 7589 8304 8247 8052 8304 7970 8011 8337 8529 7673 8259 7922 8259 8170 8740 8080 8166 7695 8251 7781 8264 8231 8038 8776 8450 8086 8903 7917 7981 8185 8530 7380 7813 7878 7799 8516 7760 8411 8110 8824 7871 7514 8325 8418 7958 8241 8294 7690 7868 7959 8070 8369 7576 8923 8652 8145 8255 8459 7890 8099 8492 7842 7679 8080 8070 7785 8294 7958 8058 8191 7936 8506 8059 8093 8082 8250 8459 7624 8448 7477 8390 8128 8059 8857 8360 8102 8460 8081 7972 7712 8474 8064 8214 7940 8308 7667 8288 8684 7938 8186 7914 8151 8112 7758 7799 8419 8135 8206 8233 8622 8141 8304 7854 7949 8363 8512 7792 7939 7640 8315 7804 8288 7807 8142 7767 8072 8152 7903 8186 8114 8194 8101 8043 8080 8360 8313 8377 7392 7488 8182 8134 8282 8179 8115 7717 8227 8008 8320 8187 8162 8545 8098 8235 8078 7940 7677 8055 7971 7935 8930 8123 8114 8230 8298 8250 8364 8428 7768 8512 7865 8508 8497 8642 7968 7742 8228 8047 8050 8010 8806 7960 8082 8155 8119 8140 8708 7824 7953 8434 8462 8395 7946 7719 7960 8053 8292 8538 8415 7826 8215 7786 8429 8105 7897 8473 7690 8169 7643 8308 7734 8192 7928 7880 8572 8728 8497 8153 8222 8425 8172 8224 7597 8135 7913 8062 8278 8741 7929 8591 7914 7812 8396 8312 8598 8731 8173 8500 8594 8108 7826 7972 7850 7604 8334 8266 8588 8004 8140 7571 8214 8383 8376 8290 8316 7905 8301 7954 7654 8148 8100 7570 8409 7510 7819 8025 8379 8297 8649 8645 8223 8419 7905 8505 8471 8139 7965 8458 7812 7984 8311 7898 8180 7945 8162 8078 8324 7643 7874 8570 8235 8241 8326 7985 7577 7992 7959 8125 8405 8024 8094 8119 7780 7848 8180 8053 7880 8386 7987 8007 8418 7736 8323 8143 8052 7770 7975 8010 8527 7841 8196 7975 8471 8096 8430 8045 7452
8784 8699 8806 8449 8461 8678 8696 8006 8578 9242 8485 8449 8519 8788 8192 8756 9224 8139 8006 8963 8996 8092 8774 8791 8527 8282 8193 8299 8734 8858 8215 8579 8549 9115 8122 8351 8606 8884 8861 8498 7985 8691 8268 9139 8508 8966 8719 8560 8007 8755 8159 8546 9068 8732 8637 8916 9254 8702 9207 8960 8509 8709 8921 8686 8436 8469 9309 8671 9133 8523 8792 8792 8693 8378 8285 8822 8508 8417 8540 8385 8425 8687 8425 7817 8774 8377 8760 8607 9036 8498 8878 8398 8476 8375 8626 9006 8562 8890 8825 8384 9034 8820 8618 8536 8547 8132 8221 8120 8528 8681 8272 8686 8443 8742 8226 7858 8451 8577 8480 8621 8562 7889 7895 8630 8668 8515 8228 9112 9178 8420 8843 9061 8659 8827 8693 8203 7912 8565 8593 8620 8949 8655 8606 8766 8536 8930 8674 8497 8585 8330 9204 8224 8948 8228 8635 8774 8402 9382 9009 8571 9053 8803 8518 8562 8711 8485 8855 8340 8930 8308 8732 8883 8804 8597 8341 8224 8358 8097 8121 8571 8501 8673 8610 9118 8405 8933 8125 8508 8871 8944 8246 8307 8063 8714 8205 8722 8560 8802 8442 9076 8490 8507 8503 8183 8942 8708 8580 8517 9014 8893 8604 8323 8089 8569 8541 8878 8446 8798 8255 8422 8425 8599 8510 8412 9122 8674 8502 8899 8697 8396 8689 8389 8147 9243 8508 8472 8577 9057 8858 8734 9198 8086 8619 8546 9127 8892 8867 8441 8321 8779 8336 8780 8143 9416 8541 8742 8266 8482 8511 8880 8649 8739 8571 8549 8838 8615 8353 8837 8435 8923 8905 8720 8110 8638 7544 9022 8711 8193 9246 7970 8865 8122 8432 8025 8510 8613 8702 8989 8986 8770 8792 8559 8817 8777 8793 8249 8649 8740 8452 8361 8864 8632 9077 8379 8799 8555 8583 8609 8986 8451 8690 8660 8593 8551 8628 8349 8284 9056 8195 9080 8817 8469 8399 8586 8619 8531 8556 8594 8392 9037 8277 8148 8479 8517 8435 9098 7939 7950 8358 8586 8766 8591 8924 8445 8829 8281 8612 8629 8605 8466 8850 8361 8311 8933 8373 8587 8477 8199 8221 8903 7971 8335 8993 8714 8603 8552 8633 8051 8507 8359 8543 8777 8549 8498 8409 8611 8527 8380 8605 8614 8890 8599 8412 8924 8328 8994 8519 9078 8494 8461 8304 8994 8320 8499 8449 8852 9053 8587 8255 7982
7905 8055 8514 7860 8070 8413 8072 7552 7833 8663 7516 7963 7710 7875 7586 8167 8472 7513 7753 8317 8476 7261 8295 8327 7868 7295 7663 7863 8573 8114 7643 7953 7896 7641 7610 7715 7635 8140 7700 7686 7503 7991 7924 8384 7808 7888 7997 8247 7631 7932 7734 7734 8367 8090 7944 8297 8850 7980 8600 8181 8107 7724 8340 8515 7918 7857 8468 7973 8430 7570 8048 7932 7937 7607 7496 8374 7901 7653 7987 7766 7569 8057 7914 7524 7855 7911 7629 7561 8585 8286 7879 7528 8055 7693 7989 8185 7926 8317 8083 7799 8378 7751 7790 8346 8072 7353 7708 7561 7800 8054 7634 7961 7565 8574 7910 7456 8149 8472 8257 8336 8029 7705 7099 7884 7988 8060 7831 8644 8211 7957 8108 7969 8160 7857 8173 7733 7602 8034 7854 7601 8113 7841 8255 8412 7701 8338 8119 7962 7809 7919 8620 7675 7930 7340 8043 7833 7873 8123 8274 7517 8270 7930 7910 7869 8081 8150 7999 7576 8276 7842 8107 8081 8111 7908 8151 7982 7915 7614 7711 7739 8011 7902 8090 8129 7947 8039 7701 7686 8459 8204 7571 7750 7722 8007 7338 8016 7925 8044 7593 7893 7662 8188 8174 7715 7956 8178 7889 7942 8246 8173 8282 7417 7403 7773 8034 8191 7633 8203 7329 7648 8108 7780 7626 8150 8346 8347 8116 8224 8037 7533 8167 7572 7698 8294 7928 7824 7736 7985 7906 8363 8300 7494 8349 7668 8394 8182 8197 8121 7925 8200 7792 8027 7563 8508 7927 7850 7999 7908 7754 7997 7566 7910 7830 7834 7899 7948 7641 7748 7563 8139 8617 7946 7552 7933 7399 8054 7904 7766 8426 7335 7940 7594 7948 7412 7696 8205 7701 8054 8612 8298 7849 7942 8385 8100 8399 7486 8248 8051 7979 7789 7939 7574 8161 7913 8102 7937 8000 8184 8284 7687 7932 8081 7684 7693 7987 7740 7756 8144 7734 8348 7974 7940 7545 7851 7952 8009 8003 7829 7864 8345 7503 8040 8213 7960 7891 8397 7292 7585 7535 7845 8167 7885 7908 7969 8054 7847 8113 8153 8209 7777 8356 7790 7759 8214 7798 8057 7654 7660 7771 7963 7560 7835 8116 8145 7840 8123 8034 7279 8076 7715 8248 8278 8031 7805 8052 7917 7785 7740 7947 7908 8537 7645 7851 8036 7497 7912 7740 7787 7841 7557 7460 8149 7837 8018 7783 8247 8357 8354 7800 7610
8216 8163 8360 8044 8185 8890 8118 7807 8073 8391 8104 8046 8126 8271 8123 8345 8473 7814 7919 8416 8410 7685 8622 8498 8261 7894 7652 7725 8362 8699 7890 8075 7921 7994 7692 8042 7829 8323 8211 7864 7577 8038 8038 8492 8012 8179 8417 8005 7807 8030 7350 8092 8398 8458 8376 8417 8814 8106 8279 8512 8318 8098 8311 8414 8046 8175 8466 8090 8033 7822 8471 8276 8055 7977 8133 8197 8399 7773 8212 7858 8142 8379 8004 7695 8148 8066 8481 7897 8518 8113 8107 7844 8307 7958 8191 8342 8283 8460 8364 7923 8719 8599 8072 8219 8313 7530 7859 8039 7876 8147 7934 8316 7698 8522 8033 7536 8394 8534 8206 8144 8252 7825 7424 8090 8228 8096 7761 8768 8677 8371 8594 7981 7934 8170 8180 7457 7414 8132 8135 7828 8397 8239 8382 8266 8196 8247 8425 8028 8302 8267 8369 7632 8148 7594 8275 8203 7960 8609 8261 7907 8681 8152 8359 8457 8267 8292 8094 7962 8496 7727 8011 8235 8200 8002 7777 8161 8023 7733 7825 8142 8084 8285 8273 8577 7977 8598 7923 8191 8658 8877 7821 8113 7537 8188 7528 8224 8308 8403 7802 8359 7961 8134 8033 7862 8298 8373 8173 8062 8273 8252 8679 7886 7328 8223 8346 8503 8077 8523 7728 8211 8023 8027 7886 8121 8819 8177 8096 8498 8440 7765 8508 8019 7668 8521 8099 7982 8202 8289 8236 8589 8515 7900 8346 7979 8797 8170 8451 8232 8235 8244 8101 7924 7505 8624 7897 8128 7955 7968 8011 8398 7816 8248 8287 8048 8230 7788 7770 8194 8021 8245 8416 8382 8031 7898 7551 8428 8261 8157 8481 7579 8038 7951 8472 7748 8207 8301 8150 8574 8631 8217 8286 8334 8189 8336 8203 7765 8554 8362 8149 8109 8363 7722 8460 7972 8584 8388 8352 8658 8769 8355 8339 8407 7937 7730 8036 8027 7914 8464 7854 8370 8033 7909 7843 7950 8364 7839 8197 8001 7848 8256 7697 7947 8278 7976 7630 8705 7411 7619 8069 7976 8070 8104 8253 8009 8256 7775 8307 8041 8148 8253 8303 7765 7875 8479 7994 8017 7729 7749 7737 8459 7830 8104 8337 8374 7969 8328 8114 7529 8060 8108 8143 8352 8205 8234 7679 8030 8082 8421 8297 8113 8459 7843 8061 8360 7989 8427 7979 8200 7936 7949 7854 8681 8195 8146 7962 8240 8099 8344 7604 7586
8720 8202 8371 8074 8548 8930 8207 7759 7996 8749 8081 8118 8109 8273 8221 8480 8599 8035 7976 8333 8978 7873 8681 8416 7974 8191 8051 8043 8259 8326 7914 8003 7929 8005 7619 8153 8123 8524 8246 8172 7878 7947 7926 8697 8600 8378 8235 8326 8291 8392 7488 8368 8593 8556 8975 8634 9060 8653 8616 8448 8487 8317 8633 8448 7894 8356 8364 7999 8748 8102 8894 8227 8090 8287 7963 8157 8347 8171 8696 8056 8178 8681 8305 7812 8559 8487 8396 8215 8801 8453 8523 8009 8518 8117 8508 8382 8190 8440 8333 8207 8372 8506 8163 8276 8224 7851 8074 7958 8301 8215 8113 8465 7800 8710 8130 7921 8452 8549 8309 8438 8493 8186 7788 8051 8513 8071 8030 8866 8887 8296 8704 8149 8521 8313 8456 7877 7915 8259 8125 8210 8496 8348 8756 8552 8266 8695 8250 8017 8151 8412 8688 7896 8583 7734 8767 8271 7885 8449 8187 8256 8729 8461 8065 8221 8308 8208 8137 7975 8639 7992 8239 8489 8241 8599 8226 8136 8268 8014 7873 8001 8100 7992 8389 8486 8380 8828 8322 8055 8559 8595 8111 8335 8078 8376 7965 8511 8201 8517 7575 8573 8208 8097 8480 8406 7988 8654 8530 8345 8385 8573 8482 7876 7580 8364 8249 8403 8332 8640 8222 8596 8260 8323 8356 7911 8946 8413 8180 8331 8515 7744 8617 8091 7706 8538 8213 8042 8655 8218 8157 8816 9023 7920 8472 8172 8930 8495 8474 8286 8050 8551 8186 7826 8177 8922 8156 8120 7957 8283 8253 8824 7947 8257 8416 8256 8429 8135 7893 8423 8003 8358 8552 8493 8093 8372 7669 8403 8401 8234 8298 7773 8355 8359 8591 8262 8403 8531 8115 8547 8685 8640 8628 8713 8549 8340 8636 8109 8413 8090 8412 8420 8562 8272 8573 8222 8430 8690 8204 8570 8930 8169 8327 8708 8384 8039 8184 7907 7867 8332 8033 8432 7822 8347 7547 8570 8459 8221 8531 8391 8045 8605 8179 8516 8193 8084 8119 8750 7547 8103 8118 8478 8377 8405 8242 8138 8357 7904 8060 8130 8294 8142 8368 8070 8124 8364 7997 8303 7849 7797 8232 8761 7950 8088 8606 8017 8127 8492 8051 7377 8350 8445 8339 8634 8060 7879 8121 8591 8367 7820 8013 8258 8850 8111 7946 8199 7914 8611 8166 8230 8175 8067 7988 8906 8015 8547 8107 8262 8601 8279 8040 7587
8360 8173 8219 7967 8131 8504 8074 7558 7981 8306 8131 8231 8137 8078 8458 8020 8184 7884 7638 8338 8290 7782 8111 8072 7771 7597 7711 8085 8507 8073 7466 7789 8146 7790 7773 7515 7662 8154 8078 7712 7618 8111 7448 8701 8170 8186 8165 7864 7969 8036 7553 7954 8458 8075 8255 8242 8782 8105 8361 8140 8109 7941 8181 8214 7845 8108 8276 7963 8304 7918 8594 7968 8028 8069 7639 8354 7991 7610 8187 7905 7804 8236 8313 7544 8056 7979 8147 7836 8233 8413 7899 8063 7778 7628 8232 8107 7978 8661 8695 7556 8144 7896 7987 8087 8190 7361 8010 7904 7668 7716 7584 8081 7882 8454 7763 7267 7967 8510 8042 8138 8221 7739 7368 7907 8122 7796 7801 8617 8463 7930 8536 8059 7898 8165 8315 7547 7425 8034 8001 7405 8195 7853 7778 8410 7904 8389 7847 7815 8121 7840 8400 7413 8146 7343 8178 7951 8121 8630 8194 7891 8534 8135 7671 8112 8223 8251 7947 7930 7939 7581 7900 8001 7840 7987 8016 8051 8048 7560 7730 7963 8031 8033 7959 8548 7944 8160 7674 8170 8439 8457 7581 7544 7659 8015 7812 8015 8083 8211 7797 8254 8141 8323 7915 7664 7915 7988 8044 7941 8368 8137 8115 7573 7381 8247 8020 8116 7751 8195 7505 8002 7498 7934 8320 7877 8656 8037 8063 8165 8017 7826 8147 7698 7714 8540 7913 7760 8012 8202 8161 8465 8335 7587 8460 7868 7989 8218 8012 8084 8212 8202 8180 7865 7685 8575 7742 8122 8047 8172 8077 8515 8044 8283 8001 8271 8148 7412 7763 8019 8017 8147 8441 8214 7653 8128 7157 7886 8134 7812 8389 7401 8343 7941 8534 7811 8050 7871 7855 8118 8261 8286 8167 7920 8436 7935 8171 7438 8061 8028 7965 7897 8265 7813 8405 7856 8115 8315 8113 8119 8509 8145 8158 8155 7742 7265 7767 8031 7847 8372 7940 8178 7932 8069 7527 8190 8264 7887 8240 7887 7810 8362 7356 8031 7924 7838 8103 8066 7090 7608 8166 8202 7934 8186 8099 8014 7770 7734 7936 8161 7759 8033 8182 8272 7556 7833 7809 8325 7833 7842 7983 8311 7611 7924 8497 8115 7896 8151 7763 7415 7870 8213 8238 8081 7784 7843 7826 8192 8151 7957 7936 7831 8521 8121 7508 8200 7384 8440 7839 7923 7721 7962 7759 8424 7805 8273 7945 7932 8186 7836 7757 7465
8415 8572 8530 8554 8573 8900 8339 7961 8345 9136 8533 8411 8852 8242 8317 8663 8589 7795 8208 8870 8666 8208 8568 8661 8277 8460 8223 8450 8508 8815 7992 8673 8587 8561 8181 8304 8107 8663 8164 8554 8078 8334 7999 8489 8407 8786 8510 8397 8190 8513 8048 8417 8898 8938 8852 8681 9434 8550 8920 8642 8447 8367 8644 8808 8163 8453 8817 8611 8850 8446 8682 8517 8272 8316 8511 8523 8346 8465 8591 8325 8218 8447 8529 8026 8444 8471 8545 8269 8997 8549 8628 7987 8975 8108 8363 8587 8418 8813 8516 8235 8780 8544 8402 8587 8564 7734 8368 8602 8265 8630 8062 8434 7997 8939 8187 8117 8793 8581 8456 8748 8419 8153 8001 8389 8251 8519 8047 9352 8891 8384 8964 8747 8386 8631 8769 8066 7820 8302 8419 8136 8496 8324 8314 8499 8627 8824 8432 8311 8614 8007 8593 8019 8851 7781 8484 8147 8326 9102 8646 8192 8688 8232 8211 8439 8650 8283 8760 8055 8768 8166 8738 8729 8443 8490 8280 8778 8617 8020 8395 8515 8404 8401 8701 8974 8362 8763 8090 8317 8958 9003 7988 8403 8021 8470 8119 8670 8610 8525 8038 8411 8032 8395 8518 8381 8094 8529 8824 8558 8936 8608 8660 8191 7748 8495 8565 8479 8292 8337 7863 8539 8040 8352 8473 8329 9086 8476 8501 8530 8659 8482 8693 8237 8030 8899 8118 7959 8595 8699 8675 8912 9172 8019 8364 8272 9054 8589 8792 8472 7907 8845 8677 8418 8035 9132 8301 7989 8315 8573 8371 8673 8355 8414 8719 8745 8138 8392 8297 8412 8211 8619 8666 8925 8013 8460 7931 8586 8166 8509 8734 8029 8674 8158 8581 8456 8445 8489 8126 8727 9155 8566 8403 8457 8683 8345 8758 8128 8427 8205 8617 8473 8729 8225 8865 8335 8307 8680 8515 8743 9089 8374 8517 8724 8329 8239 8224 8258 8362 8651 8124 8980 8680 8434 7932 8292 8270 8550 9016 8351 8344 8795 8369 8377 8418 8591 8276 8630 7837 8291 8121 8446 8663 8664 8820 8564 8763 8217 8426 8455 8440 8638 8862 8251 8041 8802 8323 8460 8158 8151 8336 8854 7795 8265 8842 8577 8136 8676 8138 7783 8174 8344 8516 8801 8529 8512 8685 8609 8329 8444 8255 8608 8983 8520 8374 8422 7982 8817 8153 8330 7957 7939 7960 8937 8249 8575 8442 8501 8664 8660 7946 8028
8311 8122 8112 7914 8179 8607 8101 7422 7883 8722 8033 7729 8301 7994 7745 8214 8531 7667 7514 8316 8621 7890 8064 8056 7932 7946 7835 7930 8284 8383 7956 8272 7599 8171 7843 7992 7790 8202 8241 8079 7402 8029 7742 8931 8337 7933 8138 8226 7668 7897 7328 8096 8455 8015 8110 8464 8614 8141 8508 8531 8095 8008 8451 8248 7782 8079 8256 7803 8185 7877 8259 7828 8040 7559 8031 7961 7873 7899 7970 7940 8171 8155 7952 7694 8121 8076 7799 7872 8272 8005 8145 7763 8110 7697 8171 8153 8265 8339 8038 7648 8462 7994 8060 8151 8315 7636 8114 7633 7996 8540 7585 8345 8073 8660 7608 7659 8371 8266 7943 8377 8134 7537 7440 8091 8405 7817 7604 8844 8443 7796 8296 8386 8054 7918 8100 7935 7502 7968 8249 7779 8294 7775 7932 8391 7785 8347 8041 8235 7792 7908 8317 7898 8055 7795 8220 8059 7921 8638 8192 7857 8609 8272 8094 8045 8330 8046 8352 7994 8404 7648 7976 8124 7803 8024 8143 7998 8158 7587 7677 8096 7848 7616 8060 8426 8073 8260 7901 7993 8488 8523 7425 7852 7234 8263 7752 8249 8096 8370 7385 8242 7988 7966 8090 8220 7879 8049 8033 7786 8357 8212 8091 7645 7531 7919 8184 8243 8151 8249 7595 7984 7960 8299 8181 7725 8675 8360 7805 8130 8362 7490 8188 8180 7712 8287 8293 7796 8104 8458 8122 8323 8267 7568 8368 7689 8395 8321 8589 7879 7911 7869 7976 7778 7568 8696 7939 7840 7809 8057 7930 8331 7992 8064 7913 7831 8119 7942 8042 8133 7920 8370 8435 8533 7473 8310 7433 8032 8045 7826 8358 7337 8211 7517 8358 7351 8223 8097 7717 8134 8450 8061 8362 8279 8425 8301 7916 7609 8090 7836 7845 7753 8044 8047 8322 7698 8143 8369 7917 8448 8637 7725 7998 8187 8100 7992 7837 7976 7920 8303 7845 8504 7966 8258 7727 8169 7712 8087 8151 7831 7783 8149 7982 7987 7917 7975 8081 8597 7422 7609 8000 8104 8263 8290 8179 7844 8055 7952 8186 8234 8247 8066 8284 8308 7543 8092 7680 8034 7792 7708 7774 8175 7783 7956 8708 7967 7920 8014 7804 7325 7938 7732 8367 8296 7810 7952 7958 8588 8006 7792 7863 8220 8279 7978 7803 8325 7776 8301 8016 8021 7833 8071 7647 8308 7746 8143 7998 8269 8348 7754 7845 7247
8192 7928 8347 8080 7886 8687 7610 7598 7818 8406 7541 7826 8142 7788 7980 8151 8388 7739 7577 8591 8314 7890 8241 7883 8037 7865 7482 8094 8158 8171 7614 7638 7986 7728 7326 7791 8183 8146 8047 8025 7212 8116 7479 8403 7518 8117 8042 8050 7886 8075 7474 7959 8504 8366 8099 8514 9066 8040 8501 8261 8129 7829 8268 8365 7842 8096 8181 7927 8517 7906 8403 7938 7774 7956 7784 8394 8265 7912 8510 7520 8006 8339 7743 7616 7886 8107 8011 7339 8293 8090 8290 7563 8020 7793 8087 8232 7919 8213 8362 7718 8207 7937 8048 8172 8379 7405 7704 7685 7930 7787 7540 7930 7824 8407 7532 7126 8322 8311 8134 7858 8254 7307 7416 7810 8133 7617 7901 8627 8285 8108 8491 7918 8213 7700 8086 8140 7357 8282 7798 7687 8162 8017 7919 8030 7650 8426 7935 7901 7912 7801 8321 7515 8025 7506 7926 7834 7665 8495 8327 7753 8238 8079 7688 8149 7841 8124 8049 7614 8255 7659 7819 8216 7995 8179 7868 8023 7603 7362 7714 7975 7936 7809 8173 8395 7648 8366 7745 7682 8423 8646 7453 7927 7386 8347 7535 8101 7969 8107 8024 8302 7683 7937 8199 7881 7978 7908 7875 8030 7986 8135 7962 7621 7210 8180 7882 8094 8020 8465 7584 7937 7948 8044 7934 8185 8551 8367 8198 7990 8066 7598 8257 7892 7436 8198 7802 7760 8000 8056 8018 8263 8251 7424 8126 7607 8360 8218 7901 8035 7764 8411 8140 7934 7742 8724 8091 7630 7866 7979 7675 8226 7628 7970 8005 8023 7956 7551 7713 7950 7862 7845 8557 8294 7572 8162 7501 7897 7923 7871 8147 7685 7793 7715 8074 7863 7862 8232 7816 8118 8452 8092 8023 8026 8233 7986 8166 7548 7881 8134 7558 7859 8139 7930 8417 7588 8018 8298 8207 8165 8615 7810 8170 7836 7924 7652 7865 7966 7844 8356 7690 8356 7994 7879 7667 7739 7896 8163 7772 8111 7699 8629 7426 7813 8096 7866 7819 8389 7241 7520 7952 7945 8057 8026 8018 7939 7970 7907 8028 8095 8250 7980 7941 7873 7498 7804 7536 7824 7656 7607 7841 7918 7593 7964 8287 7858 7910 8100 7931 7096 7727 7996 7936 8097 7884 7966 7739 8200 7633 7834 7678 7997 8441 7888 7904 8264 7639 8276 7623 7907 7820 7671 7563 8180 7821 8129 7943 8209 8230 7653 7743 7073
8450 8302 8328 7979 8442 8760 8303 7527 7850 8569 8393 8206 8377 8510 8388 8379 8726 8179 8139 8621 8389 7839 8459 8740 7974 7803 8017 8132 8626 8657 7917 8253 8226 8406 7762 8274 8234 8639 8487 8175 8046 8480 7500 8780 8027 8393 8620 8110 7950 8010 7889 8556 8484 8509 8300 8606 8770 8362 8856 8356 8251 8153 8323 8566 8373 8145 8728 8453 8385 8095 8455 8202 8437 8362 7939 8773 8429 7911 7944 8108 8170 8518 8173 8078 8263 8048 8139 8296 8426 8454 8507 7850 8437 8130 8231 8338 8270 8736 8527 8039 8501 8373 8235 8090 8412 7387 8106 7813 8265 8427 8075 8520 8247 8642 8384 7795 8700 8933 8290 8503 8183 8116 7375 8293 8192 8104 8088 8674 8865 8179 8309 8582 8031 7878 8360 7834 7831 8118 8384 7971 8251 8009 8340 8478 8183 8782 8416 8084 8415 8239 8695 7728 8312 7798 8289 8328 8100 8948 8580 8048 8666 8442 8101 8059 8627 8411 8368 8010 8464 7692 7918 8708 8206 8370 8330 8147 8492 7765 8021 7962 7996 7940 8519 8732 8090 8590 8076 8300 8315 8743 7642 7951 7713 7957 7671 7913 8137 8498 7849 8556 8163 8045 8215 7965 8298 8248 8234 8232 8356 8512 8017 7565 7653 8034 8068 8276 8235 8368 7735 8421 8318 8415 8189 8100 8817 8285 7913 8520 8470 8052 8534 8150 8004 8843 8285 8106 8210 8419 8419 8656 8348 8303 8461 8146 8475 8588 8464 8040 8005 8453 8385 8020 7949 9126 7893 8297 8075 8310 8212 8427 8129 8216 8111 8100 8353 7918 8284 8316 8097 8399 8683 8497 8064 7996 7555 8434 8298 7929 8213 7652 8494 8300 8162 7803 8248 8362 7720 8498 8916 8456 8488 8180 8628 8527 8424 7759 8304 8343 7989 8231 8324 8354 8574 7774 8164 8305 8257 8600 9165 8270 8313 8497 8027 8094 8334 8174 7995 8507 8110 8316 8234 8202 7905 7916 8492 8416 8273 8169 8034 8314 8072 8149 8271 8248 7914 8737 7411 7834 8231 8115 8306 8395 8518 8200 8232 8136 8161 8486 8363 8351 8349 8129 8132 8522 8223 8248 8160 7942 7946 8533 7707 8430 8940 8335 8020 8465 7977 7642 8367 8242 8331 8444 8192 7986 7782 8445 7921 8110 8168 8178 8516 8210 7949 8603 8164 8245 8064 8327 7870 8149 7914 8443 8308 8454 8312 8266 8598 8240 8162 7438
8446 8052 8540 8004 8743 8873 7901 7810 7902 9097 8351 8211 8847 8667 8200 8429 9043 7933 7890 8782 8501 8031 8663 8348 7953 7915 7893 8296 8634 8747 7757 8434 8470 8360 7892 8119 7981 8271 8399 8431 7789 7984 7996 8940 8379 8624 8254 8437 8324 8344 7857 8353 8851 8524 8564 8604 8995 8145 8908 8630 8431 8605 8643 8617 8296 8679 8505 8006 8751 7766 8721 8420 8357 7588 8159 8200 8379 8183 8324 8154 8063 8316 8299 7832 8212 8304 8238 8160 8536 8359 8602 7929 8504 8257 8278 8416 8273 8765 8506 8313 9081 8270 8485 8470 8485 7644 8298 8222 8037 8130 7863 8000 7999 8802 8052 7558 8830 8847 8392 8423 8224 8009 7855 8079 8499 8198 7885 8809 8764 7976 8621 8603 8134 8258 8427 7913 7797 8324 8048 7886 8437 8166 8520 8626 8245 8884 8397 8226 8272 7960 8716 7897 8528 7595 8575 8368 8346 9163 8355 8204 8892 8344 8288 8474 8354 8372 8309 7901 8537 7881 8199 8776 8204 8255 8163 8388 8319 7833 7982 8395 8289 8044 8745 8542 8101 8456 8402 8314 8611 8699 8161 8404 8100 8762 7697 7995 8540 8521 8152 8925 8381 8538 8570 8595 7840 8159 8294 8545 8645 8387 8307 8022 7824 8371 8503 8607 8018 8378 7850 8550 8309 8220 8456 8485 8767 8341 8195 8448 8275 7815 8488 8154 8047 8760 8219 7946 8275 8446 8307 8599 8948 8189 8254 7967 8996 8693 8629 8427 8184 8521 8287 8202 7870 8946 8391 8236 8377 8450 7920 8363 8283 8402 8502 8131 8427 7947 8426 8231 8387 8338 8676 8502 7993 8353 7906 8462 8517 8448 8404 7615 8670 8214 8599 7786 8415 8241 8197 8468 8803 8496 8372 8639 8462 8271 8580 8040 8565 8615 8265 8224 8554 8209 8500 7646 8592 8651 8320 8647 8955 8331 8385 8604 8187 8104 8364 8117 7893 8189 7960 8571 8427 8054 8130 8365 8524 8519 8320 8223 7947 8663 7892 8125 8387 8079 7806 8772 7555 8078 8120 8259 8601 8506 8348 8283 8299 8070 8364 8422 8614 8293 8662 8221 8260 8164 8355 8270 7914 8137 8352 8463 8085 8410 8930 8165 8083 8256 8508 7778 8266 8542 8668 8774 8291 8002 8419 8417 8061 8123 8122 8114 8853 8077 8200 8660 8009 8537 8155 7837 7878 8191 7937 8623 7806 8543 8322 8497 8405 8422 8009 8041
8191 7968 8160 8070 8304 8312 7980 7596 7790 8437 8296 7991 8244 8437 7956 8418 8363 7569 7883 8314 8505 8013 8245 8123 8191 8167 8086 7829 8222 8182 7678 8136 7777 8245 7538 8066 8034 8301 8142 8144 7687 8261 7826 8713 8268 7965 8425 8333 7999 8426 7815 8155 8584 8131 8496 8161 8606 8251 8383 8427 8248 8052 8131 8522 7967 8118 8556 7991 8394 8055 8801 8225 8158 8146 7915 8290 8333 8214 8491 8227 7895 8002 8178 7854 7895 8134 8157 8219 8666 8024 8329 7566 8108 7908 8447 8139 7833 7967 8326 7728 8565 8354 8145 8176 8129 7192 8055 8020 7858 8195 7987 8137 7757 8469 7895 7688 8467 8284 7928 8447 8328 7794 7555 7886 8206 8068 7790 8836 8800 7728 8534 8215 7988 7778 8284 7818 7712 8033 8186 7767 8405 8194 8301 8026 7752 8572 8155 8025 7957 8249 8552 7612 8439 7945 8251 8277 8069 8703 8463 8565 8449 8145 8124 7983 8331 8423 8152 7857 8275 7679 8030 8497 7963 8162 8094 8028 8129 7815 7911 8138 7941 7761 8335 8673 7823 8382 7888 8107 8317 8667 7507 8224 7549 8493 7654 8068 8081 8126 7853 8515 8030 8123 8365 7963 8191 8032 7929 7858 7977 8216 8305 7418 7664 7661 8314 8053 7822 8100 7997 8103 8035 8534 8200 8087 8849 8464 8057 8263 8217 7833 8092 7939 7649 8441 7795 7611 8408 8217 8262 8376 8264 7784 8722 7958 8492 8183 7960 8181 8114 8499 8087 7713 7777 9049 8040 8151 7815 8274 8160 8464 7794 8381 7791 7972 7998 8036 7719 8261 8006 8303 8111 8372 8175 8432 7497 8201 8431 7891 8209 7987 8393 7888 8068 7800 8564 8246 8092 8272 8632 8273 7997 8509 8435 8214 8122 7897 8183 8213 7978 8109 8745 8200 8214 7689 8150 8297 8232 8323 8662 7898 8072 8257 7808 7801 8060 8192 7816 8156 8051 8311 8024 8339 7753 8211 7689 7922 8218 8199 7848 8633 7819 8397 7858 7959 7973 8536 7636 8232 8015 8121 8215 8188 8260 7586 7990 8234 8297 7829 8403 8315 8272 7971 7726 8287 8019 8079 7946 8047 8099 8116 7983 8107 8747 8320 7996 8154 7911 7592 7879 8155 8376 7965 7713 7953 7710 8479 8077 8025 8229 8162 8561 8076 7809 8172 7984 8288 7847 8026 7829 7957 7763 8591 7740 8434 8202 8443 8287 7927 7691 7365
8915 8238 8480 8233 8614 8529 8450 8034 8383 9243 8282 8302 8415 8447 8554 8649 8838 8051 8112 8645 8858 7918 8570 8473 8540 8216 8126 8652 8743 8615 7710 8432 8094 8244 7652 8358 8202 8674 8557 8287 8221 8271 8077 8645 8359 8461 8807 8543 8051 8259 8027 8475 8791 8561 8376 8629 9157 8509 9027 8622 8490 8278 8800 8889 8122 8345 8661 8369 8706 8004 8747 8289 8353 8056 8224 8238 8413 8233 8544 8202 8494 8543 8575 8064 8336 8300 8476 8231 8712 8445 8724 7784 8559 8525 8523 8847 8361 8749 8762 8123 8811 8289 8095 8687 8638 7845 8153 8281 8211 8584 8271 8158 7914 8624 8360 7846 8373 8601 8114 8673 8391 8048 7815 8250 8147 8347 8008 9006 8680 8585 8912 8440 8218 8220 8889 8093 7822 8449 8563 8088 8341 8316 8595 8628 8213 8841 8527 8414 8347 8562 8566 7823 8398 7678 8782 8393 8166 9166 8489 8159 9023 8131 8110 8438 8452 8580 8292 8408 8636 7906 8645 8714 8422 8426 8084 8486 8446 8129 8153 8460 8553 8102 8403 8725 8082 8445 8163 8205 8812 8991 7871 8367 7957 8628 7962 8283 8156 8631 8045 8832 8336 8257 8316 8186 8255 8363 8368 8300 8570 8313 8422 7952 7874 8316 8317 8242 8240 8583 7898 8357 8094 8510 8239 8410 8870 8531 8266 8546 8412 8124 8455 8141 7828 8696 8086 8385 8511 8668 8323 8488 8658 8196 8268 8189 8576 8715 8606 8305 8062 8674 8660 8040 8186 9043 8016 8427 8365 8664 8479 8786 8517 8472 8741 8253 8559 8326 8428 8635 8291 8618 8629 8596 7933 8162 7680 8291 8192 8256 8511 8014 8588 8120 8818 7964 8536 8575 8131 8413 9196 8517 8716 8343 8788 8396 8715 8062 8551 7986 8308 8605 8640 8575 8737 8171 8638 8843 8457 8597 8574 8221 8311 8709 8259 7988 8523 7913 8437 8793 8146 8612 8381 8390 7865 8360 8439 8307 8503 8171 7898 8575 7908 8396 8854 8288 8140 8395 7430 8236 8503 8150 8548 8634 8802 8160 8288 8129 8474 8560 8473 8314 8403 8142 8249 8577 7948 8370 8182 8112 8138 8571 8053 8227 8960 8070 8239 8272 8225 7713 8449 8374 8399 8553 8554 8186 8313 8419 8077 8116 8186 8029 9067 8198 8093 8270 7993 8594 8698 8312 7865 8275 8213 8866 8227 8450 8640 8539 8573 8482 7795 8150
7602 7478 7787 7556 7766 7975 7465 7048 7410 7922 7566 7290 7634 7583 7256 7546 7724 7560 7244 7573 7511 7239 8294 7699 7540 7600 7359 7723 7746 7841 7112 7734 7316 7632 7139 7353 7025 7933 7495 7226 6971 7439 7244 7894 7627 7638 7725 7467 7382 7527 7243 7505 7950 7405 7554 7575 8204 7563 7640 7859 7664 7318 7675 7687 7392 7579 7759 7556 7624 7287 8078 7665 7316 7377 7128 7474 7715 7181 7689 7629 7352 7604 7554 7059 7513 7686 7587 7454 7677 7267 7845 7088 7450 6992 7077 7597 7670 8178 7727 7193 7679 7555 7280 7496 7403 6784 7430 7329 7550 7376 7431 7675 7284 7880 7414 6924 7522 7784 7748 7555 7454 7049 7301 7180 7754 7335 7104 7904 8154 7416 7359 7696 7263 7290 7718 6935 6866 7567 7654 7308 7865 7605 7445 7630 7829 7616 7526 7832 7359 7638 8042 7193 8042 7024 7716 7526 7518 8045 7581 7649 7691 7653 7492 7429 7745 7419 7499 7122 7696 7300 7546 7762 7641 7543 7413 7670 7465 7078 7490 7411 7494 7752 7528 7747 7376 7964 7219 7648 7728 7787 7221 7328 6951 7638 7017 7418 7383 7603 7006 7627 7395 7653 7332 7165 7394 7422 7662 7534 7618 7661 7325 7335 6948 7631 7626 7655 7470 7187 6886 7749 7249 7792 7498 7667 8210 7498 7679 7267 7227 7130 7256 7316 7150 8162 7675 7352 7448 7499 7791 7377 7597 7363 7684 7118 7780 7671 7597 7426 7320 7521 7786 7332 7644 8161 7439 7394 7257 7382 7082 7511 7461 7243 7312 7575 7652 7237 7387 7634 7572 7729 7625 7817 7022 7512 6576 7710 7768 7659 7264 6878 7958 7128 7814 7016 7766 7654 7416 7471 8181 7557 7732 7570 7657 7668 7280 7032 7478 7524 7517 7593 8004 7332 7663 7198 7483 7710 7643 7539 7852 7438 7557 7908 7393 7289 7433 7447 7184 7634 7479 7838 7611 7571 7210 7355 7552 7921 7787 7277 7423 7538 7170 7311 7499 7634 7026 8012 6978 7248 7472 7549 7469 7803 7759 7643 7285 7380 7622 7599 7564 7637 7508 7190 7143 7705 7635 7639 7384 7325 7157 7761 7237 7316 7954 7615 7321 7949 7559 6875 7385 7347 7684 7723 7579 7647 7363 7524 7078 7287 7643 7335 7598 7276 7310 7723 7162 7762 7198 7624 7558 7202 7205 7546 7318 7735 7506 7822 7930 7429 7240 6727
8391 8622 8828 8247 8364 8712 8231 7958 7911 8899 8275 8264 8579 8624 8023 8521 8882 7777 8162 8504 8466 8152 8784 8394 8463 8021 8208 7976 8704 8858 7746 8336 8378 8365 7912 8056 7769 8572 8464 8047 7931 8487 8259 8692 8178 8049 8054 8230 8182 8167 7885 8708 8497 8349 8504 8684 8922 8507 8744 8792 8228 8156 8363 8404 8271 8258 8508 8534 8417 7867 8488 8482 8255 8429 7793 8436 8087 8325 8596 8482 8038 8244 8163 7913 8332 8520 8219 8307 8941 8342 8450 7855 8372 7587 8193 8350 8084 9080 8712 8185 8670 8286 8172 8326 8413 7583 8304 8200 8216 8382 8143 8249 7991 8567 7995 7871 8469 8501 8737 8282 8384 8265 7524 8206 8318 8146 8115 8875 8838 8014 8722 8780 8413 8197 8541 7806 7742 8321 8203 8031 8442 8236 8329 8986 8140 8658 8515 8293 8311 8088 8965 7966 8381 7830 8614 8359 8158 8735 8536 8202 8640 8343 8089 8274 8637 8835 8278 8163 8498 8095 8239 8622 8226 8483 8246 8387 8295 7715 8092 8082 8356 8245 8367 8867 8305 8688 8237 8260 8964 8729 7782 7977 7925 8561 8104 8150 8426 8571 8056 8402 8048 8429 8325 7957 8398 8573 8664 8356 8497 8458 8227 7728 7852 8114 8403 8462 8211 8341 8265 8313 8327 8338 8177 8322 9227 8220 8755 8264 8605 7713 8688 7960 7942 8525 8275 8238 8255 8577 8448 8538 8560 8392 8796 8146 8735 8490 8399 8529 8035 8337 8247 8062 8238 9096 8377 8039 8243 8305 8333 8223 8470 8315 7854 8315 8125 8105 8209 8459 7995 8446 8457 8493 8270 8421 7529 8829 8287 7850 8452 7771 8368 7935 8752 7912 8620 8345 8185 8222 9046 8339 8199 8699 8801 8515 8601 7556 8609 8109 8224 8291 8777 8133 8807 7813 8755 8673 8570 8479 9007 8240 8209 8275 8491 8160 8155 7866 7934 8430 8214 8874 8207 8359 7890 8401 8164 8481 8304 8317 7999 8874 8084 8199 8450 8484 8237 8685 7480 8012 8165 8334 8442 8375 8330 8351 8379 8225 8599 8401 8386 8390 8432 8283 8029 8250 8293 8227 8084 8064 8320 8525 7957 8398 8748 8310 8305 8558 8419 7950 8411 8358 8371 8495 8327 8359 7813 8669 8324 7893 8341 8754 8620 8109 8199 8306 7972 8443 8329 8445 8310 8342 7785 8635 8132 8088 8203 8650 8616 8118 7935 7561
7919 7918 7835 7968 8059 8133 7866 7420 7833 8685 7765 7890 8258 8052 7699 7887 8421 7400 7720 8380 8347 7677 8153 7917 8190 7764 7701 8007 8017 8041 7587 7822 7763 8070 7423 7744 7676 8291 7927 8061 7508 7819 7352 8100 7952 8289 8274 8045 7440 7815 7617 8035 7992 8155 8104 8249 8592 8103 8634 8113 7919 7596 7706 8388 7704 7899 7894 7754 8398 7880 8169 7687 7578 7641 7510 8012 7719 7809 7896 8023 7788 8245 8072 7687 7946 7640 7968 7873 8136 7935 7938 8002 7928 7823 7924 8054 8041 8359 8135 7786 8292 7723 8074 8297 8223 7342 7590 7613 7830 8208 7654 7868 7685 8379 7677 7556 8168 8179 7968 8197 7654 7822 7325 7406 7749 7609 7504 8291 8168 7838 8128 8143 7938 7643 8202 7494 7351 7462 8299 7540 7995 7837 7871 8226 7746 7947 7925 8060 7994 7803 8183 7441 8007 7454 7857 7841 7677 8597 8151 7623 8410 7794 7500 7751 8446 7940 8002 7625 8179 7350 7805 8206 7979 8178 7946 7882 8089 7478 7880 7648 7763 7812 7642 8350 7756 8392 7659 7858 8384 8282 7465 7533 7341 7853 7569 7880 7697 8039 7207 7876 7683 8195 7830 7975 8021 7800 7731 7914 7761 8074 7967 7472 7366 7857 8023 8028 7655 8163 7707 8096 7496 8180 7984 7916 8570 8142 7698 7966 8211 7758 8116 7528 7513 8208 8008 8124 8248 8336 8021 8276 7973 7665 8176 7683 8457 8119 8009 7901 7694 7870 7988 7878 7443 8541 7872 7692 7699 7950 7659 8185 7968 7936 8027 7865 7693 7676 7761 8198 7804 8056 8179 8190 7580 7865 7254 7890 7823 7904 8056 7442 8198 7720 8026 7475 7628 7874 7579 8078 8350 8098 8360 7771 7979 7939 8223 7694 7992 7710 7966 7606 8104 7781 8094 7705 7825 7887 7895 8206 8295 7546 7795 8289 7773 7706 7623 7641 7803 8056 7416 8025 8037 8019 7397 7701 7884 7626 8203 7663 7545 8222 7797 7873 8017 7695 7808 8260 7277 7979 7947 7834 7867 8086 8164 7561 8005 7581 8120 8164 7757 8026 7806 7829 7621 7939 7500 7691 8004 7356 7709 8231 7694 7748 8308 7710 7733 7938 7773 7211 7694 7997 7778 8019 7809 7706 7733 8132 7630 7791 7850 7859 8176 7546 7632 8017 7716 8385 7955 7896 7775 7581 7530 8091 7662 7900 7594 8229 7885 8027 7269 7023
8587 8591 8148 7928 8063 8572 8468 7341 7908 8434 8337 8237 7845 8410 7839 8469 8581 7868 7869 8446 8847 7936 8138 8344 8397 8221 8300 8018 8228 8489 7893 8098 8112 8316 7768 8467 8010 8564 8357 8543 7803 8215 7750 8743 8023 8577 8578 8608 7911 8081 7876 8285 8587 8215 8714 8551 8781 8014 8440 8641 8346 8436 8387 8567 8007 8034 8635 8045 8552 7910 8526 8397 8024 8088 7929 8334 8326 8179 8331 8246 7951 8471 8263 8095 8345 8351 8345 7950 8690 8236 8601 8175 8349 8248 8465 8356 8213 8739 8174 8091 8369 8488 8222 8341 8558 7484 7779 8042 8032 8488 7822 8262 7949 8755 8217 8142 8448 8688 8359 8468 8124 7674 7914 7917 8286 7841 7861 8879 8692 8339 8470 8787 8038 8301 8707 7686 7800 8288 8156 8137 8584 8295 8153 8460 8017 8628 8361 8099 8318 8300 8835 8023 8475 7866 8193 8066 8373 8905 8382 8227 8586 8266 8131 8119 8437 8343 8339 8052 8448 7861 8423 8261 8063 8326 8127 8189 8306 8013 8107 7989 8081 8089 8427 8429 8348 8458 7978 8194 8548 8981 7523 8419 7422 8519 7898 8276 7977 8185 8098 8211 8318 8228 7786 8248 8368 8143 8002 8156 8567 8498 8582 7658 7662 8249 8046 8272 8275 8296 7766 8291 8356 8386 8123 8170 8809 8340 8470 8481 8675 8105 8193 7863 7962 8904 8294 8088 8525 8439 8310 8553 8230 7790 8713 8020 8824 8428 8425 8107 8060 8422 8164 7902 7823 9252 8051 8025 8069 8268 8111 8512 7745 8247 8099 8035 8335 7926 8113 8516 7947 8532 8328 8408 8109 8446 7601 8393 8314 8195 8385 7656 8214 8114 8555 7720 8162 8359 7910 8346 8653 8453 8471 8294 8239 8196 8197 7613 8256 8463 8269 8185 8169 7996 8207 7950 8309 8296 8103 8306 9074 8028 8370 8523 7963 8096 7886 7941 7778 8433 7963 8115 7918 8448 7809 8408 8083 8067 8198 8195 7899 8499 7958 8226 7937 8149 7970 8528 7581 8077 8138 8322 8221 8487 8473 8354 8493 8109 8281 8178 8369 8333 8454 7997 7872 8158 7863 8228 8080 7738 7893 8299 7644 7959 8767 8466 7954 8328 8240 7647 8347 8020 8290 8324 8358 8153 7866 8324 8216 8106 7849 8234 8742 7981 7796 8381 7985 8412 7836 8413 7889 8058 8003 8327 8142 8627 8122 8395 8582 8159 7797 7586
8412 7867 8153 7912 8118 8449 7989 7546 7770 8639 8016 7900 7964 8431 7805 7894 8353 7551 7747 8259 8325 7582 8126 8338 8030 7748 7732 8326 8170 8177 7461 8035 8065 7899 7727 7679 7777 8163 8431 7784 7463 8080 7618 8202 8146 8138 8409 7949 7468 7972 7559 7961 8271 7936 8159 8195 8500 8159 8651 8115 8026 7859 7894 8611 7925 8212 7975 7835 8135 7664 8222 7783 8059 7919 7857 8199 8064 7676 8057 7940 8114 8035 8233 7386 8213 8181 7965 7804 8405 8146 8051 7608 8171 7949 8237 8260 8181 8633 8019 7762 8249 8104 8104 7743 7938 7337 7834 7879 7949 8029 7758 7904 7587 8391 7810 7485 7982 8224 8137 8171 8421 7779 7453 7772 8050 7704 7810 8557 8705 8077 8442 8356 7951 8023 8221 7718 7257 7943 8164 7828 8295 7936 7960 7785 7911 8272 8010 8274 8082 7743 8192 7863 8120 7739 7710 8347 7523 8529 8198 7798 8363 7972 7827 8194 8076 7889 7961 8092 8052 7682 8187 8392 7810 8054 8408 8232 8162 7844 7736 8171 7886 8135 8195 8491 7745 8309 8093 7836 8025 8263 7420 8031 7512 8469 7486 8093 7663 8158 7614 8218 8023 7950 7967 7856 8100 7939 8072 7901 8458 8167 8130 7676 7378 7896 7949 8226 8196 8137 7413 8060 7931 7933 8179 7886 8518 8061 8269 7901 8487 7793 8435 7923 7740 8553 8127 7679 7950 8442 8184 8245 8219 7968 8374 8044 8538 8436 8379 7768 7923 8206 8200 7598 7889 8657 7568 7891 8007 7969 8070 8457 8159 7989 7551 8227 8025 7797 7969 8232 8065 8081 8116 8449 7456 7808 7413 7559 8124 7726 8076 7511 8190 8062 7982 7439 7951 8192 7911 8269 8489 8300 8260 8030 8545 8274 7821 7655 8112 8013 7926 7986 8155 7822 8355 7851 8045 8410 8154 8112 8558 8132 7974 8146 7882 7597 7892 7967 8046 8324 8000 8133 8149 8409 7481 8034 8133 8228 8010 8004 7621 8069 7667 7571 7950 7730 7823 8407 7216 7857 7821 8071 7851 8403 8217 8087 8006 7879 7970 8124 8043 7762 8315 7996 7647 8105 7975 7967 7904 7825 8019 8107 7950 8165 8487 8001 8044 8140 8141 7401 8137 8004 7919 7935 7962 8089 8121 8418 7591 7596 8163 7875 8316 7775 7813 8228 8018 7951 8145 7971 7621 8067 7631 8169 7700 8290 8109 8206 8095 7735 7520 7471
8238 8045 8050 7737 8060 8600 8077 7591 7958 8391 8313 8053 8177 8007 7897 8312 8592 7925 7713 8559 8230 7600 8142 8407 8059 8053 7818 7773 8568 8389 7927 8287 7989 8123 7409 7880 7744 8180 8015 7904 7650 8025 7362 8661 7937 8398 8310 7930 7767 8013 8029 8402 8471 8225 8453 8116 8961 8206 8759 8192 8048 7692 8396 8418 7756 7984 7952 7967 8340 8020 8010 8034 8018 8072 7567 8234 8036 7860 7898 8282 7797 8200 8010 7708 8433 7933 7924 8048 8797 8465 7969 7752 7916 7918 8242 8232 8243 8584 8366 7831 8505 8181 8303 8205 8582 7496 8006 7824 7925 8010 7933 7944 7859 8653 7806 7896 8454 8316 7955 8229 8215 7747 7567 7812 8103 7514 7988 8731 8351 7715 8321 8008 7685 7954 8161 7377 7822 7734 7916 7882 7987 7826 8173 8600 7828 8480 8182 8061 8215 8221 8475 7507 8130 7384 8161 8197 7927 8581 8195 7880 8082 8208 8108 7854 8233 8006 8103 7588 8231 7721 8066 8326 8142 8249 7946 8298 8048 7877 7884 7910 7994 8018 7930 8388 8098 8294 7765 7938 8714 8580 7488 7995 7494 8180 7588 8021 8194 8124 7703 8413 7963 8273 8146 8175 7916 8109 8210 8372 8219 8190 8084 7467 7346 7954 7946 8417 7724 8465 7478 8119 7795 8187 7962 8045 8665 8294 8207 8046 8088 7885 8193 7908 7547 8429 7637 7942 8206 7942 7981 8214 8228 7868 8060 7777 8348 8350 8047 8218 7797 8215 8054 7996 7646 8781 7829 7723 7932 8320 8243 8145 7823 8030 8030 8074 8069 7734 7937 8094 7900 8188 8136 8213 7692 8152 7328 8334 8103 7942 8340 7544 8131 7846 8671 7796 8127 8213 7811 8252 8238 8444 8046 8178 8688 8177 8327 7717 8030 8181 7989 7915 8443 7895 8365 7787 7823 8621 8101 8200 8690 7908 7899 8208 8256 8090 8034 7608 7863 8226 7675 8244 8025 8027 7641 7977 7847 7943 8109 7973 7738 8460 7573 7894 8198 8167 8070 8245 7395 7687 7717 8213 8078 8069 8346 7958 8698 7874 8417 7809 8343 8293 8086 7801 7855 7979 7861 8189 7976 7614 8067 8326 7647 7733 8707 8064 7751 8178 7751 7249 8071 8135 7715 8334 7929 8225 7723 8025 8008 7956 7805 7988 8415 8207 7823 8192 8059 8297 7924 7933 7827 8005 7644 8508 7758 8085 8151 8135 8362 7961 8072 7574
8380 8413 8571 8023 8300 8789 8385 7559 8248 8704 8086 8183 8225 8186 8161 8531 8747 8042 8097 8571 8572 7748 8555 8783 8461 8470 8070 8171 8221 8563 7697 8288 8138 8338 7833 8355 7975 8360 8650 8493 7888 8440 7992 8777 8182 8573 8489 8213 8035 8440 7737 8276 8544 8814 8495 8257 8904 8077 8707 8266 8166 8316 8891 8886 7998 8392 8761 8444 8660 8102 8595 8367 8089 8287 7751 8488 8489 8503 8485 8465 8262 8497 8401 7992 8510 8114 8397 8500 8635 8666 8653 7948 8531 8281 8439 8348 8436 8841 8405 7955 8537 8340 8539 8522 8501 7412 8452 8276 8063 8375 8103 8310 8135 8902 8073 7637 8740 8528 8390 8706 8359 7912 7918 8157 8414 8087 8111 8914 8754 8660 8709 8519 8484 8424 8255 8262 7614 8502 8494 8194 8481 8220 8441 8377 8301 8565 8529 8382 8365 8324 8707 8122 8393 8008 8205 8224 7946 9188 8555 8562 8776 8331 8060 8529 8625 8326 8124 8038 8817 8284 8705 8438 8347 8400 8501 8472 8230 8090 8127 8249 8125 8179 8363 8540 8465 8855 8344 8200 8917 8522 7742 8357 7948 8466 8070 8361 8238 8562 8235 8422 8488 8162 8271 8232 8252 8838 8110 8009 8511 8467 8387 7806 7690 8256 8194 8742 8239 8434 8309 8379 8282 7841 8099 8363 9206 8315 8503 8733 8122 7918 8522 8211 7750 8661 8119 8119 8459 8691 8382 8466 8701 7851 8761 7970 8555 8580 8337 8293 8223 8469 8626 8057 8097 9026 8075 8188 7900 8432 8138 8736 8091 8387 8308 8100 8479 8086 8307 8458 8041 8725 8540 8208 7936 8554 7797 8553 8267 8052 8592 7852 8461 8038 8308 8135 8333 8155 8205 8187 8988 8282 8144 8800 8519 8605 8481 8076 8320 8465 8388 8398 8661 8630 8636 8253 8836 8739 8401 8409 9029 8170 8640 9043 8130 8267 8257 8080 8106 8990 8516 8470 8272 8404 8003 8555 8176 8229 8109 8356 7855 8353 7594 8249 8369 8384 7978 8770 7762 7991 8275 8458 8212 8529 8754 8538 8422 7920 8418 8094 8607 8532 8402 8209 7833 8625 7934 8536 8026 7994 7954 8266 7732 8418 8797 8483 8466 8327 8113 7627 8061 8174 8110 8202 8116 8384 7976 8442 8283 7948 8143 8072 8789 8306 8166 8454 7887 8811 8029 8197 8141 7753 7645 8706 7971 8335 8360 8560 8482 8142 7993 7530
7900 8024 8145 7358 7799 8018 7684 7125 7692 8493 7538 7668 7771 7895 7526 8248 8126 7250 7291 8210 8251 7274 7843 7987 7570 7568 7700 7612 7879 8071 7777 7828 8003 7652 7200 7587 7574 7779 7620 7637 7529 7764 7290 8356 7906 8153 7855 7674 7413 7612 7237 7771 8301 7778 7983 8129 8635 7723 8055 8084 7782 7825 7973 8077 7708 7853 8005 7610 7559 7663 7939 7580 7719 7425 7271 8200 7924 7771 7488 7496 7503 8114 7818 7254 7809 7922 7489 7611 8121 7926 8027 7604 7878 7848 7927 7958 7807 8117 7750 7643 8197 7861 7773 7617 7938 6947 7569 7360 7533 7644 7493 7400 7591 8114 7719 7518 7744 8072 7690 7882 7646 7357 7153 7238 7663 7605 7591 8311 8056 7564 8157 7771 7255 7561 8158 7470 7185 7919 7800 7618 7822 7714 7991 7998 7685 8031 7803 7684 7671 7512 8273 7563 8132 7288 7639 8370 7877 8132 7866 7597 7934 8055 7809 7960 7863 7557 7805 7400 7793 7278 7910 8070 7952 7868 7904 7759 7715 7247 7381 7692 7633 7637 7966 7952 7350 8137 7555 7815 8218 8152 7345 7739 7166 7996 7153 7822 7653 7826 7547 7846 7598 7726 8075 7774 7741 7669 7755 7396 8080 7854 7945 7184 7110 7654 7818 7872 7481 7682 7111 7843 7767 7839 7675 7828 8479 7608 7723 8020 8148 7319 8107 7421 7299 8210 7836 7337 7908 7774 7743 7803 8017 7335 7731 7443 8228 7891 7893 7437 7401 8128 7704 7493 7207 8457 7803 7717 7722 7961 7761 8257 7725 7951 7837 7702 7828 7513 7876 7689 7655 7911 7819 7865 7702 7781 7254 7655 7721 7651 7968 7171 8060 7717 8020 7253 7669 8105 7875 7803 8227 7849 8271 7842 7769 8161 8125 7359 7836 7868 7860 7696 7769 7463 8309 7564 7993 7761 7728 8210 8134 7554 7832 7753 7507 7534 7671 7771 7662 7738 7467 7949 7809 7702 7304 7716 7929 7755 7929 7674 7753 7914 7617 7888 7794 7569 7372 8114 6787 7249 7769 7597 7583 7860 7911 7506 7822 7314 8086 7836 7875 7701 7968 7746 7472 7641 7499 7656 7503 7631 7591 7804 7152 7816 7994 7811 7362 7784 7768 6958 7679 7633 7854 7681 7949 8006 7467 8141 7766 7596 7372 7478 8142 7866 7569 7737 7372 7686 7500 7691 7474 7652 7387 8088 7401 7885 7450 8012 8004 7887 7733 7477
8574 8249 8339 8064 8254 8533 7956 8035 8001 9050 8144 8111 8479 8332 8342 8391 8368 7833 8110 8459 8613 8118 8393 8376 7965 8303 8075 8066 8787 8399 8070 8259 8119 8359 7716 8388 7854 8465 8249 8084 8073 8270 7682 8589 8036 8636 8643 8577 7749 8381 7716 8562 8546 8427 8216 8590 9030 8524 9119 8469 8202 8137 8212 8398 8255 8075 8308 8284 8692 7876 8442 8228 8153 7977 8034 8468 8329 8445 8317 8265 7923 8493 8590 8024 7880 8461 8324 8471 8494 8328 8337 8007 8654 7914 8804 8667 8480 8478 8570 8073 8542 8011 8514 8250 8643 7569 8068 7909 8252 8511 8177 7982 8068 8608 8342 7656 8475 8610 8367 8403 8191 8229 7862 8211 8432 7851 8000 8848 8920 8013 8483 8169 7992 8007 8425 8032 7417 8292 8100 8019 8522 7829 8049 8401 8319 8428 8437 8339 8290 8429 8773 7790 8403 8051 8204 8474 8025 8823 8369 8351 8410 8130 7882 8194 8378 8442 8452 7969 8871 7905 8196 8541 8391 8406 8445 8283 8290 8162 7994 8395 8280 8194 8544 8477 7925 8516 7806 8146 8890 8497 7674 8081 7892 8342 8037 8142 7989 8433 7998 8457 8537 8132 8519 8062 8488 8093 7938 8305 8175 8290 7857 7920 7639 8076 8188 8441 8025 8566 7621 8103 8240 8310 8168 8309 9198 8567 8464 8252 8427 7741 8625 8075 7921 8488 8183 8273 8310 8466 8348 8626 8566 8231 8653 8429 8907 8844 8611 8348 8230 8422 8258 8069 8193 8606 8330 7905 8451 8385 8200 8455 8320 8389 8423 8458 8261 8019 7863 8633 7958 8362 8607 8429 7629 8194 7830 8541 8454 8189 8618 7746 8491 8123 8452 7677 8577 8256 8189 8198 8805 8458 8700 8171 8411 8255 8495 8012 8692 8290 8433 8466 8458 8438 8772 7599 8569 8817 8251 8232 8828 8223 8285 8564 8161 8035 8321 7971 7971 8412 8298 8569 8233 8705 7772 8288 8404 8534 8517 8141 7550 8164 7793 7905 8140 8382 8248 8949 7679 7690 8125 8266 8640 8282 8319 8284 8395 7979 8487 8877 8345 8609 8375 8118 8173 8389 7963 8261 8115 7886 8186 8084 7831 8406 8597 8187 7981 8385 8361 7841 8315 8088 8325 8357 8274 8242 8029 8232 7829 8265 7958 8271 8554 8090 8257 8609 8151 8735 8030 8334 8125 8152 7947 8480 7911 8481 8032 8790 8432 8024 7992 7722
8665 8564 8609 8557 8406 9004 8377 7789 8292 9059 8587 8319 8638 8617 8384 8559 8717 8081 8196 8761 8738 8256 8879 8775 8354 8553 8285 8335 8572 9106 8013 8703 8549 8318 7946 8365 8158 8429 8126 8243 8157 8335 7869 8963 8320 8463 8631 8388 8187 8360 8236 8491 9041 8566 8754 9024 9118 8622 9055 8740 8382 8749 8382 8987 8344 8510 8895 8748 9019 8487 8848 8439 8670 8321 8224 8721 8300 8547 8562 8800 8416 8493 8647 8214 8486 8165 8620 8514 9150 8448 8750 8063 8576 8255 8686 8541 8416 8978 8873 8582 8694 8677 8560 8510 8806 7702 8409 8219 8403 8471 8341 8567 8616 8880 8308 7871 8836 8902 8671 8326 8272 8221 8048 8177 8601 8223 8004 9250 8789 8389 9014 8562 8518 8427 8556 8329 7686 8381 8294 8546 9025 8344 8510 8613 8708 9031 8819 8305 8682 8336 9147 8093 8676 8098 8555 8600 8521 9169 8863 8573 8699 8689 8348 8387 8749 8807 8654 8327 8888 8077 8353 8942 8559 8565 8260 8367 8493 8091 7995 8711 8363 8561 8603 8943 8394 8958 8198 8541 8757 8841 8020 8384 7962 8434 7899 8435 8301 8873 7993 8683 8205 8416 8616 8226 8388 8544 8255 8308 8421 8628 8674 8120 7631 8442 8498 8635 8604 8543 8261 8545 8361 8954 8345 8659 9267 8752 8674 8613 8821 8128 8667 8590 7976 8891 8386 8312 8798 8515 8594 8718 8896 8139 8874 8290 8756 8914 8895 8456 8413 8647 8342 8274 8269 9097 8331 8390 8261 8644 8382 8916 8440 8348 8473 8517 8284 8291 8548 8808 8368 8753 8796 8717 8312 8652 8116 8699 8419 8460 8528 7882 8627 8181 8741 8016 8678 8361 8480 8489 9074 8614 8854 8727 8511 8777 8445 7928 8769 8654 8703 8456 8791 8337 9226 8248 8617 8910 8410 8940 9129 8855 8529 8773 8358 8344 8367 7740 8383 8669 8221 8867 8435 8441 8192 8394 8103 8236 8683 8708 8280 8700 8496 8032 8325 8214 7948 9317 7583 8325 8263 8504 8572 8406 8559 8538 8415 8313 8464 8527 8595 8577 8677 7912 8448 8767 8258 8395 8333 7878 8149 8504 8133 8462 9024 8785 8487 8753 8301 7508 8487 8426 8459 8719 8487 8247 8573 8712 8261 8460 8473 8538 8769 8369 8257 8777 7911 8855 8392 8688 8152 8683 8040 9005 8123 8487 8182 8586 8944 8515 8302 7757
8497 8475 8230 8396 8978 8859 8194 7845 7847 9052 8283 8104 8136 8334 8255 8594 8521 7939 7843 8399 8451 7619 8429 8719 8542 8211 8027 7903 8605 8450 8190 8063 8126 8190 7971 8214 7745 8544 8133 8150 7964 8078 7764 8740 8288 8413 8630 8501 7745 8084 8294 8447 8607 8480 8720 8414 9052 8391 8658 8583 8221 8082 8620 8625 7972 8437 8219 7942 8377 8153 8325 8363 8078 7703 8050 8711 8127 8046 8067 7919 8481 8371 8545 7788 8354 8209 8357 7977 8960 8390 8914 7953 8427 8208 8824 8332 8471 8596 8559 8069 8840 8017 8032 8310 8576 7590 7912 8233 8281 8386 7899 8228 8210 8644 8200 7740 8629 8828 8357 8338 8043 7893 7752 8057 8075 8312 7820 8694 8517 8431 8857 8388 8113 8037 8381 7972 7983 8099 8233 8015 8510 8271 8415 8685 8188 8524 8561 8215 8438 8403 8520 7802 8606 7790 8148 8310 8039 8772 8547 7946 8483 8266 8205 8160 8630 8307 8523 8257 8563 7800 8447 8575 8600 8498 8042 8236 8406 7823 7969 8351 8078 8378 8739 8704 8211 8647 7961 8009 8896 8642 7916 8004 7692 8442 7699 8514 8040 8479 7996 8269 8307 8079 8546 8276 8609 8621 8465 8048 8242 8294 8831 7756 7410 8303 8603 8514 8216 8592 7927 8595 8183 8524 8222 8310 9059 8733 8423 8552 8620 8086 8779 8200 7560 8568 8052 8268 8534 8468 8410 8739 8681 7941 8560 8064 8899 8569 8500 8031 8077 8469 8051 8063 7667 8718 7985 8333 8125 8593 8267 8528 7783 8484 8026 8388 8198 8199 8238 8228 8236 8472 8661 8497 8108 8023 7711 8436 8244 7836 8744 7634 8237 8299 8452 7762 8423 8238 8226 8587 8855 8554 8192 8696 8409 8334 8395 7944 8633 8182 8384 8176 8431 8194 8803 8059 8392 8677 8262 8598 8812 8348 8273 8613 8192 8016 7925 8034 8215 8710 7994 8527 8317 8318 7932 8102 8517 7845 8541 8231 8150 8803 7836 8095 8529 8034 8174 8562 7400 8480 7963 8344 8514 8368 8774 8315 8522 7894 8203 8427 8381 8555 8480 8484 7829 8501 7741 8288 8161 8239 7873 8256 7769 8244 8652 8456 8496 8482 8560 7853 8386 7979 8026 8684 8483 8444 8125 8520 8026 8299 8342 8299 8558 7760 7952 8296 8140 8599 8226 8235 8011 7830 7461 8179 8036 8513 8249 8656 8314 8241 7836 7795
8340 8424 8584 8474 8542 8708 8309 7878 8220 8900 8253 8128 8357 8143 8270 8641 8657 7842 7789 8569 8356 8134 8121 8482 8221 8154 8252 8096 8422 8101 7885 8287 8335 8393 7654 8199 8343 8426 8168 8228 7976 8301 7830 8759 8030 8324 8629 8036 8156 8060 7854 8473 8520 8653 8346 8249 8528 8570 8531 8581 8373 8279 8553 8640 7884 8345 8389 8216 8374 8158 8774 8483 8087 8399 8042 8649 7854 8065 8314 8067 7893 8441 8568 7740 8071 7983 8088 8160 8775 8695 8349 7595 8192 7716 8723 8557 8242 8385 9089 8001 8451 8249 8394 8173 8097 7601 8370 8550 8075 8064 7868 8084 8147 8707 8163 7871 8073 8312 8316 8391 8320 8168 7707 8301 8500 7923 8065 8972 8742 8280 8582 8537 8142 8360 8342 8117 7777 8408 8478 8297 8276 8090 8004 8471 8301 8710 8362 8309 8255 8274 8595 7841 8638 7716 8283 8311 8367 8704 8730 8065 8454 8252 8051 8256 8752 8569 8304 7906 8799 8210 8364 8475 8265 8380 8255 8379 8086 7818 8275 8251 8088 8412 8087 8808 8081 8527 7992 8312 8581 8737 7805 8236 7847 8358 7965 8239 8415 8707 7760 8315 8197 8271 7903 7990 8070 8253 8213 8092 8373 8529 8257 7945 7485 8226 8371 8517 8319 8660 7783 8034 7971 8120 8169 8097 8753 8280 8580 8396 8483 7984 8496 7741 7965 8538 8092 8034 8358 8467 8763 8588 8485 8094 8228 8399 8647 8529 8366 7965 7767 8032 8500 8094 8427 8637 8210 8151 8155 8468 8248 8340 8460 8448 8063 8523 8168 8126 8115 8493 8078 8541 8495 8576 7616 8441 7695 8197 8115 8108 8543 7827 8460 8133 8612 7835 8641 8390 8313 8624 8980 8406 8222 8322 8665 8401 8254 7749 8468 8153 8020 8342 8943 8034 8687 8053 8427 8487 8527 8480 8958 8416 8176 8496 8200 8259 8025 7775 8048 8644 8098 8515 8155 8510 7827 8207 8227 8539 8392 8069 7934 8551 8090 8377 8203 8234 8285 8461 7433 7832 8127 8451 8143 8533 8635 8162 8259 7801 8398 8608 8410 8517 8399 8055 8127 8449 8327 8332 8117 7950 8213 8406 7574 7992 8536 8269 8082 8664 8301 7647 8392 8673 7990 8583 7971 8340 8091 8216 8481 8055 8025 8497 8661 8078 8032 8144 7901 8760 8087 8349 8149 7893 8298 8551 7731 8381 7982 8491 8424 8111 7843 7855
8463 8537 8491 8078 8522 8757 8226 8098 7763 8864 8341 8070 8482 8328 8062 8420 8749 7937 7894 8675 8575 7943 8387 8187 8478 8231 8102 8515 8489 8795 7915 8453 8368 8086 7995 8095 8251 8370 8419 8107 8079 8207 8006 8576 8081 8668 8635 8377 8087 8178 7679 8309 8608 8627 8593 8705 9046 8240 8738 8268 8451 8246 8312 8740 7997 8093 8219 8327 8685 8197 8448 8364 8630 8045 8261 8254 8216 8348 8420 8309 8035 8714 8658 7892 8020 7963 8358 7897 9075 7981 8740 7958 8582 8190 8563 8371 8411 8828 8533 8163 8529 8200 8173 8477 8623 7644 8224 7868 7926 8234 7844 8145 8231 8716 8147 8010 8374 8573 8039 8573 8433 7841 7878 8030 8300 8090 7775 8891 8902 8213 8487 8526 8442 8063 8542 7764 7940 8204 8491 8083 8266 8452 8161 8553 8096 8575 8053 8204 8128 8284 9047 7772 8797 7871 7975 8307 8399 9064 8474 8145 8494 8444 8207 8137 8505 8180 8356 7857 8633 7905 8229 8797 8236 8268 8113 8370 8262 8132 7641 8168 8208 8165 8355 8403 7853 8436 8227 8403 8492 8673 8011 8573 7801 8741 7794 8466 8088 8217 7960 8459 8250 8546 8260 8352 8240 8476 8283 8216 8498 8645 8562 7768 7671 8242 8492 8467 8017 8697 7707 8305 8396 8223 8294 8369 8924 8365 8180 8759 8457 7748 8376 8320 8074 8937 7863 8203 8575 8637 8190 8532 8408 7806 8472 8245 8706 8622 8580 8343 8280 8447 8300 7864 7941 8745 8244 8112 8039 8211 8131 8246 8025 8565 8326 7997 8355 8188 8257 8452 8082 8775 8763 8625 8298 8285 7625 8755 8500 8282 8209 7990 8476 7954 7973 7873 8310 8153 8217 8167 8963 8212 8209 8764 8267 8190 8559 7893 8169 8470 8146 7788 8712 8501 8651 7874 8272 8314 8190 8547 8859 8247 8266 8629 8316 8276 8362 7701 8237 8418 8311 8468 8104 8297 7851 8415 8360 8326 8475 8415 7912 8483 7932 8067 8486 8141 8000 8547 7964 8152 8039 8386 8461 8572 8520 8561 8392 8232 8364 8677 8126 8076 8763 7908 8174 8481 8154 8461 8205 8126 8410 8464 7627 8050 8924 8286 8239 8459 8097 7885 8494 8322 8193 8562 8265 8189 7958 7998 7988 8115 8258 8242 8720 8453 8248 8499 7898 8641 8073 7993 7747 7912 7764 8622 7976 8531 8312 8599 8379 8625 7954 7772
7636 8037 7849 7548 8235 8194 7789 7584 7719 8621 7966 7736 7940 8381 7585 8127 8466 7496 7621 8241 7828 7621 7966 7995 7840 7518 7543 7778 8158 7960 7685 7521 7786 7725 7505 7439 7676 8063 8186 7588 7215 7869 7689 8362 7755 7943 7935 7886 7958 7829 7305 8043 8088 8304 8013 8172 8623 7670 8250 8233 8102 7937 7990 8257 7682 7949 8067 7789 8162 7375 8137 8025 7862 7701 7715 8148 7990 7549 7897 7871 7642 7610 7861 7611 7864 7916 7647 7877 8238 8165 8075 7785 7889 7698 8057 8058 7903 7918 7704 7766 8148 7896 7874 7777 7847 7073 7639 7678 8091 7878 7637 7817 7760 8059 7832 7278 7709 8799 7842 8085 7890 7312 7093 7530 8263 7789 7545 8110 8292 7657 8427 8287 7709 7512 8151 7509 7417 8152 7755 7878 8017 8004 8008 8167 8027 7977 7946 7745 7871 7688 8399 7272 8027 7613 7681 7942 7983 8276 7929 7880 7904 8036 7490 7981 7883 8230 7859 7722 7886 7668 7760 8114 7998 7763 8083 7729 7855 7738 7528 7781 7545 7697 7922 8175 7789 8306 7567 7679 7844 8093 7179 7662 7573 8279 7566 8070 7579 8057 7795 8181 7818 7929 7905 7898 7798 8188 8104 8098 8292 7957 7712 7585 7312 8270 8011 8393 8082 7819 7485 8058 7815 7809 7776 7993 8578 7935 8362 7931 8136 7438 8191 7529 7348 8320 8099 7534 8043 8132 8166 8212 8179 7488 8251 7911 8375 7918 8008 7599 7600 7983 7721 7644 7812 8668 7823 8234 7738 8013 7920 7828 7874 8107 7467 7944 7805 7403 7522 8210 7821 7997 8159 8177 7702 7954 7212 8216 7955 7492 8224 7153 8200 7751 8065 7445 8162 7957 7728 7826 8554 7934 8177 7945 8505 8122 8011 7311 8483 8026 8195 8050 7949 7700 8458 7534 8268 8032 7793 8030 8393 7835 7652 7746 8217 7427 7349 7776 7703 8026 7936 8165 8057 7745 7349 7887 7893 7946 7929 7748 7581 7937 7630 7678 7459 7713 7690 8358 7171 7539 7913 8079 7787 8182 7982 7970 7959 7567 7932 7755 7960 7900 8165 7663 7997 8045 7605 7777 7641 7584 7896 7988 7750 7833 8424 7946 7847 8272 8015 7286 8315 7947 7670 8047 7638 7895 7955 7849 7687 7723 7971 7983 8130 7667 7513 8034 7584 8439 7752 7943 7775 7649 7608 7877 7646 8146 7824 8078 8128 7854 7703 7424
8192 7914 7764 7432 7981 8088 8095 7322 7189 8280 7577 7546 7843 7788 7542 8141 8013 7333 7672 7940 8039 7834 8017 8148 8046 7716 7658 7820 8057 7961 7214 7803 7758 7899 7448 7701 7369 7719 7701 7666 7167 7624 7193 8338 7843 7912 7977 7619 7806 7807 7399 8000 7924 8075 8152 7707 8540 8035 8458 8040 7756 7675 7922 8184 7605 7552 8344 8010 7866 7655 7985 7858 7840 7500 7438 7791 7807 7819 7615 7818 7531 8078 7831 7562 8010 7865 7983 7562 8331 7581 7803 7529 7789 7478 8110 8299 7743 8387 8228 7541 8093 7648 7798 7851 7791 7414 7887 7636 7895 7902 7332 7659 7640 8149 7667 7582 7846 8193 7866 8206 7734 7714 7239 7655 7702 7485 7606 8394 8249 7577 8123 7957 8039 7559 7926 7677 7344 7866 7824 7701 7869 7725 7595 7938 7751 8163 7929 7397 7732 7811 8191 7599 7910 7478 8000 7742 7531 8606 8024 7558 8236 8004 7489 7657 8009 7897 7830 7573 7780 7697 7843 8081 7818 7812 7763 7527 7847 7404 7670 7656 7385 7853 7659 8147 7631 8286 7756 7635 8436 7969 7370 7516 7419 7862 7568 7721 7984 8115 7623 7651 7660 7693 8091 8101 7425 7996 7913 7654 8045 7791 7931 6909 7201 7519 7667 7876 7556 7828 7341 7717 7862 7846 7767 7569 8546 7822 7958 7953 7769 7365 8118 7526 7518 8318 7359 7785 7694 7979 7733 7932 8292 7648 8162 7798 8300 8066 8067 7728 7335 7688 7851 7858 7538 8395 7607 7702 7569 7811 7803 8035 7867 8028 7529 7704 7956 7557 7654 7961 7570 8225 7794 7720 7510 7823 7356 7892 7845 7875 7736 7176 7877 7583 7803 7034 7884 7940 7831 7894 8622 8063 7649 8014 8269 8050 8007 7426 7866 7550 7814 7741 8222 7791 8248 7386 7739 8235 7892 8155 8576 7611 7762 7945 7856 7520 7641 7706 7471 8006 7960 8000 7735 7996 7651 7925 8046 7516 7930 7509 7574 7906 7346 7870 7669 7962 7892 7858 7038 7467 7643 7960 7604 7810 7840 7971 7689 7941 8000 7788 7867 7647 8067 7453 7586 7940 7575 7759 7600 7741 7929 7905 7070 7923 8463 7837 7493 8013 7531 7204 7727 7821 7869 8001 7689 7683 7805 8013 7677 7500 7832 7877 8322 7546 7630 7916 7614 8086 7574 8031 7509 7412 7433 8110 7317 7554 7624 7984 8112 8004 7271 7087
8340 8242 8306 7882 8349 8688 7874 7669 7698 8878 7866 8012 8030 8293 8177 8188 8509 7820 7754 8467 8120 7627 8168 8118 8248 7834 7922 7528 8336 8685 7651 8292 8071 8242 7603 7658 7817 8524 8169 7863 7435 8106 7716 8410 8419 8219 8298 7564 7618 7860 7739 8124 8255 8469 8357 8190 8994 8384 8516 8351 8291 8238 8606 8372 8136 8245 8193 8060 8140 7786 8547 8258 7808 7950 8016 8302 8406 7486 8113 8420 8136 8360 8543 7525 8203 8208 8127 8095 8570 7993 8297 7754 7989 7703 8323 8314 8399 8423 8637 7648 8146 8019 7978 8192 8310 7226 8066 7976 8084 8206 7770 8147 7801 8382 8139 7905 8476 8359 8235 8541 8186 7741 7623 7637 7845 7949 8046 8426 8249 8050 8302 8374 8611 8043 8354 7842 7417 8292 8129 8011 8292 7974 8497 8330 7948 8470 7887 7869 7884 8163 8745 7649 8269 7761 8025 8326 7953 8406 8132 8171 8579 8158 7903 8480 8152 8203 8023 7860 8322 7846 8120 8413 8122 7866 7813 8181 8051 8061 7865 7985 8002 8027 8005 8481 8030 8561 8043 8058 8291 8541 7702 7880 7679 8621 7524 8163 7919 8447 7647 8298 8225 8123 7999 8098 7783 8111 8101 8202 8009 8188 8068 7835 7518 8247 8295 8419 7994 8383 7739 7929 7970 8297 8004 8166 8979 8399 8032 8020 8377 7507 8417 8106 7853 8744 7909 7589 8069 8314 8083 8307 8459 7869 8850 8004 8433 8619 7973 8156 7987 8185 7791 7832 7969 8758 8059 7924 8067 8116 7970 8291 8043 8129 7972 8236 8354 7687 7979 8227 7989 8273 8353 8395 7927 7998 7556 8392 8313 8059 7866 7347 8348 7962 8381 7395 8207 8016 7964 8451 9093 8132 8082 7867 8449 8582 8107 7663 8187 8215 7760 8117 8755 7857 8364 7953 8239 8413 8353 8502 8453 8193 8079 8475 7855 7690 7910 7637 7875 8468 8016 8337 8207 8123 7783 8143 8462 7980 8031 8356 7868 8553 7801 8134 8158 8091 7864 8439 7303 7548 8141 8350 8361 8271 8217 8148 8216 7929 8125 8136 8324 8134 8130 7936 8235 8025 8036 8058 8047 7895 8052 8271 7612 8167 8751 8186 7936 8532 7904 7778 8135 8167 8021 8100 8157 8046 7946 8169 8024 8110 8323 8230 8498 7913 7846 8447 7909 8379 8041 8266 7953 7914 7853 8391 7923 8502 8079 8035 8421 7906 7724 7744
8645 8277 8149 8216 8271 8777 7705 7496 8157 8773 8279 7824 8533 8133 8016 8359 8619 7841 7978 8465 8337 7551 8552 7981 8191 7719 7668 8147 8639 8501 7900 8190 8001 7974 7935 7808 7913 8271 7988 8160 7587 8338 7736 8866 8124 8357 8581 8148 8021 8241 7696 8143 8860 8651 8714 8396 8746 8318 8540 8063 8109 8177 8360 8550 8055 8509 8370 8062 8421 8070 8748 8191 8010 7976 8094 8503 8355 8185 8286 7931 8124 8543 8192 7869 8202 8083 8311 8070 8484 8325 8525 7765 8268 7903 8189 8489 8082 8490 8582 7935 8623 8500 7964 8080 8246 7494 7976 7908 8122 8188 7930 8122 8031 8442 8077 7927 8222 8482 8254 8273 8330 7872 7929 8089 8374 7922 7870 8702 8680 8122 8529 8089 8293 8103 8129 7947 7682 7993 8352 7921 8137 8109 8345 8448 8243 8340 8092 8520 7793 8010 8738 7591 8566 7859 8337 8321 8156 8794 8490 8143 8643 8305 8182 8147 8128 8057 8249 7563 8353 7934 8162 8445 8082 8149 8203 8010 8129 7755 7744 7744 8449 8481 8314 8486 8024 8684 7743 8075 8614 8376 8028 8293 7844 8432 7918 8534 8205 8633 7879 8318 8096 8203 8028 8069 8146 8144 8233 8116 8241 8566 8502 7803 7804 8096 8065 8358 8285 8529 7740 8249 7878 8274 8193 8141 8720 8340 8202 8327 7884 7525 8337 8320 7747 8234 7871 7891 8552 8445 8444 8620 8528 7734 8380 7804 8830 8279 8578 8174 7945 8297 8203 8340 7956 8658 8119 8328 8131 8334 7870 8751 7751 8151 8137 8351 8503 7885 8216 8078 8352 8208 8734 8478 7755 8121 7600 8122 8306 8131 8193 7474 8321 7779 8443 7733 8305 8294 8264 8320 8812 8147 8392 8557 8367 8185 8283 7680 8283 8254 8211 8046 8693 8115 8886 7905 8223 8551 8503 8319 8778 8307 8123 8546 8138 7918 7986 7654 8310 8520 7887 8581 8535 7967 7786 8081 8254 7978 8479 8401 7654 8582 7945 8068 8085 8163 7818 8276 7547 7934 8217 7805 8252 8532 8396 8110 8236 7994 8091 8319 8394 8237 8234 7961 7798 8304 7773 7936 7850 7768 7960 8339 7459 7883 8533 8100 7885 8132 8201 7661 8021 8075 8033 8497 8245 8344 8054 8398 7919 7993 8171 8377 8644 8159 7945 8637 7791 8564 7931 8222 8042 7789 7462 8659 8111 8234 8038 8320 8397 8218 8004 7534
8154 7798 7569 7745 7988 8365 7607 7621 7666 8460 8281 7832 8115 8078 7870 7968 8242 7508 7459 8427 8261 7749 8116 7902 8288 7918 7428 7863 7928 8280 7628 8275 7663 7677 7367 7606 7610 8097 7933 7830 7284 7720 7411 8659 7894 8270 8030 7584 7863 7964 7393 7845 8236 7593 7914 8115 8481 7703 7943 8031 8187 7857 8238 8313 7474 8047 8077 7577 8224 8003 8354 7883 7772 7774 7583 7979 8099 7797 7904 7874 7608 8024 7647 7451 7747 7912 7972 7982 8435 7812 7916 7626 7923 7625 8015 8371 8104 8327 8105 7870 8212 8245 7694 8081 8033 7255 8119 7810 7740 7714 7822 7708 7688 8383 7662 7232 8052 8359 7591 8109 7689 7439 7239 7518 7720 7945 7331 8282 8204 7648 8137 8346 8076 7616 8186 7450 7868 7935 7713 7647 7674 7506 7790 7913 7936 8330 7959 7834 7757 7471 8134 7567 7875 7637 8231 8050 7783 8694 7969 7653 8548 7858 7895 7877 8047 7726 7866 7657 7970 7505 8152 8002 7699 7807 7915 7968 7722 7481 7808 7889 8087 7651 7783 7984 7696 8205 7603 7728 8180 8322 7174 8034 7244 8126 7664 7895 7940 8128 7766 8195 7673 7827 7450 7783 7658 8091 7899 8184 7820 7916 8050 7120 7167 7618 7969 8119 7641 8053 7829 7859 7728 7861 7690 8035 8577 7618 7934 8227 7891 7547 8028 7588 7457 8373 7768 7647 8037 8092 8038 8019 8315 7630 8185 7475 8245 8029 8337 7777 7608 8101 7811 7635 7854 8734 8068 7708 7988 8106 7565 8422 7765 7937 7696 7545 7669 7664 7488 8150 7630 7914 8165 8144 7649 7779 6656 7726 7798 7913 8055 7346 8186 7635 8088 7464 7957 8118 7930 7937 8385 8133 7776 8014 8329 7904 8314 7648 7783 8003 7935 7756 8311 7736 8038 7464 7955 8017 7949 8131 8353 7595 7697 7908 8117 7735 8060 7553 7713 8084 7884 8214 7549 7744 7358 7777 7758 7935 7876 7807 7679 7971 7126 7576 7823 7864 7642 8200 7529 7725 7514 7992 8034 8116 7991 7806 7971 7444 8028 8061 8030 7640 8261 7914 7741 7999 7686 7910 7726 7714 7493 8356 7495 7397 8398 7957 7859 8013 7795 7122 7853 7815 8050 8461 7559 7827 7477 7730 7676 7604 7813 7765 8360 7767 7648 7904 7465 8089 7661 8155 7490 7815 7820 8308 7392 8036 8070 7842 8213 8114 7637 7286
8501 8310 8444 8091 8843 8579 8313 7685 8172 8936 8075 8591 8528 8315 7927 9032 8899 8343 7741 8403 8534 8299 8765 8258 8368 8304 7944 8185 8639 8431 8130 8464 8025 8276 7738 7700 7986 8394 8751 8190 7923 8613 8215 9064 8407 8344 8778 8153 8202 8511 8184 8290 8747 8547 8313 8592 9027 8516 8479 8652 8416 8199 8578 8847 8185 8264 8391 8121 8533 8116 9041 8232 8442 8335 7935 8560 8480 8033 8589 8621 8051 8210 8317 7930 8278 8276 8500 8196 8606 8633 8176 7978 8534 8525 8451 8539 8324 8514 8657 8166 8637 8157 8341 8487 8527 7875 8532 8102 8042 8246 8128 8135 7845 9006 8277 7562 8647 8332 8200 8386 8256 7726 7649 8431 8245 8070 8182 8944 8660 8279 8309 8409 8310 8096 8397 8069 7577 8548 8422 8494 8397 8260 8482 8283 8196 9011 8288 8397 8399 8237 8957 7665 8212 7926 8483 8461 8212 8882 8835 8335 8371 8303 8174 8428 8589 8321 8243 7901 8254 8139 8269 8597 8172 8143 8158 8185 8547 7984 8147 8438 8046 7985 8531 8664 8429 8695 8093 8628 8422 8753 7667 8304 7848 8392 7906 8355 8181 8435 7968 8439 8246 8149 8155 8209 8300 8213 8232 8097 8387 8232 8409 7859 7770 8272 8518 8560 8197 8365 7865 8186 8139 8365 8049 8182 8940 8776 8396 8375 8463 7781 8407 8148 7870 8732 8262 8163 8351 8462 8742 8700 8293 8389 8740 8004 8660 8416 8300 8404 7903 8596 8494 8359 8155 9143 8010 8226 8267 8441 8266 8510 7963 8194 8279 8220 8232 8031 8324 8466 8253 8493 8845 8507 8297 8289 7634 8707 8680 8314 8775 7863 8089 8423 8352 8103 8667 8474 8294 8610 9168 8527 8498 8655 8767 8414 8556 7832 8526 8454 8524 8220 8758 8159 8760 7700 8277 8700 8240 8517 8983 8191 8100 8527 8205 8091 8388 7918 8260 8389 7728 8803 8344 8080 7753 8048 8230 8341 8444 8334 7979 8684 8138 8774 8425 8182 8216 8863 7229 8219 8315 8400 8361 8322 8472 8413 8437 8285 8138 8355 8278 8303 8464 8407 8200 8556 8065 8728 8097 7766 8125 8740 7759 8310 8993 8542 8095 8579 8029 7828 8133 8522 7984 8402 8321 8134 8114 8740 8484 8292 8182 8310 8690 8432 8175 8365 7860 8490 8317 8203 7954 7891 7934 8609 7683 8429 8212 8703 8774 8323 8077 7576
7664 7516 7722 7381 7903 7996 7386 7308 7302 8028 7732 7727 7943 7790 7930 7568 8061 7283 7673 7876 7824 7288 7728 7605 7337 7429 7622 7703 7876 7687 7546 7516 7884 7802 7292 7586 7381 8260 7440 7638 7513 7752 7254 8009 7430 7966 7413 7429 7295 7531 7303 7642 8100 8134 7840 7850 8441 7382 8355 7667 7832 7558 7827 7707 7365 7683 7958 7538 8239 7579 7879 7687 7679 7062 7345 7593 7850 7726 7571 7556 7322 7730 7714 7341 7512 7634 7622 7338 7908 7731 7857 7178 7514 7288 7537 7678 7671 8125 7812 7439 7797 7651 7899 8068 7544 7209 7243 7521 7541 7655 7272 7280 7420 8004 7301 7369 7965 8187 7489 7976 7637 7469 7200 7619 7623 7575 7180 8201 8157 7824 7926 7801 7976 7389 7462 7377 7414 7347 7564 7549 7950 7779 7776 7868 7923 8299 7780 7274 7528 7330 8000 7060 7827 7213 7808 7412 7268 8162 7875 7834 7739 7956 7619 7846 7901 8008 7630 7551 8070 7484 7521 7928 7587 7931 7567 7825 7965 7490 7677 7491 7606 7408 7706 7686 7773 8080 7764 7614 7849 8039 7486 7796 7466 7784 7176 7624 7618 7949 7280 7827 7602 7736 7819 7579 7575 8050 7605 7856 7869 7732 7589 7242 7021 7624 7748 7741 7403 8013 7049 7876 7782 7600 7623 7580 8303 7819 7721 7837 7615 7330 7693 7390 7545 7841 7282 7468 7879 7877 8017 8006 8041 7403 7842 7282 7711 7888 7974 7593 7298 7606 7698 7507 7668 8418 7340 7722 7525 7694 7587 7839 7630 7834 7415 7551 7649 7432 7535 7858 7507 7760 7940 7749 7456 7492 7079 7853 7978 7236 7689 6781 8338 7578 7564 7068 7646 7489 7753 7398 7864 7735 7594 8055 8004 8141 7968 7215 7449 8059 7447 7970 8003 7574 7756 7539 7786 7609 7793 7741 8237 7521 7501 8108 7573 7227 7618 7496 7192 8154 7651 7924 7867 7649 7279 7668 7533 7736 7949 7475 7551 7752 7215 7769 7411 7607 7493 7665 7095 7558 7388 7903 7535 8110 7460 7682 7585 7605 7519 7633 7630 7684 7759 7575 7275 7677 7269 7664 7530 7256 7723 7833 7616 7236 8239 7595 7598 7887 7439 7211 7403 7707 7703 7667 7241 7615 7519 7913 7505 7548 7711 7645 7844 7508 7442 8046 7311 7629 7414 7453 7319 7270 7328 7609 7451 7750 7542 7490 7688 7717 6932 6957
8451 7820 8064 7628 8073 8366 7976 7384 7669 8404 7898 7849 8046 7793 7871 8305 8049 7439 7815 8248 8307 7558 8045 7975 7733 7731 7320 8026 8040 8112 7456 7957 8117 7861 7688 7614 7441 8072 8052 7609 7448 7688 7530 8403 7749 8037 8004 7783 7648 8105 7260 8132 7939 8044 7887 8220 8740 8053 8267 8215 7820 7735 8362 7992 7825 8003 7883 7607 8241 7797 8177 7789 7763 7758 7625 8005 7807 7352 7666 7640 7329 8104 7932 7608 7737 8199 8026 7755 8335 7860 7961 7505 7808 7311 7523 8046 7877 8351 8036 7865 8089 7848 7928 7743 7870 7417 7662 7737 7727 7905 7614 7694 7916 8046 7824 7319 7925 7997 7821 7980 7683 7777 7016 7745 8028 7614 7430 8409 8205 7830 8483 7794 7719 7837 8043 7421 7379 7912 8045 7866 8362 7989 7797 8012 7679 7888 8136 7614 7747 7831 8604 7333 7908 7643 7748 8137 7615 7988 8098 7806 8471 7756 7551 7914 8028 8049 7883 7684 8357 7801 7844 7891 7738 7837 7850 7800 7968 7636 7538 7737 8012 7699 7715 8077 7643 8138 7746 8066 8119 8202 7084 7700 7581 7997 7345 7604 7660 7968 7378 7905 7635 7835 8022 8024 7850 7953 7758 8065 8160 8177 7793 7478 7061 7612 8152 7963 7826 8264 7344 7855 7917 7706 7809 7871 8398 7950 7660 7769 7865 7509 8090 7478 7661 8266 7653 7727 8097 8133 7548 8169 8312 7523 8241 7769 8395 7914 8124 8292 7675 8345 8156 7661 7357 8707 7850 8107 7731 8140 7411 7783 7681 8062 7821 7833 7822 7484 7949 8066 7826 7965 8361 8024 7491 7848 7494 8165 7890 7733 7904 7519 8057 7711 7936 7466 7648 8049 7481 8116 8486 7837 8302 7896 8127 8100 8170 7433 8210 7817 7791 7954 7607 7873 8096 7464 8065 7998 7986 8288 8590 7719 7974 7808 7632 7371 7621 7763 7764 7992 7463 8329 7985 8001 7689 7834 8178 8128 7875 7631 7731 7867 7389 7703 7893 7912 7824 8137 6875 7322 7669 7735 8288 7878 7884 7894 7657 7311 7848 8006 7680 7814 8086 7667 7904 7973 7905 7715 7753 7796 7420 8327 7418 7920 8409 7836 7530 7794 7577 7415 7653 7759 7844 7985 7915 7526 7747 7741 7733 7730 7933 7952 8100 7712 7460 7900 7547 7975 7625 7902 7894 7760 7574 7999 7445 7995 7944 8210 8251 7934 7463 7148
7747 7830 7655 7405 7577 7864 7380 7076 7363 8233 7766 7363 7974 7710 7678 7635 7935 7267 7450 7800 7937 7458 7762 7789 7805 7116 7142 7381 7980 7925 7241 7569 7582 7773 7382 7597 7295 7713 7610 7398 7263 7945 7355 7961 7672 8038 7767 7731 7359 7724 7479 7441 7632 8086 7709 7725 8183 7761 8013 7829 7431 7696 7650 7783 7492 7798 7756 7327 7827 7590 7489 7996 7822 7637 7424 7413 7490 7450 7983 7553 7372 8108 7695 7415 7767 7910 7908 7407 8175 7428 7861 7573 7454 7515 7673 7657 7735 8378 7903 7687 7787 7560 7912 7851 7717 6954 7172 7256 7498 7513 7365 7742 7599 8053 7320 6987 7640 8351 7626 7863 7648 7396 6736 7467 7680 8035 7032 8109 8184 7595 7997 7896 7732 7616 7943 7175 7178 7701 7684 7551 7871 7634 7492 7741 7492 8094 7815 7673 7582 7528 8029 7100 8183 7375 7662 7762 7638 8161 8125 7355 8130 7690 7219 7801 7579 7611 7794 7529 8223 7310 7566 7832 7527 7673 7461 7765 7627 7055 7386 7679 7604 7597 7776 8016 7417 7827 7457 7261 7986 7862 7221 7460 7342 7864 7314 7517 7475 7702 7014 7759 7568 7513 7712 7630 7694 7936 7716 7600 7781 7793 7647 7438 7082 7691 7543 7889 7450 7795 7231 7654 7554 7966 7280 7599 8292 7587 7970 8013 8003 7372 7885 7394 7367 7965 7435 7463 7729 8089 7702 7972 7903 7337 7909 7403 8215 7720 7770 7362 7729 7626 7614 7250 7471 8376 7596 7520 7657 7570 7550 7741 7966 7762 7591 7551 7574 7513 7393 7794 7438 7816 7681 7706 7198 7732 6883 7759 7729 7257 8038 6855 7884 7304 7645 7192 7650 7781 7248 7936 8208 7394 7770 7509 7993 7901 7793 7196 7470 7501 7865 7650 7486 7384 7789 7249 7849 7539 8008 7787 8091 7550 7701 7852 7816 7363 7208 7266 7462 7993 7350 7850 7438 8054 7242 7645 7437 7760 7668 7738 7380 8026 7354 7534 7803 7627 7411 8015 7082 7559 7509 7688 7779 7883 7634 7317 7676 7213 7699 7736 7705 7938 7770 7530 7835 7583 7529 7605 7443 7338 7434 7586 7265 7408 7561 7481 7614 7683 7506 7033 7678 7682 7522 7685 7478 7545 7377 7644 7554 7236 7725 7578 7819 7309 7508 7764 7602 8129 7549 7412 7312 7281 7512 7993 7302 7943 7639 7885 7541 7776 7400 7178
8594 8516 8432 8204 8297 8684 8237 7933 7796 8836 8449 8147 8521 8249 8252 8458 8585 7885 8062 8334 8779 7933 8220 8279 8348 7736 7931 8345 8491 8737 7758 8359 8370 8134 7809 8054 7667 8628 8220 8041 7818 8185 8145 8694 8004 8371 8363 8309 7882 8139 7823 8048 8417 8506 8278 8561 8659 8025 8482 8742 8326 8225 8434 8655 8290 8073 8474 8075 8662 8111 8275 8342 8170 7863 7866 8459 8451 8327 8242 7738 8077 8336 8468 7922 8102 7956 8031 8126 8344 8216 8432 7972 8199 7954 8366 8294 8259 8597 8372 8113 8831 7908 7917 8378 8335 7662 7920 7988 8007 8403 7700 8164 7795 8487 8166 7697 8305 8503 8353 8413 8124 7624 7554 7680 8277 7884 7811 8586 8812 8469 8623 7866 8118 7994 8508 7921 7798 8176 8275 8070 8389 8553 8100 8376 7781 8369 8180 7877 8335 8421 8758 7785 8671 7961 8228 8167 8111 8756 8350 8061 8281 8464 8077 8118 8581 8198 8121 7978 8417 7910 8134 8389 8223 8231 8106 8007 8205 7837 8191 8320 7919 8050 8445 8470 7993 8127 8265 8397 8581 8764 7704 7891 7863 8437 7977 8264 8197 8429 7855 8041 8249 8244 8122 8311 8320 8415 8384 8014 8324 8624 8454 7689 7819 7964 8225 8365 8250 8425 7763 8253 7995 7691 8240 7933 8878 8195 8045 8672 8109 7829 8477 7778 7915 8820 7838 8071 8356 8502 8640 8640 8289 7892 8456 7911 8445 8186 8518 8308 7905 8679 8056 8168 7956 8614 7994 8005 8156 8644 7665 8495 8291 8220 8407 8187 8249 8127 8016 8195 8159 8181 8920 8513 8001 8358 7468 8046 8364 8039 8204 7827 8348 8111 8398 7923 8266 8316 8074 8352 8604 8042 8389 8446 8280 8254 8464 7853 8331 8364 8470 7931 8285 7804 8589 7748 8342 7984 8479 8586 8724 8639 8138 8568 7905 7994 8182 8142 7718 8388 7929 8758 8251 8107 7870 8402 8549 8120 8397 7991 7835 8400 7679 8047 8127 8067 8131 8299 7487 7812 8189 8170 8461 8425 8327 8413 8348 7829 8036 8413 7905 8404 8280 7945 8057 8514 7797 8154 8054 7968 8113 8447 7729 8184 8743 8075 8241 8256 8142 7729 8408 8175 8177 8509 8059 8004 8019 8268 7915 8074 8463 8423 8772 7877 7844 8552 7860 8254 8129 8300 8003 7979 7919 8230 7864 8515 8348 8247 8390 8252 7894 7716
8641 8536 8564 8754 8749 8944 8600 8247 8439 9005 8638 8435 8678 8651 8311 8916 9129 8415 8134 9280 8976 8213 8747 8748 8761 8325 8511 8397 8857 8899 8284 8762 8604 8629 8218 8357 8367 9035 8528 8361 8496 8816 8204 9135 8549 8784 8900 8346 8338 8861 8278 8614 9106 8647 8385 8717 9247 8658 8995 8789 8977 8275 8788 8958 8717 8467 8738 8508 8888 8541 9087 8519 8442 8448 8230 9026 8332 8455 8589 8742 8440 8966 8837 8263 8598 8725 8361 8716 8764 8699 8822 8227 8623 8450 8606 8964 8568 9020 8948 8401 9220 8746 8331 8872 8585 7704 8294 8171 8216 8681 8233 8447 8284 9078 8616 7785 8634 8911 8348 9009 8668 8288 7890 8383 8719 8313 8034 9246 8920 8457 8731 8666 8629 7997 8912 8429 8221 8690 8632 8643 8681 8551 8670 8662 8561 9326 8516 8721 8633 8399 9167 8361 8702 8016 8656 8821 8481 9143 8792 8230 8845 8439 8301 8443 9133 8564 8509 8261 8610 8344 8880 8896 8514 8738 8576 8561 8889 8563 8189 8678 8432 8664 8480 8926 8408 8846 8282 8844 9058 9178 7771 8380 8035 8906 8329 8676 8456 8847 8378 8867 8681 8671 8723 8325 8550 8558 8595 8311 8958 9134 8788 8016 8099 8578 8602 8867 8518 8784 8277 8513 8355 8448 8340 8626 9224 8685 8606 8626 8731 8162 8941 8638 8276 9016 8430 8324 8481 8513 8980 9003 8849 8315 8722 8399 8984 8870 9297 8481 8153 8825 8969 8590 8417 9336 8375 8350 8256 8710 8579 8989 8523 8323 8693 8450 8588 8586 8530 8454 8384 8528 8951 8876 8281 8914 7976 8468 8529 8303 9106 7831 8792 8515 8781 8440 8460 8910 8548 8880 9135 8512 8771 8833 8936 8835 8967 8323 8733 8652 8943 8513 9042 8698 8999 8443 8443 8944 8856 8589 9057 8646 8531 8599 8276 8271 8586 8242 8295 8585 8648 9054 8595 8298 8251 8526 8912 8575 8887 8627 8154 8828 8020 8386 8738 8510 8376 8775 7369 8250 8456 8870 8756 8840 8847 8439 8850 8045 8609 8538 8549 8812 8816 8735 8606 9080 8144 8540 8756 8384 8548 9059 8238 8729 9056 8645 8489 8715 8272 8000 8561 8658 8574 8891 8683 8703 8534 8852 8353 8354 8617 8573 8951 8419 8457 8872 7985 8969 8716 8538 8031 8586 8329 8898 8781 8753 8736 8614 8614 8393 8425 8133
8702 8394 8544 8440 8392 8966 8316 8302 8209 8789 8216 7962 8684 8370 7974 8485 8785 7719 8010 8416 8791 8046 8821 9059 8083 8217 8149 8219 8725 8400 8107 8111 7988 8058 7804 8244 8113 8352 8224 7778 7984 8328 7742 8589 8469 8107 8658 8509 8280 8460 7909 8466 8617 8653 8391 8661 8981 8684 8685 8843 8381 7989 8784 8610 8399 8295 8773 8559 8711 8494 8564 8249 8059 8086 7930 8272 8349 8330 8167 8167 7960 9097 8289 7760 8341 8280 8299 8252 8840 8492 8593 8426 8540 7938 8230 8672 8396 8745 8696 8171 8604 8557 8057 8323 8401 7675 7877 8046 8271 8506 8066 7902 7927 8545 8018 7694 8173 8836 8213 8622 8420 8149 7625 7991 8526 8102 8051 9028 8891 8193 8483 8221 8298 8364 8549 7928 7933 8442 8434 8381 8510 8629 8250 8738 8336 8706 8367 8575 8294 8824 8924 8048 8774 8054 8318 8574 8143 9072 8588 7909 8557 8584 8260 8260 8513 8770 8563 7593 8541 8058 8226 8676 8796 8239 8187 8489 8256 8013 8054 8404 8128 8357 8402 8647 8204 8604 8254 8425 8590 8840 7889 8338 7775 8728 7929 8474 8422 8456 8178 8460 8323 8362 8529 8235 8351 8498 8430 8404 8452 8910 8351 7988 7579 8112 8426 8650 8258 8395 7972 8215 8340 8224 8654 8030 8969 8357 8325 8677 8367 7828 8719 8323 8026 8771 8349 7958 8266 8236 8731 8520 8809 7963 8604 8218 8950 8510 8577 8304 8184 8450 8263 8030 8045 9208 8204 8415 8250 8532 8195 8333 8104 8524 8351 8269 8527 8320 8304 8498 8271 8589 8634 8621 8537 8430 7669 8570 8311 7952 8462 7683 8601 8223 8333 7925 8499 8762 8151 8464 8829 8528 8712 8479 8375 8507 8532 7967 8758 8399 8403 8137 8362 8111 8554 8212 8564 8472 8616 8514 8873 8399 8537 8542 8606 7981 8188 8365 8203 8439 8073 8695 8340 8307 7922 8466 8402 8478 8357 8284 8163 8820 7971 8057 8229 8130 8170 8516 7920 7864 8252 8233 8489 8208 8590 8418 8492 8306 8380 8349 8392 8144 8820 8196 7930 8415 8101 8242 8065 8343 8278 8531 8093 8091 8688 8459 8044 8616 8329 7890 8769 8376 8467 8565 8218 8573 7855 7989 7922 7814 8399 8245 8888 8273 8247 8474 8240 8934 8284 8472 8144 8130 8093 8504 8183 8570 8006 8715 8503 8326 7879 7892
8306 8149 8458 8031 8707 8661 8073 7713 7930 8827 8111 8121 8452 8100 7817 8354 8358 7690 7844 8622 8076 7753 8410 7964 8104 7966 8071 8041 8430 8343 7629 7868 8266 8372 7571 7777 7996 8241 8400 7778 7724 8056 7692 8871 8249 8042 8533 8050 7884 8094 7825 7811 8633 8056 8362 8276 8850 8150 8602 8331 8170 7989 8313 8207 7848 8169 8278 8266 8608 7843 8735 8185 8206 8087 8031 8442 8022 7981 8545 8106 7936 8307 8448 7347 8284 8080 8187 8159 8727 8291 8521 7941 8200 7888 8187 8161 7970 8942 8432 7571 8439 8200 8200 8140 8209 7485 7810 8005 7951 7762 7960 7978 7786 8461 7936 7585 8575 8575 8239 8238 8639 8174 7881 7812 8230 7737 7868 8480 8696 8034 8411 8443 8190 7851 8322 7966 7632 7920 8300 7809 8597 8182 8152 8125 8089 8506 8101 8000 8135 8035 8311 7624 8451 7635 8279 8374 7971 8695 8350 8221 8303 8188 8269 8178 8519 8600 8086 7912 8212 7532 8401 8640 8115 8054 8108 7989 8103 7779 8058 7954 7905 7864 8328 8817 7756 8417 7711 8139 8389 8474 7975 8116 7543 8243 7485 8264 8023 8197 7931 8396 8082 8123 8445 7836 7919 8512 7953 8124 8432 8391 8418 7318 7458 8066 8254 8324 8068 8483 7723 8229 8129 8247 8260 8059 9001 8379 8112 8090 8401 7728 8072 7605 7750 8445 7812 8018 8065 8217 8428 8681 8172 7721 8577 7895 8671 8299 8238 8188 7990 8298 8355 8112 7706 8760 7732 7898 7983 8164 8306 8459 7838 8192 7841 8174 7800 7841 7972 8032 8218 8240 8410 8335 7785 8281 7718 8333 8050 8297 8127 7602 8550 7918 7867 7894 8187 7966 8102 8398 8667 8521 7998 8374 8350 8077 8140 7909 8404 8136 8279 8280 8514 8236 8321 7926 8341 8652 7916 8317 8713 7747 8325 8382 8099 7928 8102 8396 8093 8353 7953 8416 8046 8150 7836 8462 8079 8261 8211 7980 7892 8500 7698 7917 8162 8019 7924 8604 7437 8218 7878 8213 8206 8333 8448 8087 7973 8109 8146 8072 8246 8172 8366 7911 7752 8271 7891 8231 7890 7675 8140 8214 7791 8245 8829 8143 7914 8201 8117 7687 7998 8112 8195 7979 8271 7947 8079 8503 7937 7936 8036 7961 8345 7671 7931 8218 7730 8524 7775 7948 7796 7797 7846 8572 7969 8395 8013 8189 7956 8035 7747 7529
8534 8408 8506 8558 8694 9220 8622 8251 8417 9212 8371 8237 8993 8597 8370 8691 8629 8231 7946 8896 8872 8123 8707 8650 8398 8174 8290 8329 8684 8477 8175 8605 8595 8563 7855 8452 7942 8491 8336 8293 7864 8896 8075 9012 8385 8419 8510 8461 8093 8018 8208 8360 8727 8637 8600 8704 9078 8778 9180 8749 8496 8256 8774 8830 8431 8353 8750 8347 9028 8658 8784 8304 8311 8251 8140 8445 8482 8236 8611 8311 8237 8751 8751 8389 8323 8533 8536 8019 8740 8337 8858 8233 8760 8240 8652 8474 8502 8884 8412 8254 9048 8419 8430 8702 8761 7965 8017 8195 8459 8555 8023 8398 8248 8808 8400 7950 8692 8857 8564 8603 8422 8079 7830 8288 8541 8377 8192 9186 9013 8302 8653 8693 8446 8151 8891 8026 8074 8404 8096 8452 8420 8499 8453 8564 8241 8823 8483 8366 8575 8285 8800 8047 8943 8124 8545 8651 8498 9322 8865 8103 8941 8664 8460 8515 8903 8623 8359 8246 8955 7838 8425 8502 8729 8376 8316 8397 8463 8134 8137 8323 8644 8303 8338 8815 8416 8804 8140 8609 9193 9207 7769 8197 7991 8568 7938 8652 8274 8787 7971 8605 8213 8701 8798 8276 8663 8854 8567 8237 8469 8582 8454 8356 7933 8781 8518 8700 8396 8271 7934 8369 8426 8819 8262 8264 9245 8710 8445 8491 8728 8066 8545 8228 8448 8683 8222 8474 8330 8833 8896 9091 8666 8129 8905 8349 8740 8835 8884 8732 8100 9032 8520 8237 8460 9233 8196 8593 8172 8545 8275 8516 8590 8607 8178 8136 8354 8281 8430 8615 8175 8462 8779 8821 8009 8533 7670 8660 8360 8318 8529 7766 8923 8299 8569 8280 8511 8679 8483 8927 9128 8820 8507 8512 8719 8385 8875 8023 8523 8626 8547 8364 8721 8149 8788 8254 8494 8702 8569 8474 9142 8450 8498 8911 8482 8068 8348 8205 8250 8684 8379 9039 8612 8186 8122 8476 8393 8646 8489 8340 8270 8659 8074 8213 8563 8597 8135 8927 7912 8175 8156 8669 8487 8868 8904 8373 8583 8231 8530 8760 8706 8456 8513 8442 8061 8721 8114 8503 8556 8218 8215 8454 8070 8280 8794 8463 8370 8753 8687 7770 8531 8513 8402 8695 8329 8473 8356 8582 7908 8102 8710 8577 8893 7971 8107 9020 8033 8786 8391 8669 8034 7950 8459 8799 8342 8704 8715 8695 8737 8363 8083 7887
8498 8221 7962 8191 8126 8620 7996 7684 7790 8776 8253 8260 7992 8391 8265 8491 8660 7900 7854 8301 8402 7790 8303 8261 7913 7837 8052 7875 8532 8500 7655 8545 8385 8081 7527 7803 7893 8136 8335 7814 7910 7945 7822 8813 8251 8021 8890 8071 7891 8066 7563 7980 8736 8377 8324 8104 8808 8220 8410 8348 8236 7911 8388 8542 7767 8130 8537 8219 8330 8101 8439 8197 8077 8053 8005 8222 7631 7813 8137 7968 8020 8413 8563 7818 8159 8475 8134 8367 8414 8275 8106 7957 7869 7755 8051 8287 8169 8473 8565 7673 8552 8211 7992 8388 8312 7337 8115 7810 7891 8731 8040 8182 8086 8533 8064 7708 8168 8345 8023 8605 8215 7498 7712 7929 8066 7848 7837 8474 8360 8144 8732 7894 8029 7935 8301 7981 7782 7874 8244 8115 8245 8036 7943 8188 8095 8632 8323 8084 8168 7898 8751 7753 8574 7661 8384 8218 7827 8747 8124 8042 8334 8239 7932 8492 8523 8253 8117 7727 8419 7885 8225 8509 8073 8167 8020 8279 7918 7861 8087 8153 7780 8056 8030 8176 8329 8447 7778 8144 8600 8507 7463 7891 7698 8650 7836 8579 8143 8597 7945 8350 8143 8023 8100 8416 8133 8273 8376 8075 8382 8521 8175 7542 7763 7965 8094 8424 8061 8211 7951 8262 7904 8339 8039 8327 8710 8297 8013 8641 8569 7770 8433 8031 7485 8614 7870 8047 7933 8288 8212 8701 8513 7842 8405 7691 8511 8595 8203 8131 8211 8225 8216 7935 8280 8876 8218 8090 8181 8142 8322 8302 8115 8090 7999 8162 8124 8080 7851 8195 7899 8296 8345 8341 7829 8320 7513 8082 8260 7968 8235 7463 8680 8017 8407 7724 8362 8347 7920 8537 8635 8052 8324 8198 8408 8470 8264 7704 8303 8404 8337 8126 8301 8011 8127 8192 8481 8382 8203 8276 8698 8220 8291 8369 8071 7855 7622 7859 7957 8720 7992 8285 7917 8037 7890 8067 8335 7843 8187 8252 7603 8578 7611 8031 8101 8075 8069 8285 7204 8017 8071 8265 7989 8287 8225 7785 8009 8066 7766 8394 8047 8452 8371 7941 7999 8284 8216 8312 7767 8169 8086 8237 7653 8196 8559 7704 7965 8466 8064 7318 8358 8264 7937 8457 8240 8392 8393 8316 7828 7937 8079 7848 8790 7610 8200 8272 7746 8457 7866 8033 8188 8054 7924 8483 8060 8272 8124 8038 8074 8096 7881 7873
8173 7819 8156 7849 7871 8590 7816 7512 7577 8627 7850 7548 7780 7750 7779 8142 8007 7551 7733 8205 8222 7333 8207 8209 7981 8165 7542 7681 8211 8307 7864 7648 7645 7872 7479 7819 7424 8211 7582 7607 7473 7792 7534 8406 7893 8153 7747 7825 7535 8201 7466 7818 8453 8278 7722 8265 8861 7773 8599 8167 8063 7674 8021 8339 7619 8094 7693 7913 8346 7762 8238 7994 8016 7609 7674 7904 7831 8086 8212 7985 7317 7930 8090 7332 7852 7835 8166 7842 8695 7990 7895 7710 8081 7675 8440 7901 7993 8174 8317 7810 8183 7794 7905 7556 7899 7281 7959 7890 7670 7830 7778 7684 7835 8164 7755 7399 7980 8388 7967 8265 7930 7644 7433 7726 7913 7810 7703 8554 8350 7769 8007 8049 7970 7920 8088 7760 7416 7952 7805 7764 7936 7983 8118 7947 7782 8446 7951 7731 7869 7775 8436 7535 8010 7421 7828 7862 7472 8512 8045 7958 8301 7981 7885 8088 8368 7675 8194 7686 8232 7845 7729 8088 7802 7793 8069 8001 7663 7981 7502 8025 7915 7904 7997 8378 7758 8165 7732 7959 8444 8174 7773 7878 7425 8238 7702 7904 7708 8177 7634 8182 7607 7894 8040 7822 7830 8105 8067 8268 7956 7801 8183 7614 7234 7719 8337 8167 7731 7975 7593 8104 8084 7743 7767 7833 8555 8187 8125 7866 8041 7724 8074 7921 7646 8420 7779 7309 8116 7801 8046 8334 8441 7792 8199 7811 8651 8291 7942 7756 7544 8081 7924 7902 7581 8511 7818 7772 8245 7963 7831 7970 7822 8284 7669 8229 7644 7677 8047 7814 7690 8271 8140 7838 7513 7942 7436 8126 8021 7853 8363 7384 7986 7833 7974 7500 8113 8183 7859 7943 8588 8099 7778 8092 8146 7754 8047 7490 8184 7861 7824 7906 8208 7846 8386 7495 7848 7986 7981 7882 8498 8025 8002 8061 7486 7818 7755 7546 7805 8137 7707 8574 7982 7997 7460 7747 7954 8097 7965 7745 7557 8138 7686 7705 7789 7883 7801 8387 7319 7687 8262 7556 8254 7929 8110 7936 7832 7464 7953 7733 8085 7649 8244 7838 7602 7980 7671 7759 7757 7611 7763 8013 7589 7992 8306 8000 8023 7982 7771 7232 7835 7937 8157 8143 7703 8040 7756 8252 7551 7892 7845 7768 8174 7781 7647 8065 7615 8204 7427 7879 7577 7741 7408 8362 7448 8296 7853 7909 8245 8104 7432 7647
8417 8331 8263 8345 8144 8952 8259 7847 8155 8955 8381 7922 8408 8473 8151 8460 8373 7936 7946 8619 8393 8059 8261 8495 8421 8117 7977 8151 8215 8266 7792 8474 8234 8108 7728 8226 7907 8335 8082 8145 7993 8152 7600 8655 8159 8174 8091 7894 7998 8407 7357 8290 8516 8789 8420 8492 8831 8413 8623 8340 8408 7641 8363 8735 8102 7913 8486 7967 8726 8044 8530 8037 8129 8069 7994 8376 8219 8310 8344 8399 8050 8719 8199 8099 7904 7893 8274 7974 8541 8154 8426 7854 8105 7835 8369 8661 8321 8459 8741 7926 8362 8465 7938 8430 8434 7626 8306 7869 7870 8427 7659 8108 7803 8522 7964 7840 8464 8802 8273 8563 8190 7999 7558 7773 8190 7884 7543 9026 8805 8305 8417 8256 8349 8120 8569 7766 7610 8255 8208 8030 8383 8384 8149 8583 8025 8416 8086 8021 8314 8217 8765 8024 8520 7744 8190 8291 8341 8907 8389 8037 8688 8468 7949 8584 8793 8342 8251 7854 8225 7862 8152 8456 8412 8355 8164 8671 8491 7965 8027 8400 7730 8136 8260 8826 8303 8646 8382 8254 8725 8923 7551 7953 8108 8476 8109 8235 8042 8379 8032 7891 8270 8077 8385 8241 8034 8567 8325 8070 8519 8585 8454 7620 7818 8537 8197 8069 8185 8395 7994 8345 7896 8014 8387 8002 9098 8072 8036 8497 8275 7891 8523 8139 8112 8748 8128 8177 8679 8546 8280 8466 8596 8111 8497 8132 8786 8357 8310 8110 8163 8677 8299 7775 8167 9311 8211 8241 7910 8138 8078 8490 8177 8538 8056 8054 8365 7836 8082 8314 8206 8479 8578 8349 8410 8010 7610 8129 8213 8210 8745 7560 8465 8125 8172 8029 8279 8332 8095 8372 8658 8465 8164 8266 8458 8357 8325 8210 8319 8458 8272 8098 8814 7808 8648 8347 8419 8413 8354 8426 8514 8187 8377 8144 7985 7911 7799 7677 7951 8278 8365 8534 8279 8369 8369 8291 8321 8068 8371 8357 7884 8041 7529 8159 8165 8021 8140 8512 7553 8075 8197 8366 7972 8333 8362 8312 8170 7919 8221 8234 7927 8034 8142 7984 8028 8209 7873 8267 7821 8034 7928 8345 7888 8327 8666 8219 8219 8441 8114 7288 8036 8135 8228 8480 7711 8103 8172 8422 8118 8227 8197 8340 8582 8088 7680 8126 7892 8424 7978 8150 8281 8142 7594 8449 7901 8300 8196 8272 8228 8350 7910 7760
8519 8428 8237 7709 8232 8718 7912 7797 7639 8923 8284 8058 8331 8152 8193 8029 8197 8009 8176 8239 8498 7852 8442 8181 8317 8176 8030 8504 8519 8115 7714 8255 8117 8125 7464 8163 7912 8218 8274 7918 7942 8283 7726 8373 8474 8156 8222 8463 7829 8396 7872 8220 8647 8565 8622 8318 8757 8381 8694 8423 8190 7859 8299 8505 8077 8217 8349 8235 8459 8190 8316 8142 8289 7887 7796 8269 8346 8275 8224 8152 8060 8081 8089 7966 8198 8302 8223 8028 8418 8599 8409 7644 8480 7968 8081 8429 7940 8426 8262 7781 8727 8390 8070 8285 8649 7415 8082 7933 7994 8224 7764 7974 8437 8511 8209 7588 8259 8439 8169 8228 8094 8098 7577 7920 8373 7910 7853 8623 8566 8096 8446 8362 8062 7686 8397 7716 7964 8025 8276 7992 8466 7930 7896 8453 8074 8239 8560 8197 8123 8104 8580 7533 8466 7657 7846 8018 8008 8722 8275 8003 8679 8200 7684 8114 8703 8260 8133 7986 8264 7855 8582 8472 7929 8392 8330 8485 8327 7455 7907 7804 8100 8021 8473 8072 8097 8503 7918 8480 8356 8461 7854 8009 7812 8259 7319 8228 8237 8537 7746 8239 8010 8113 8095 7979 8494 8277 8220 8031 8072 8084 8278 7664 7641 8054 8310 7853 8260 8204 7815 8138 7948 8175 8163 8359 8746 8298 8362 8275 8329 7979 8095 7978 7999 8428 7934 8028 8247 8490 8258 8376 8625 7672 8648 7897 8358 8343 8187 7959 7925 8418 8046 8000 8112 8738 8121 8127 7981 8242 8002 8362 7801 8300 8080 8229 8360 7787 8031 8359 8056 8141 8269 8471 7712 8240 7620 8258 8349 7778 8176 7650 8339 8026 8188 8145 8087 8376 7717 8246 8637 8189 8076 8285 8472 8427 8591 7910 8341 8062 8285 8074 8166 8161 8365 7890 8186 8381 8057 8363 8657 8328 8200 8274 7891 7930 8024 8029 8079 8384 7861 8399 8250 8379 7571 8264 8329 7932 8338 7983 7753 7990 7909 8064 8046 8176 8209 8242 7418 7666 7892 8172 8209 8422 7958 8070 8230 7870 7964 8070 8276 8504 8163 8438 7779 8218 8077 8248 7897 7746 8106 8135 7736 8133 8693 8184 8073 8122 8144 7727 8158 8372 7915 8549 8277 8066 8416 8152 8125 7772 8388 8009 8637 7934 7832 8462 7559 8441 7941 7984 8092 8371 7634 8486 7708 8324 8194 8412 8198 8010 8224 7781
8854 8203 8397 8426 8672 8660 8342 7837 8350 8799 8748 8293 8379 8605 8374 8331 8928 8132 8022 8859 8644 7898 8867 8743 8361 8389 8204 8380 8812 8438 8215 8288 8387 8669 8119 8380 8043 9026 8557 8378 8355 8348 8246 8868 8336 8702 8639 8597 8141 8381 8306 8612 8626 8719 8578 8780 9232 8297 8793 8963 8564 8454 8712 8817 8339 8630 8820 8362 8626 8076 8836 8465 8420 8137 8216 8708 8359 8366 8190 8627 8455 8627 8589 8059 8770 8360 8548 8035 8901 8723 8656 8166 8203 8212 8808 8981 8529 9065 9142 8359 8664 8371 8398 8609 8840 7679 8315 8243 8186 8520 8311 8488 8019 8936 8285 7696 8313 9042 8519 8571 8544 8391 7985 7995 8533 8331 7945 9029 9185 8293 8850 8608 8608 8528 8505 7892 7821 8289 8194 8262 8791 8344 8595 8781 8418 8972 8833 8479 8339 8660 8962 8252 8569 7985 8654 8352 8298 8788 8738 8240 8762 8771 8570 8441 8864 8471 8437 8050 8572 8042 8674 8924 8130 8701 8493 8589 8342 8101 7997 8726 8262 8576 8339 8822 8390 8889 8450 8620 8951 8536 8367 8277 8085 8963 8212 8207 8449 8695 7907 8732 8519 8699 8373 8715 8540 8625 8618 8625 8848 8638 8457 7950 7682 8279 8742 8874 8440 8559 8043 8635 8346 8294 8310 8568 9116 8837 8528 8572 8346 8350 8423 8139 8213 9065 8243 8567 8558 8300 8525 8907 8826 8421 8450 8411 8662 9071 8543 8692 8037 8490 8279 8234 8200 8980 8207 8527 8388 8545 8221 8682 8258 8718 8384 8653 8467 8124 8223 8615 8619 8947 8808 8711 8260 8588 7736 8704 8702 8106 8525 7931 8681 8352 8588 8394 8425 8341 8204 8421 9158 8773 8675 8728 8789 8697 8822 7852 7970 8728 8218 8434 8683 8271 9165 8172 8664 8601 8728 9104 9060 8588 8430 8976 8351 8333 8449 8280 8282 8864 8062 8756 8280 8318 7883 8501 8514 8467 8490 8173 8274 8905 8186 8178 8333 8527 8255 8727 7462 8088 8476 8274 8253 8728 8819 8497 8556 8520 8445 8586 8548 8581 8576 8423 8369 8319 8124 8365 8294 8200 7926 8506 7993 8191 9083 8594 8430 8414 8337 7767 8513 8867 8558 8520 8311 8514 8182 8479 8144 8139 8406 8196 8921 8534 8211 8720 8260 8464 8263 8627 8355 8532 8288 8648 8437 8556 8290 8526 8675 8364 8097 7848
8628 8442 8351 8585 8531 9003 8295 7986 8211 8910 8389 8463 8427 8557 8492 8819 8836 7997 8077 8541 8655 7986 8547 8248 8462 8295 8244 8340 8435 8683 8295 8630 8365 8230 7794 8069 8300 8752 8265 8106 7835 8707 7983 8703 8293 8812 8537 8087 7949 8128 8301 8517 9180 8918 8709 8639 8942 8510 9071 8727 8619 8173 8531 9024 8269 8318 8856 8313 8557 8333 8660 8511 8624 8288 8006 8656 8737 8206 8206 8455 8118 8770 8505 8021 8539 8572 8525 8289 8881 8735 8595 8010 8379 8209 8719 8666 8648 8826 8524 7846 8638 8471 8429 8666 8259 7939 8091 8052 8414 8192 8427 8230 8249 8874 8348 8230 8493 8711 8483 8817 8297 8086 8044 8389 8421 7997 7943 8942 8958 8441 8477 8739 8374 8342 8399 7817 8260 8637 8531 8369 8431 8611 8454 8719 8188 8693 8139 8346 8502 8238 9018 7891 8889 8022 8339 8699 8355 9113 8912 8273 8766 8519 8359 8588 8729 8910 8211 7983 8830 8405 8643 8534 8513 8491 8334 8345 8586 8066 8375 8341 7834 8422 8271 8654 8589 8670 8206 8454 9035 8789 7811 8463 7922 8735 8168 8472 8444 8501 7986 8860 8339 8429 8104 8276 8034 8707 8349 8559 8982 8466 8618 8048 7652 8147 8324 8352 8667 8739 7970 8460 8587 8304 8742 8237 9118 8732 8628 8699 8558 7804 8591 8398 8161 9193 8206 8034 8489 8646 8617 8643 8743 8227 8861 8166 8814 8779 8611 8188 8361 8639 8405 8223 8137 9200 8430 8731 8512 8546 8094 8412 8073 8737 8058 8324 8613 8322 8341 8689 8361 8448 8596 8621 8252 8480 7749 8757 8580 8225 8708 7751 8809 8179 8612 8217 8733 8744 8397 8958 8930 8529 8611 8510 8778 8500 8465 7976 8596 8325 8171 8197 8696 8358 8750 8213 8377 8861 8312 8545 9131 8505 8312 8509 8552 8099 8064 8158 8161 9055 8182 8869 8601 8519 7998 8443 8176 8564 8715 8355 8467 8736 8140 8345 8719 8394 8075 8836 7438 8369 8426 8708 8606 8569 8701 8280 8671 8161 8674 8375 8485 8468 8505 8169 8376 8452 8289 8449 8378 8122 8355 8513 8165 8426 9127 8389 8168 8567 8251 7832 8413 8715 8306 8907 8068 8660 8189 8421 8276 8446 8392 8380 8812 8388 7996 8731 8128 8759 8436 8325 7984 7854 8172 8404 8366 8482 8334 8845 8520 8389 8053 7798
8295 8312 8010 8032 8309 8399 8084 7674 8140 8825 8240 8243 8262 8123 7970 8282 8217 7844 7919 8073 8034 7785 8076 8352 8086 8372 8024 8035 8247 8271 7661 8311 7996 8083 7824 7852 7708 8234 8525 7839 7759 7927 7735 8715 7767 8122 8269 7785 7822 8083 7633 8399 8266 8134 8004 8345 8653 8286 8327 8182 8207 7544 8517 8479 8088 7986 8153 8031 8342 8028 8544 8463 8018 8134 7896 8263 7938 7957 8298 8032 8202 7970 8240 7593 8085 7947 8255 8107 8625 8119 8333 7918 8246 7769 8175 8507 8544 8201 8316 7895 8628 8519 8027 8296 8590 7403 8036 7912 7686 8417 7910 8052 7763 8572 8054 7335 8637 8740 8080 8421 8170 8043 7779 7693 8086 7997 7723 8573 8516 8153 8496 8297 8136 7965 8624 7593 7693 8377 7981 7871 8459 7861 8206 8380 7943 8136 8194 8059 8128 7991 8637 7720 8306 7496 8021 8236 8040 8828 8428 7730 8652 8349 8257 7854 8478 8173 8000 7691 8288 7923 8339 8318 8473 8155 7933 8165 7745 7777 7866 8253 7947 7904 8102 8576 8123 8325 7936 8068 8389 8742 7446 8025 7950 8494 7754 8237 8054 8308 7824 8027 7921 8080 8235 7848 7847 8108 8345 8089 7989 8318 8392 7391 7402 8019 8511 8176 7905 8024 7753 8133 7887 8083 8060 8065 8734 8324 8183 8388 8158 7651 8122 7949 7623 8561 7883 7696 8248 8154 7879 8430 8527 7612 8329 8005 8662 8325 8258 7993 8033 8092 8285 7946 7957 8722 7931 7878 8022 8118 8156 8157 8146 8067 7968 7872 7861 7609 7842 8162 7979 8218 8515 8159 8015 8147 7259 8262 7810 8146 8381 7805 8424 7399 8298 7731 8129 8323 7918 8359 8546 8175 7943 8130 8591 8278 8476 7448 8274 8203 8070 7919 8615 8165 8369 8062 8088 8235 8366 8413 8492 7979 8250 8139 8011 7940 8091 7821 8120 8337 8038 8231 8114 8131 7859 8035 8101 7904 7992 8244 7721 8048 7587 8094 8101 8155 8238 8103 7506 7636 7747 8128 7985 8358 8313 7974 8234 7706 7986 8197 8157 8178 8360 8093 7666 8143 8105 8024 7945 7731 8042 8534 7475 7980 8611 7980 8016 8346 8130 7517 7966 7948 8364 8717 7945 8007 7989 8327 7901 7856 8034 7720 8752 8013 7501 8073 7792 8361 7907 8132 7627 8105 7786 8387 7627 8712 8109 7788 8324 8053 7797 7642
8586 8299 8307 7893 7982 8898 7946 7571 8217 8475 8293 8228 8312 8479 8072 8158 8773 7668 7908 8384 8556 7708 8324 8668 8378 8135 8061 8072 8329 8308 7683 8286 8187 8102 7692 8296 7964 8532 7856 7877 8051 8260 7969 8521 7854 8448 8352 8047 7659 8037 7793 8584 8745 8464 8286 8518 8829 7881 8250 8186 8337 8264 8575 8707 8186 8177 8402 8485 8626 7896 8559 8287 8254 8025 7992 8482 8299 7968 7810 8064 7864 8467 8182 7665 8197 8079 8052 7899 8344 8503 8088 7878 8114 7632 8523 8400 8526 8477 8618 7844 8586 8080 8156 8307 8369 7288 8149 8072 7778 8412 7765 8275 7853 8699 7860 7473 8272 8504 8106 8454 8296 7777 7270 7837 8134 7614 8080 8804 8509 8206 8589 8217 8070 8055 8356 7669 7507 7904 8113 7922 8189 7950 8116 8691 7988 8559 8234 8306 8227 8152 8836 7743 8390 8000 8144 8213 8040 8641 8536 8187 8354 8164 7906 8146 8511 8355 8257 7839 8242 7941 8044 8261 7915 8135 8458 7758 8253 8055 8001 8295 7978 8152 8162 8596 8381 8721 7696 8094 8825 8449 7675 8038 7999 8729 7752 7946 8347 8512 7458 8255 8170 8030 8553 8003 8077 8021 8393 8085 8550 8413 8046 7785 7342 8002 8532 8545 7847 7958 7972 8205 8315 8024 8093 8168 8645 8433 8254 8413 8078 7903 8887 8041 7497 8303 7961 7906 8198 8081 8633 8617 8250 7925 8393 8004 8242 8276 8267 8129 7990 8516 8208 8085 7884 8822 8113 7870 8233 8520 8178 8387 8044 8095 8081 7848 8349 8070 8204 8213 8326 8601 8496 8389 7842 8325 7543 8169 8359 7934 8339 7634 8196 8225 8542 7979 8341 8191 8053 8333 8842 8155 8250 8217 8500 8470 8533 8043 8195 8005 8006 8252 8269 7966 8749 7967 8340 8409 8120 8669 8981 8021 8002 8302 7992 7837 7955 7731 8163 8609 8004 8249 7866 8050 8139 8058 7936 8284 8251 8202 8089 8561 7796 8421 8164 8155 8309 8703 7416 8008 8053 7984 8205 8465 8732 8394 8121 8301 8308 8672 8472 8087 8469 7906 8027 8434 7987 8327 7990 8054 7732 8339 7910 8295 8780 8194 7965 8647 8421 7634 7935 7981 8180 8272 8158 8145 7886 8440 7939 7947 7866 8291 8486 8216 7850 8132 7961 8426 8302 8116 7634 7902 7745 8319 8280 8312 8222 8556 8454 8330 7788 7649
8067 8138 8336 8383 8238 8393 7881 7590 7999 8918 7880 7798 8443 8240 8155 8520 8494 7983 8002 8579 8470 7538 8436 8489 8291 8200 8195 7963 8321 8651 7546 8470 8154 8327 7926 7987 8012 8564 8404 8023 7911 8241 7732 8604 7988 8585 8161 7949 7798 7984 7741 8268 8487 8696 8328 8259 9175 8252 8585 8462 8181 7864 8414 8559 7812 8251 8379 8043 8370 8295 8718 8069 8033 7970 8049 8611 8040 8103 8151 8296 7795 8491 8384 7702 8116 8397 8472 8030 8732 8127 8295 8253 8342 7905 8204 8511 8334 8810 8397 7700 8421 8130 8167 8455 8467 7745 7844 7740 8132 8529 8003 8281 7812 8696 7846 7453 8462 8052 8128 8385 8394 8107 7614 7984 8335 7970 7748 8540 8651 8204 8589 8396 8325 7871 8216 7836 7608 8128 8155 7818 8290 8158 8298 8251 8106 8449 8324 8204 8483 7798 8638 7835 8221 7719 8027 8162 8159 8817 8573 8074 8343 8059 8007 8309 8298 8015 8203 7893 8570 7691 8391 8518 8325 8229 8120 8373 7994 7932 7892 8529 8154 8309 8545 8709 8066 8323 8031 8238 8920 8793 7783 7748 7762 8284 7930 8333 8191 8259 7677 8559 8186 8137 8089 7893 8605 8377 8187 8204 8501 8372 8205 7737 7952 8181 8017 8406 8081 8449 7988 8326 8091 8131 8059 8197 8762 8637 8204 8519 8466 7978 8251 7887 7812 8672 7990 8278 8355 8468 8309 8510 8647 7902 8754 8143 8482 8415 8500 8138 8089 8184 8333 7961 8038 8698 7971 7996 8087 8480 7994 8664 8111 8243 8138 8185 8099 8205 7922 8603 7886 8113 8407 8358 7919 8434 7339 8462 8377 8065 8622 7378 8236 8093 8125 7904 7992 8368 8068 8582 8910 8271 8516 8337 8543 8123 8236 8024 8324 8156 8461 7986 8430 8159 8664 8095 8120 8351 8386 8321 8784 8291 8374 8483 8433 7946 8187 7772 8135 8549 8097 8700 8188 8278 7781 8087 7978 8167 8310 8163 7924 8397 8073 7807 8103 8307 7909 8843 7235 7674 7775 8329 8092 8746 8369 8134 8480 8078 8316 8275 8300 8115 8439 7974 8183 8272 7786 8258 8450 7877 7970 8319 7829 8312 8784 8197 7872 8252 7968 7552 8054 8365 8216 8512 8199 8146 8179 8281 8107 8241 8145 8186 8711 7888 8065 8235 7537 8697 7857 8013 7771 8305 7879 8300 8319 8387 7991 8072 8352 8111 7896 7694
7995 8236 8277 8269 8257 8396 7789 7368 7877 8525 8149 7419 7679 7942 7682 8142 8374 7882 7522 8020 8102 7377 8216 8064 8183 7705 7562 7947 7965 7653 7454 8017 7977 7561 7064 7770 7469 8171 7860 7689 7425 7957 7384 8233 7888 8186 7852 8208 7424 7895 7469 8142 8180 8058 8212 7974 8584 7696 8447 8319 8027 7925 8299 8336 7576 7781 8238 7758 7951 7794 8147 7909 7905 7498 7746 7938 7960 7632 7967 7719 7750 8172 7757 7738 7871 7814 8194 7715 8048 7867 8135 7725 7839 7881 8296 8032 7801 8351 8124 7949 8139 7751 7773 7755 8175 7128 7648 7604 7876 7815 7914 7749 7713 8273 7814 7244 7782 8404 7874 7968 7841 7502 7367 7827 7938 7514 7696 8396 8262 7845 8209 8101 7717 7745 7886 7434 7264 7741 7883 7782 7922 8062 7760 8269 7375 8145 7916 7697 7993 7818 8306 7589 7967 7505 7894 8229 7873 8448 7961 7986 8203 7892 7655 8005 8083 8119 7784 7799 8329 7528 7952 7925 7767 7393 7762 7812 7792 7545 7750 7669 7610 8010 8083 8118 7706 8040 7962 7791 8433 8331 7318 8124 7379 8072 7383 7822 7888 8058 7813 8379 7793 7891 7952 7806 7668 8090 8278 7894 8014 7948 7879 7395 6959 7934 7845 8248 7805 7969 7667 8253 7727 7816 7742 7753 8477 7938 8118 8145 7838 7457 7979 7415 7663 8059 7739 7829 8112 8155 8304 8075 8461 7543 8139 7553 8200 7900 8021 7993 8082 8239 7794 7633 7503 8648 7557 7720 7749 8118 7970 8013 7625 8316 7684 7757 7803 7608 7718 8084 8312 7794 7967 7832 7591 7873 7063 8083 8009 7776 8190 7665 7978 7924 8018 7372 7977 8201 7794 7908 8450 7538 8079 7946 8118 8109 8171 7518 8066 7667 8120 7651 7967 7914 8535 7710 7932 7833 8139 8066 8470 8064 8165 8042 7901 7702 7855 7476 7723 8237 7677 8291 7925 7898 7770 8132 7894 7945 8203 7538 7734 8166 7281 7735 8027 7708 7610 8131 6893 7699 7609 7983 8091 8307 8385 8035 7834 7713 8099 7915 7664 7823 8158 7666 7807 8137 7677 8060 7574 7725 7420 7854 7631 7804 8540 7802 7693 8092 8047 7431 8006 8089 7901 7966 7626 7740 7612 7815 7822 7541 7571 7858 8253 7692 7741 7899 7519 8432 7843 7539 7536 7541 7488 7975 7787 8145 7978 8116 8123 7864 7335 7321
7930 8074 7624 7581 8014 7864 7604 7616 7331 8139 7660 7812 7926 7705 7735 7931 7920 7353 7266 7814 8264 7542 7842 7909 7413 7347 7347 7454 7752 7733 7361 7706 7795 7748 6823 7578 7080 7929 7754 7689 7192 7649 7224 8140 7628 8051 7587 7604 7013 7758 7324 7621 8149 7807 7719 7998 8204 7845 8283 7967 7568 7449 7881 7770 7645 7447 7821 7631 7951 7366 7722 7964 7646 7304 7406 7823 7720 7462 7787 7436 7815 7407 7602 7320 7764 7942 7399 7421 7884 7475 7771 7195 7813 7535 8061 7724 7745 8012 8062 7638 8268 7560 7678 7778 7484 7372 7408 7557 7559 7383 7301 7708 7793 8210 7524 7002 7570 8055 7635 7887 7474 7508 7224 7346 7303 7562 7362 8240 8065 7525 7923 8165 7676 7706 7572 7139 7036 7742 7426 7582 7917 7639 7744 8015 7438 7858 7525 7266 7564 7158 7904 7082 7953 7239 7389 7577 7921 8117 7938 7646 7931 7582 7395 7446 7674 7976 7505 7580 7835 7395 7935 7561 7417 7617 7650 7723 7589 7026 7268 7536 7198 7080 7699 7547 7516 7861 7297 8004 8219 7883 7070 7451 7159 7717 7030 7796 7664 7817 7205 7988 7141 7519 7744 7395 7426 7585 7798 7568 7862 7632 7471 7200 6901 7696 7447 7570 7552 7814 7174 7821 7651 7951 7526 7725 8393 7497 7822 7679 7901 7071 7888 7369 7480 7893 7666 7656 7707 8025 8013 7815 8189 7348 7727 7574 7997 7921 7761 7595 7150 7504 7712 7425 7423 8316 7463 7509 7749 7280 7458 7461 7458 7921 7579 7455 7717 7353 7397 7512 7679 7769 7900 7869 7280 7606 7234 7987 7617 7339 7595 7155 7693 7525 7490 7008 7889 7586 7366 7971 8139 7446 7869 7566 7745 8122 7958 7074 7692 7539 7688 7655 7898 7742 7801 7264 7334 7762 7452 7943 8150 7404 7277 7929 7265 7498 7119 7556 7382 7843 7366 7964 7826 7674 7211 7536 7679 7802 7856 7425 7452 7768 7231 7662 7539 7567 7749 8003 7060 7312 7420 8138 7885 7786 7885 7466 7796 7383 7787 7861 7975 7467 7863 7541 7442 7880 7619 7661 7248 7388 7611 7624 6963 7353 8010 7334 7542 7795 7559 7314 7989 7863 7499 8020 7753 7778 7459 7591 7423 7616 7575 7701 7970 7532 7552 7534 7649 7785 7583 7804 7342 7430 7346 7554 7169 7724 7581 7754 7845 7757 7181 7104
8412 8776 8421 8115 8438 8822 8163 7721 8166 8881 8328 8054 8143 8037 8093 8582 8712 7971 8180 8636 8605 7827 8367 8300 8590 8019 7754 8352 8605 8387 8029 8203 8549 8196 7940 7926 8027 8679 8255 8191 7663 8161 7865 8615 8360 8446 8548 8203 8179 8329 7845 8501 8619 8539 8532 8379 8847 8684 8758 8691 8364 8307 8545 8753 7917 8594 8318 8356 8626 8114 8309 8148 8302 8316 7976 8319 8050 8489 8417 7996 7994 8777 8380 7920 8426 8196 8203 8045 8792 8303 8557 8133 8045 8037 8368 8536 8514 8708 8642 8213 8427 8251 8424 8466 8404 7716 8095 7921 8045 8432 7893 8430 8277 8504 8196 7603 8298 8633 8213 8401 8443 7884 7687 8098 8318 8056 7771 9084 8920 8350 8844 8183 8473 8260 8351 8089 7743 8190 8286 8190 8567 8061 8463 8462 8120 8595 8326 8153 8129 8296 8973 8031 8413 7948 8264 8541 8333 8919 8647 8420 8738 8004 8281 8112 8559 8311 8563 7756 8436 7839 8309 8614 8386 8171 8396 8111 8292 7900 8164 8514 8346 8061 8387 9188 7940 8370 8030 8206 8523 8867 7605 8050 7961 8440 8131 8074 8199 8436 8042 8644 8229 8463 8301 8103 8338 8549 8345 8219 8876 8745 8398 7905 7587 8628 8539 8289 8418 8694 8028 8345 8451 8286 8221 8222 8969 8399 8627 8222 8354 7990 8662 8269 7927 8772 7987 7907 8319 8648 8565 8541 8339 7856 8521 8419 8747 8470 8626 8386 8256 8515 8199 8207 7743 9033 8107 8487 7994 8558 7978 8643 8259 8246 8023 8180 8442 8070 8071 8586 8578 8425 8511 8467 8066 8193 7431 8581 8616 8349 8458 7688 8555 8208 8343 7986 8244 8566 7813 8688 8880 8255 8347 8542 8612 8381 8330 8085 8564 8142 8419 7982 8429 8147 9001 8239 8275 8257 8696 8516 8908 8383 8253 8509 8018 8179 8424 7999 8106 8898 7912 8767 8289 8266 7862 8407 8371 8260 8269 8009 8103 8689 8130 7944 8207 8341 8192 8591 7606 8029 8184 8300 8198 8170 8618 8423 8618 8116 8430 8497 8502 7944 8230 8010 7915 8448 7945 8353 8028 8299 7896 8412 7981 8491 8922 8240 8140 8593 8225 7723 8373 8221 8206 8567 8501 8205 8309 8297 8212 8187 8304 8332 8486 8182 8208 8475 8170 8630 8178 8379 8057 8001 7814 8519 8160 8684 8268 8562 8686 8138 7970 7364
8415 8456 8541 8475 8548 8450 8395 8119 8579 8907 8675 8423 8424 8676 8388 8560 8942 8093 8420 8954 9061 8058 8590 8914 8807 8487 8139 8252 8604 8670 8240 8755 8569 8497 8209 8196 8344 8718 8531 8513 8353 8538 8152 9067 8762 8840 8727 8480 8090 8429 8150 8565 8864 8687 8708 8719 9104 8535 8991 8889 8396 8452 8633 8812 8024 8311 8772 8731 8601 8526 8604 8830 8289 8326 8530 8577 8475 8848 8501 8241 8037 9001 9084 8118 8617 8408 8515 8756 9054 8787 8580 8211 8722 8358 8531 8897 8628 8878 8592 8417 9019 8508 8365 8909 8474 7957 8047 8380 8154 8569 8179 8303 8268 8890 8413 8123 8674 8826 8458 8576 8523 8250 8074 8525 8632 8553 7987 9137 8932 8512 8627 8886 8879 8269 8913 8157 8214 8750 8638 8721 8818 8457 8385 8333 8460 8867 8632 8519 8797 8627 8723 7951 8963 7969 8680 8663 8426 9010 8799 8096 8789 8353 8498 8518 8438 8280 8972 8311 8639 8156 8785 8751 8646 8525 8580 8621 8442 8011 8317 8448 8311 8212 8671 8978 8140 8778 8221 8347 9095 8781 8190 8619 8081 8560 8073 8436 8273 8522 8262 8718 8493 8441 8476 8299 8222 8565 8453 8392 8779 8858 8485 7929 7860 8749 8843 8603 8556 8565 8245 8392 8626 8718 8692 8264 9266 8617 8622 8826 8698 8139 8571 8278 8242 8862 8442 8217 8791 8484 8742 8959 9142 8038 8940 8270 9357 8851 8550 8369 8408 8615 8557 8095 8295 9404 8297 8381 8465 8408 8389 8830 8363 8923 8348 8401 8317 8259 8355 8691 8374 8683 8900 8563 8384 8748 8045 8551 8804 8493 8733 8124 8533 8291 8786 8128 8670 8734 8598 8749 9066 8827 8502 8676 8817 8668 8789 7876 8729 8683 8874 8387 8687 8248 8309 7887 8669 8650 8634 8254 8839 8336 8720 8713 8339 8309 8334 8459 8364 8963 8441 8726 8250 8515 8428 8787 8561 8692 8607 8301 7859 8827 8291 8306 8324 8539 8328 8973 7748 8385 8165 8570 8767 8745 8760 8443 8543 8012 8868 8662 8956 8503 8403 8437 8245 8507 8130 8338 8347 8236 8370 8521 8195 8345 8945 8246 8411 8587 8435 7696 8516 8685 8604 8886 8666 8352 8303 8766 8759 8360 8715 8373 9239 8324 8361 8745 8010 8996 8539 8699 8299 8468 8237 8535 8294 8899 8688 8635 8727 8400 8214 8294
8699 8626 8161 8254 8505 8661 8133 7841 7883 8942 8256 8243 8358 8447 8283 8808 8766 7999 8119 8678 8803 7822 8311 8410 8199 8145 8305 8534 8729 8698 7952 8361 8486 8313 7822 8413 7955 8792 8386 8370 8013 8596 7875 8782 8191 8732 8673 8341 7890 8276 8001 8321 8758 8554 8572 8255 9018 8373 9037 8936 8443 8264 8418 8668 8151 8307 8481 8029 8467 8523 8823 8556 8257 8032 8030 8596 8250 8226 8540 8410 8170 8464 8331 7997 8307 8251 8193 8205 8527 8372 8806 7862 8429 7937 8489 8205 8159 8941 8726 8394 8709 8405 8578 8717 8461 7677 8197 8252 8342 8494 7917 8091 8221 8922 8456 7726 8361 8531 8386 8671 8371 8282 7312 8128 8100 8234 8187 9120 8770 8364 8600 8483 8062 8214 8585 7820 7955 8312 8284 8389 8571 8554 8291 8800 8262 8576 8334 8408 8456 8082 8754 7908 8301 8168 8383 8347 8314 8837 8918 8402 8488 8541 8168 8401 8307 8416 8619 8233 8777 8077 8393 8728 8282 8570 8105 8423 8293 8169 7946 8210 8253 8095 8429 8957 8141 8753 8244 7961 8651 8808 8071 8182 8009 8535 8134 8247 8168 8472 7958 8428 8365 8481 8248 8393 8301 8503 8414 8127 8540 8610 8509 7969 7744 8233 8359 8568 8154 8273 8020 8540 8361 8441 8286 8296 8948 8657 8374 8489 8211 7783 8450 8260 7905 8654 8620 7873 8424 8371 8539 8625 8481 8125 8589 7861 8841 8429 8513 8373 8307 8460 8612 8179 8115 8994 8001 8070 8319 8637 8229 8466 8086 8459 8453 8223 8300 8156 8108 8545 8475 8546 8904 8524 7845 8625 7787 8305 8786 8310 8494 7667 8742 8035 8423 7998 8534 8392 8258 8051 9008 8232 8867 8614 8692 8553 8465 8151 8697 8473 8277 8187 8877 8212 8770 8219 8618 8615 8604 8689 9002 8710 8387 8526 8176 8167 8210 8056 8107 8427 8192 8551 8429 8424 7958 8015 8455 8462 8577 7982 8368 8541 8081 8280 8177 8404 8223 8698 7642 7954 8310 8482 8514 8504 8826 8398 8529 8171 8445 8454 8430 8494 8467 7964 7962 8501 8181 8264 8040 8124 8115 8576 8094 8207 8919 8257 8237 8691 8287 7536 8649 8215 8410 8385 8234 8156 8023 8480 8015 8186 8136 8677 8351 8183 8047 8563 8199 8421 8066 8232 8214 8331 7583 8891 8364 8599 8352 8726 8458 8416 8045 7702
8372 8278 8244 8375 8558 8724 8148 8280 8149 9036 8353 8070 8685 8424 8181 8716 8806 8040 8044 8630 8503 7992 8598 8541 8272 7989 7992 8160 8495 8730 8023 8043 8216 8278 8209 8120 7864 8706 8228 7949 7942 8317 7905 8789 8086 8536 8760 8610 8181 8342 8015 8590 8404 8485 8704 8571 9116 8543 8601 8585 8428 8394 8671 8779 8377 8191 8677 8536 8631 8203 8594 8258 8364 8163 8214 8269 8302 8266 8303 8318 8325 8537 8548 7974 8451 8362 8584 8280 8820 8230 8573 8047 8359 8136 8312 8284 8299 9085 8462 8204 8699 8564 8197 8666 8651 7763 8246 8112 8235 8397 8301 8284 8170 8914 8141 7648 8159 8489 8251 8539 8404 7944 7737 8187 8261 8438 8122 8596 8689 8247 8445 8524 8178 8237 8659 7828 7711 8366 8676 8176 8455 8392 8212 8604 7983 8506 8437 8108 8354 8337 9067 8067 8562 7883 8716 8186 8309 9103 8859 7885 8763 8463 8140 8156 8561 8675 8568 8067 8478 7951 8262 8564 8464 8574 7927 8193 8588 7784 7937 8323 8302 7895 8525 8793 8356 8854 8048 8326 8601 8644 7981 7751 7832 8205 8373 8404 8136 8561 8365 8604 8253 8609 8202 8420 8379 8499 8391 8008 8601 8303 8533 8243 8109 8479 8441 8549 8106 8536 8079 8420 8173 8548 8333 8223 9070 8425 8410 8491 8406 7650 8512 8322 7929 8814 8313 8313 8297 8373 8532 8923 8933 7888 8876 8112 8741 8499 8629 8824 8319 8591 8424 8061 8092 9036 8163 8084 8328 8398 7991 8560 8108 8603 8154 8370 8328 7900 8248 8319 8100 8466 8583 8474 8232 8357 7246 8368 8403 8004 8634 7735 8835 8489 8725 7800 8553 8201 8339 8360 9058 8560 8683 8476 8515 8401 8610 7873 8359 8579 8713 8181 8690 8468 8917 8016 8454 8419 8443 8468 9103 8437 8282 8389 8380 7917 8082 7972 7790 8534 8267 8731 8529 8240 7974 8250 8410 8453 8336 8407 8068 8649 8016 8425 8008 8157 8265 8716 7454 7859 8445 8499 8485 8547 8828 8625 8598 7891 8303 8411 8087 8270 8612 8113 8168 8503 8129 8159 8073 8102 8176 8916 8364 8327 9054 8318 8167 8714 8123 7834 8316 8111 8251 8481 8179 8148 7758 8530 8330 8169 8423 8501 8561 8575 7968 8648 8038 8608 8497 8326 8316 7758 7905 8899 8310 8346 8198 8376 8712 8191 7801 7895
8392 8241 8026 8110 8042 8264 8141 8068 8125 8855 8255 7885 8018 8057 7861 8172 8326 8212 8071 8764 8339 7428 8005 8500 8268 8140 8078 7910 8435 8540 8071 8158 8167 8264 7677 8065 7454 8457 8257 7831 7623 8072 7840 8564 8184 8088 8410 8040 7670 8016 7404 8198 8515 8608 8415 8189 8981 8142 8832 8661 8265 7926 8414 8429 7983 7886 8457 7958 8045 7948 8111 7993 8165 8176 7796 8424 8058 8070 7718 8099 8146 8230 8181 8075 8004 7984 7952 7903 8416 8168 8165 7555 8397 8369 8129 8638 8123 8337 8162 8013 8700 8316 8245 8416 8286 7462 8158 7944 8142 8266 7964 8296 7893 8694 8053 7589 8042 8514 8150 8370 8010 7700 7611 7887 8187 7912 7885 8665 8630 7874 8549 8296 7998 8000 8271 7839 7560 8130 8158 8011 8151 8089 8038 8574 8012 8410 8175 7912 8054 8133 8999 7506 8128 7613 7977 7881 8097 8705 8203 8041 8586 8250 8205 8110 8231 8052 8199 7908 8415 7857 8141 8273 8039 8176 8174 8103 7972 7802 7803 7929 8140 7914 8267 8532 8034 8092 7892 8167 8456 8422 7500 7841 7645 8459 7465 7842 7869 8226 7712 8339 7802 7892 8088 8242 8188 8125 8023 7901 8450 8184 7876 7611 7534 8030 8206 8394 8056 8183 7784 8179 8137 8058 8208 8021 8653 8091 8380 8290 8515 7479 8218 7879 7922 8333 7987 8237 8240 8345 8355 8285 8446 7798 8371 8018 8568 8520 8142 8218 7903 8395 8178 7899 7891 8840 8013 7982 7854 8028 7927 8342 8320 7989 8048 8158 8342 7682 7822 7887 8216 8423 8370 8467 7692 8095 7626 8249 7956 8016 8153 7460 8331 8033 8574 7767 8279 8226 7997 8277 8501 8420 8473 7952 8506 8220 8475 7756 8220 7980 8133 7736 8240 8079 8469 7928 8113 8189 8480 8186 8642 8359 7945 8426 7987 7818 8205 7839 8014 8339 8006 8426 7948 8017 7703 8406 7967 7921 8265 8003 7772 8159 7641 7883 8010 8213 7947 8255 7369 7750 7899 8156 8425 8235 8171 8006 7969 8183 8429 8080 8123 7843 8217 8049 8071 7792 7995 8171 8053 7701 8061 7920 8000 8154 8368 8010 8155 8249 8350 7312 8252 7981 8178 8186 8097 8179 8119 8439 8059 7897 8309 7957 8572 8246 7990 8257 7860 8540 8341 8331 8042 8028 7766 8343 7964 8117 8152 8245 8234 8133 7819 7675
8946 8337 8826 8462 8524 9098 8287 8118 8193 9040 8869 8150 8578 8662 8216 8802 8825 8224 8368 8559 8821 8395 8679 8480 9044 8685 8409 8376 8703 8921 8231 8397 8470 8708 7807 8537 8250 8985 8698 8317 8079 8665 8190 8787 8865 8713 8614 8300 8101 8906 8287 8570 9008 8707 8497 8618 9183 8315 9179 8870 9069 8357 8936 8781 8566 8422 8704 8227 8873 8336 8890 8470 8584 8088 8106 8881 8435 8428 8684 8430 8638 8758 8696 8116 8464 8669 8567 8494 8854 8319 8796 8037 8312 8057 8988 9114 8677 8776 8743 8226 8824 8558 8460 8787 8823 8012 8350 8329 8589 8662 8230 8722 8498 9083 8380 8201 8762 8888 8715 8677 8555 8556 8019 8339 8616 8148 8001 9172 9091 8616 8797 8542 8610 8402 8776 8048 8113 8595 8460 8315 8774 8745 8481 8670 8579 8886 8376 8390 8358 8444 9324 7978 8859 8172 8578 8482 8550 9043 8446 8564 9073 8451 8314 8360 8693 8734 8549 8549 8934 8495 8468 8870 8865 8697 8467 8621 8403 8113 8180 8710 8250 8603 8554 8708 8391 8813 8321 8529 8907 8933 7837 8394 7926 8812 7996 8478 8547 8704 8223 8953 8405 8429 8323 8393 8326 8552 8214 8461 8169 8634 8518 7695 7998 8258 8472 8685 8276 8908 8263 8309 8407 8690 8680 8377 9239 8603 8539 8703 8628 8219 8282 8052 8082 8883 8580 8714 8769 8265 8538 8746 8934 8170 8700 8103 8749 8871 8583 8741 8358 9019 8409 8246 8231 9244 8679 8508 8537 8424 8472 8762 8570 8584 8512 8399 8763 8476 8164 8728 8567 8954 8863 8728 7987 8742 8153 8654 8383 8120 8839 7782 8870 8329 8436 8258 8892 8262 8347 8780 8999 8556 8616 8297 8865 8940 8428 8411 8638 8329 8240 8621 8729 8179 8909 8159 8743 8584 8469 8618 8913 8342 8450 8564 8316 8273 8233 8288 8238 9198 8231 8655 8507 8387 8172 8640 8573 8421 8477 8375 8067 8451 7930 8512 8849 8745 8669 8703 7788 8031 8210 8490 8700 8614 8590 8647 8520 8773 8463 8381 8570 8645 8498 8463 8266 8383 8235 8400 8232 8131 8474 8395 8329 8522 9147 8385 8222 8312 8430 7921 8432 8395 8557 8923 8613 8297 8401 8753 8619 8209 8595 8688 8885 8198 8064 8673 8351 8822 8457 8907 8263 8651 8096 8579 8199 8689 8633 8717 8788 8077 7937 7678
8614 8758 8299 8595 8517 8933 8452 8053 8252 9152 8498 8378 8492 8649 8383 8898 8889 8321 7913 8715 8892 8346 8736 8412 8542 8387 8116 8113 8538 8810 8347 8508 8521 8921 8173 8393 8186 9092 8578 8426 8054 8433 8393 9041 8232 8583 8937 8533 8237 8455 8253 8483 8733 8589 8427 8710 9134 8636 9126 8974 8502 8735 8636 8712 8173 8356 8959 8425 8767 8488 8866 8454 8351 8474 8176 8503 8836 8480 8606 8364 8393 8825 8491 7887 8665 8532 8657 8484 8901 8511 8810 8182 8595 8380 8877 8544 8625 8867 8571 8346 8798 8782 8323 8563 8409 7811 8345 8144 8522 8570 8363 8533 8473 9265 8694 8071 8812 8983 8233 8809 8654 8141 8205 8263 8481 8488 8187 9129 8735 8431 8715 8612 8709 8336 8727 8164 7878 8456 8644 8802 8869 8391 8491 8422 8505 8768 8459 8452 8453 8533 9054 8060 8568 8213 8579 8617 8317 9057 8791 8608 8934 8453 8415 8094 9115 8325 8693 8355 8988 8106 8448 8774 8679 8488 8255 8734 8591 8016 8298 8385 8436 8499 8573 8747 8381 8842 8245 8452 8987 9304 7915 8498 8089 8874 8080 8488 8232 8801 8099 8678 8296 8585 8236 8394 8319 8341 8525 8535 8321 8875 8428 7818 7837 8508 8637 8641 8705 8566 8290 8397 8505 8278 8575 8520 9284 8440 8392 8746 8859 8033 8752 8387 8089 8875 8390 8130 8533 8472 8439 8592 8848 8072 8814 8226 9022 8932 8826 8514 8046 8774 8321 8239 8005 9432 8310 8554 8393 8523 8400 8860 8389 8419 8664 8493 8346 8399 8224 8538 8446 8438 8604 8493 8171 8674 7845 8921 8427 8178 8695 7533 8863 8320 8648 7939 8653 8720 8473 8631 9011 8299 8410 8503 8616 8567 8823 8078 8529 8499 8398 8338 8802 8606 8936 8207 8517 8751 8523 8849 8919 8755 8233 8601 8338 8354 8247 8512 8439 8742 8554 8491 8488 8492 8293 8562 8447 8592 8823 8354 8323 8573 8085 8365 8245 8560 8439 9050 7528 8260 8430 8502 8652 8789 8705 8650 8436 8418 8728 8390 8628 8376 8468 8447 8317 8751 8269 8640 8593 8328 8184 8419 7756 8463 8974 8732 8455 8957 8374 8062 8735 8501 8219 8915 8507 8320 8266 8777 8358 8076 8455 8421 8674 8125 8102 8594 8138 8717 8150 8662 8271 8052 8218 8700 8176 8771 8640 8728 8766 8579 8348 8010
7926 8176 8104 7760 7955 8439 8039 7590 7837 8172 8369 7873 7974 8164 7800 7963 8381 7672 7822 8268 8455 7585 8241 8129 7952 7884 7712 7966 8138 7948 8044 7915 7820 7678 7373 7926 7673 8101 8047 7910 7551 8060 7759 8493 8013 8007 8057 8173 7805 8380 7274 7978 8644 8267 8082 8147 8875 8096 8555 7928 8162 7215 8269 8466 7995 7659 8228 7815 8343 8030 8229 8199 7789 7738 7787 8424 8012 7653 7815 7716 8262 8186 7969 7789 8016 7891 7921 7834 8163 8438 8121 7760 8111 7790 7919 8474 7863 8246 8046 8009 8396 8076 7809 8169 7966 7466 7932 7742 7971 8319 7903 7957 7619 8433 8006 7218 8039 8537 8029 8260 8116 7893 7664 7762 8014 7944 7641 8185 8669 8097 8237 7955 7718 7818 8068 7784 7476 8170 7977 7863 8084 7848 8159 8110 7858 8382 8538 8169 7865 7938 8666 7810 8586 8001 7978 8161 7784 8777 8415 8025 8461 8411 7708 7970 8489 8241 7749 7606 8030 7895 8109 8348 8026 8281 8025 7807 8003 7373 7722 7921 7857 7731 8023 8122 7598 8289 7891 8230 8485 8398 7521 7627 7575 8285 7912 7880 7457 8443 7841 8297 7731 7871 8051 8086 7884 8009 7955 7969 8130 8259 8169 7680 7461 7753 7655 7932 7756 7960 7680 7944 7813 7997 7727 8003 8657 8176 7913 8088 8103 7506 7859 7755 7706 8224 8201 8226 7928 8380 8473 8077 8142 7779 7977 7820 8546 8281 8298 8052 7671 8388 8261 7803 7975 8438 7885 8028 7708 8087 7670 8156 8153 8163 7730 7929 8164 7721 7852 7870 7976 7922 8077 8082 7714 7951 7319 8034 8415 7603 8164 7737 8229 7755 7927 7549 8131 8328 7861 8414 8414 8279 8173 7929 8055 8290 8115 7384 8064 8457 8217 8006 8183 7913 8402 7623 8336 7980 8023 7895 8643 7724 7900 8258 7922 7630 8034 7909 7816 8203 7784 8309 8334 7994 7423 7993 8333 8061 8148 7838 7593 8343 7218 8195 8103 7755 7980 8207 7163 7150 7865 8014 8076 8023 8158 7829 7924 7763 8216 8150 7880 7987 8215 7681 7627 8247 7865 7710 7844 7649 7709 8201 7759 7885 8533 7826 7675 7918 8015 7193 7876 8333 8089 8321 7861 8120 7913 8137 7796 7804 8211 7763 8393 7786 7561 8186 7649 7912 7847 8065 7818 7690 7714 8418 7815 8165 8264 8117 8334 7708 8112 7617
7984 7849 7757 7742 7881 8025 7651 7434 7662 8302 7873 7720 7580 7965 7629 7964 7974 6938 7504 7800 7825 7449 7552 7923 7947 7598 7675 7770 8011 7957 7378 7633 7774 7850 7318 7770 7443 7861 7761 7750 7176 7748 7331 8160 7479 7758 8002 8014 7504 7635 7369 7708 7853 7846 7486 7689 8291 7867 8386 7844 7807 7650 7493 8291 7802 7900 8030 7530 8059 7506 7857 7877 7689 7434 7525 8034 7544 7407 7671 7889 7527 7740 7852 7459 7784 7582 7581 7576 8270 7537 7715 7313 7921 7517 8083 8120 7844 8101 7896 7292 8288 7920 7748 8136 8264 7356 7991 7613 7676 7939 7324 7805 7517 8193 7807 7373 7740 8210 7666 7920 7613 7353 7266 7649 7781 7656 7382 8303 8151 7587 8230 7905 7837 7494 8097 7219 7139 7664 7935 7428 7820 7919 7599 7988 7480 7753 7802 7405 7657 7687 8309 7406 7669 6991 7701 7661 7654 8215 7964 7724 8272 7860 7737 7924 8152 7614 7646 7632 8013 7399 7661 7991 7568 7772 7903 7998 7666 7305 7674 7893 7795 7740 7694 8320 7693 7948 7706 7731 8075 8038 6856 7547 7421 7605 7326 8142 7680 7999 7346 7916 7704 7715 7555 7293 7712 7863 8054 7855 8090 7664 7512 7282 7319 7729 7591 7731 7816 7995 7241 7944 7731 8052 7584 7821 8070 7641 7939 7851 7690 7763 7735 7299 7328 8316 7535 7827 7900 7727 7913 8123 7942 7413 8259 7467 7998 7819 7892 7781 7140 7954 7907 7378 7496 8765 7342 7683 7529 7580 7587 8024 7622 7818 7613 7873 7749 7291 7396 7696 7628 7445 7937 7924 7409 7619 7258 7791 7592 7371 7897 7289 8011 7473 7770 7208 7770 7796 7423 7698 8192 8036 7941 7836 8124 7796 7847 7551 7784 7671 7502 7781 8017 7646 8259 7416 7451 7797 7937 7988 8561 7918 7826 7811 7561 7473 7601 7202 7604 7814 7699 8049 7781 7865 7630 7787 7665 7751 8023 7591 7613 7864 7702 7424 7590 7610 7566 7825 6773 7643 7429 7793 7566 8127 8000 7680 7519 7677 7757 8068 7691 7659 8028 7724 7681 7757 7664 7604 7186 7306 7518 7651 7364 7512 8264 7833 7642 7845 7743 7321 7895 7665 7641 7814 7596 7702 7669 7778 7525 7650 7798 7680 7872 7662 7222 7608 7330 7964 7745 7890 7397 7501 7641 7935 7387 7507 7681 7936 8182 7609 7449 7292
8379 8452 8264 8296 8463 8490 8060 8111 8583 9086 8640 8593 8675 8970 8316 8332 8722 8211 8267 8696 8548 8267 8530 8409 8348 8207 8227 8325 8592 8717 7938 8513 8363 8180 7918 8225 7888 8715 8243 8191 7896 8186 8105 9067 8595 8409 8766 8211 8390 8710 8027 8517 8916 8695 8652 8869 9231 8694 8583 8745 8705 8252 8792 8846 8490 8418 8574 8329 8892 8331 8583 8315 8415 8138 8282 8568 8290 8153 8055 8546 8275 8893 8617 7840 8303 8118 8321 8263 8798 8651 8517 8307 8411 8483 8276 9004 8363 8624 8793 8193 9188 8323 8173 8779 8547 7748 8331 8214 8135 8581 8065 8174 8188 8819 8622 7991 8509 8725 8394 8814 8128 8202 7814 8143 8151 8394 7896 8839 9045 8205 8831 8513 8574 8076 8904 8446 7903 7991 8265 8564 8343 8557 8346 8684 8389 8770 8471 8399 8490 8310 8951 8123 8672 7933 8345 8568 8140 9086 8673 8331 8813 8835 8476 8461 9117 8433 8363 8204 8494 8210 8386 8719 8628 8328 8079 8324 8349 8232 8094 8494 8192 8370 8543 8830 8262 8945 8446 8767 8588 8732 8141 8260 7893 8855 7983 8561 7949 8699 8094 8396 8276 8503 8582 8437 8470 8481 8293 8356 8395 8624 8510 8063 7943 8373 8640 8699 8374 8423 7728 8568 8142 8378 8195 8567 9131 8610 8471 8369 8354 8089 8881 8134 8390 9059 8122 8534 8440 8587 8888 8651 8667 8180 8434 8392 8625 8548 8814 8197 7927 8744 8617 8461 8110 9269 8242 8378 8191 8500 8094 9086 8541 8509 8367 8576 8294 8022 8261 8409 8591 8779 8415 8751 8185 8089 7579 8496 8341 8327 8541 7790 8824 8147 8478 7820 8272 8229 8165 8477 9038 8609 8410 8565 8629 8513 8857 8190 8299 8665 8822 8605 8651 8184 8721 8133 8381 8534 8496 8395 8953 8577 8384 8580 8375 7967 8223 8125 8607 8982 8301 8819 8403 8347 8373 8444 8522 8583 8587 8292 8254 8631 7989 8007 8555 8376 8530 8826 7551 8452 8282 8567 8261 8663 8708 8147 8530 8307 8677 8615 8298 8387 8526 8283 8297 8714 8101 8317 8142 8116 8286 8868 8291 8244 8929 8250 8352 8419 8221 7841 8610 8523 8461 8678 8307 8742 8026 8408 8148 8200 8538 8152 8917 8378 8569 8672 8057 8783 8192 8388 8279 8381 8259 8794 7964 8540 8687 8091 8952 8540 7924 8122
7874 7761 7364 7479 7990 8143 7806 7245 7418 8181 7500 7495 7580 7613 7407 8235 7994 7568 7443 8046 8216 7197 7622 7643 7748 7306 7298 7378 7814 7919 7381 7635 7466 7953 7306 7638 7598 7740 7641 7676 7312 7932 7218 8175 7512 7690 7959 7304 7249 7498 7391 7575 8390 8063 7763 7879 8348 7814 8321 7530 7738 7493 7978 8281 7303 7905 7959 7452 7653 7677 8058 7764 7669 7876 7321 7815 7810 7571 7769 7566 7596 7654 7677 7422 7433 7841 7608 7465 8248 7801 7930 7290 7818 7499 7770 7779 7789 8269 8027 7585 7946 7786 7887 7820 7581 6830 7381 7400 7576 7449 7418 7824 7478 8238 7689 7096 7923 8096 7799 7815 7728 7038 6947 7592 7526 7334 7165 7964 8081 7968 7908 7695 7599 7666 7842 7152 7171 7703 8000 7291 7731 7822 7682 8090 7527 7835 7611 7777 7555 7244 7856 7023 8076 7273 7596 7449 7385 8088 7960 7653 7908 7428 7656 7913 7876 8065 7685 7353 7844 7517 7635 7985 7698 7971 7512 7828 7804 7481 7212 7613 7312 7672 7675 8127 7318 8192 7547 7398 8127 8153 7120 7493 7572 7739 7378 7972 7495 7473 7124 7837 7375 7677 7827 7487 7457 7987 7785 7886 7416 7494 7884 7345 7007 7665 7838 7653 7644 8294 7140 7530 7681 7463 7645 7604 8252 7891 8071 7714 8019 7212 7795 7445 7659 7676 7366 7555 8002 7737 7727 7862 7919 7375 8219 7463 8131 7962 7999 7666 7898 7870 7766 7384 7561 8235 7594 7673 7602 7522 7483 7818 7389 7916 7949 7670 7823 7651 7194 7654 7479 7855 7958 8095 7199 7843 7278 7857 7376 7709 7777 7257 7595 7448 7861 7399 7832 7902 7665 8084 8343 7836 7825 7680 8129 7498 7832 7176 7708 7667 7674 7448 7750 7844 7686 7058 7641 8098 7629 8206 7937 7569 7357 7979 7347 7522 7300 7408 7583 7893 7416 8035 7467 7423 7039 7701 7649 7678 7672 7734 7244 7782 7319 7427 7850 7741 7392 7811 6858 7366 7428 7777 7994 7776 7664 7888 7438 7754 7799 7677 8111 7871 7802 7553 7744 7767 7327 7806 7830 7297 7662 7556 7295 7600 8072 7887 7817 7727 7603 7251 7914 7703 7612 7772 7700 7589 7659 7798 7616 7539 7355 7580 8100 7659 7568 7852 7323 8078 7783 7494 7352 7605 7507 7670 7553 7855 7567 7975 7589 7896 7538 7301
8882 8726 8436 8598 8473 9193 8647 8192 8211 9293 8662 8674 8828 8872 8287 8862 9285 8191 8003 9061 9026 8179 8915 8659 8555 8437 8376 8563 8836 8757 8142 8276 8580 8862 7725 8304 8408 8787 8639 8330 8435 8499 8100 8916 8898 8971 8921 8229 8475 8900 8161 8638 8970 8711 9145 8610 9208 8380 9079 8833 8651 8659 8666 9054 8454 8626 8907 8653 8972 8640 8877 8415 8641 8463 8425 9032 8829 8951 8427 8457 8584 8862 8502 7959 8600 8777 8375 8525 9154 8864 8925 8181 8453 8501 8809 8665 8843 9161 8621 8464 8684 8473 8757 8804 8747 8061 8144 8203 8797 8566 8484 8712 8705 9131 8273 8006 8745 9120 8703 8920 8719 8588 7965 8347 8896 8275 8271 8572 9042 8702 8803 8489 8548 8479 8803 8248 8190 8639 8778 8421 8922 8503 8594 8703 8379 9141 8678 8412 8778 8579 8827 8206 9030 8333 8176 8718 8828 9028 8766 8212 8597 8633 8686 8516 8789 8676 8443 8433 8978 8229 8507 8780 8783 8886 8706 8492 8593 8301 8617 8624 8526 8723 8716 8858 8385 9075 8552 8651 8891 8973 8125 8334 8151 8714 8406 8638 8344 8884 8183 8952 8290 8697 8674 8515 8638 9006 8785 8564 8949 8951 8911 8367 7951 8732 8604 8571 8582 8653 7834 8841 8757 8394 8819 8732 9448 8784 8571 8406 9139 8151 8898 8425 8292 9372 8767 8340 8471 8799 8998 9370 8698 8209 9126 8390 8975 9031 8871 8617 8274 9068 8389 8276 8402 9021 8670 8280 8407 8913 8350 8915 8266 8669 8622 8468 8781 8347 8574 8720 8400 8849 8811 8728 8461 8754 8191 8889 8657 8177 8792 8029 8900 8546 8373 8439 8572 8642 8424 8846 9070 9077 8889 8946 8874 8852 8891 8478 8658 8655 8627 8575 8593 8534 8926 8482 8513 8872 8797 8814 9194 8377 8552 8661 8628 8405 8600 8744 8148 8949 8292 8976 8711 8477 7983 8893 8637 8941 8763 8508 8329 8884 8121 8447 8503 8577 8200 8763 7847 8166 8287 8897 8786 9007 8827 8556 8795 8463 8576 8461 9019 8721 8748 8367 8541 8642 8284 8636 8521 7892 8518 8746 8413 8433 9204 8658 8522 8794 8474 7929 8744 8622 8436 8724 8451 8774 8458 8736 8433 8449 8670 8589 9238 8238 8515 8990 8166 8400 8402 8659 8591 8412 8048 8759 8628 9005 8690 8631 8896 8573 8630 8180
7684 7825 7682 7785 8091 8216 7787 7440 7609 8188 8071 7757 7595 8039 7870 7961 8265 7385 7672 8373 8030 7339 7919 8054 8094 7347 7638 7583 8114 7890 7373 8001 7735 7742 7317 7575 7524 7725 7945 7614 7282 7958 7251 8371 7623 7986 7789 8017 7528 7778 7227 8059 8142 8067 7676 8186 8295 7742 8461 8249 7829 7769 8218 8330 7541 7688 7981 7952 8007 7474 8228 7808 7663 7633 7502 7975 7961 7715 7818 7637 7236 7802 7881 7446 7759 7803 7737 7922 8178 7650 7901 7499 7683 7564 7878 7938 7986 8057 8084 7206 8145 7680 7451 7977 7762 7153 7766 7910 7835 7729 7451 7579 7545 8191 7446 7238 7905 8147 7722 8003 7687 7189 7448 7425 7956 7408 7523 8501 8058 7695 8507 8142 7782 7736 8141 7391 7401 7706 7684 7328 7595 8011 7860 8057 7831 7870 8081 7536 7708 7656 8117 7457 7851 7038 7869 7685 7620 8334 7969 7791 8415 7636 7744 7868 8009 7895 8218 7488 8291 7457 8073 7731 7867 7695 7574 7590 7814 7514 7537 7888 8104 7570 7644 8258 7486 7818 7583 7750 8189 8266 7148 7725 7366 8231 7300 7526 7847 7846 7650 8200 7642 7821 7816 7938 7789 7884 7732 7995 7950 7935 7792 7270 7438 7555 8302 8063 7692 8037 7568 7904 7769 7972 7613 7759 8505 8064 7885 7935 8176 7394 7901 7483 7217 8196 7366 7476 8065 8048 8004 8037 8182 7394 7775 7441 8242 8482 8044 7882 7451 7822 8144 7708 7450 8586 7526 7650 7589 7722 7702 7965 7823 8147 7450 7826 7626 7576 7617 7795 7933 7881 8300 7694 7534 7838 7187 7933 7845 7685 8020 6986 8121 7596 8047 7485 8040 8060 7767 7816 8146 8009 7883 7768 8224 7873 8233 7039 7703 8171 7806 7694 8252 7802 8100 7707 7932 8138 8139 7623 8316 7561 7613 7848 7791 7492 7615 7553 7857 8108 7677 8274 7835 7815 7573 7532 7906 7764 7984 7883 7432 8278 7056 7485 7946 7707 7286 7870 7107 7635 7805 8208 7956 8029 8082 7582 7827 7373 7731 7936 8152 7675 8014 7609 7601 7865 7834 7789 7623 7723 7504 7659 7686 7741 8279 8080 7689 8047 7583 6887 7631 7704 8115 7954 7545 7815 7486 7744 7545 7381 7562 7894 8524 7577 7515 7971 7824 7999 7516 7953 7449 7804 7293 7982 7678 7948 8264 7792 8263 7633 7281 7162
7927 7882 7848 7734 8030 8357 7594 7569 7497 8531 7869 7805 8154 7883 7514 8167 8152 7339 7518 8132 8220 7603 8139 7866 7360 7855 7632 8071 8259 8008 7252 8139 7757 7980 7392 7689 7450 8008 8126 7418 7273 7964 7412 8190 7886 8067 8000 7983 7818 7664 7412 7936 8002 7927 8020 7818 8506 7611 8215 8254 7811 7612 8001 8449 7729 7616 7898 7716 8175 7585 7962 7533 7742 7487 7689 8215 8064 7653 8102 7795 7985 7872 7998 7420 8044 8006 7803 7824 8078 7888 8002 7645 7814 7534 7911 8282 7872 8597 8074 7618 7853 7915 7852 8054 8035 7207 7797 7743 7733 8000 7690 7855 7549 8106 7799 7260 8017 8205 7628 8007 7590 7254 7383 7839 7974 7712 7303 8284 8579 7509 8014 8175 7767 7710 8092 7374 7447 8057 7994 7440 7945 7696 7946 7902 7576 8349 7762 7777 7791 7723 8030 7695 7923 7173 8069 7877 7882 8329 7940 7663 8472 7819 7811 7947 8001 7921 7662 7388 8173 7617 7933 8062 7522 7865 7959 8342 8017 7654 7688 7958 7684 7879 7983 8374 7432 8146 7563 7864 8159 8311 7236 7890 7561 7979 7386 7713 7923 8239 7433 8061 7797 7952 7737 7541 7624 7804 8168 7852 7955 8093 7903 7525 7605 8038 8103 8295 7750 7837 7400 7900 7787 7853 7903 7934 8375 7699 7807 7856 8039 7559 8052 7597 7670 8397 7891 7472 7614 8294 7783 8179 8279 7567 8036 7622 8348 8040 8027 7863 7593 7991 7737 7491 7536 8459 7710 7802 7572 7879 7651 7998 7863 7743 7823 7862 7589 7633 7836 7701 7484 7820 8233 8214 7451 7874 7233 7447 7802 7513 8031 7241 8149 7700 7879 7794 7896 7958 7801 7962 8166 8100 7910 7867 8054 7860 7737 7626 7615 7579 7845 7789 8259 7673 8178 7456 7873 8138 7564 7995 8364 7700 7710 7792 7764 7684 7960 7746 7420 8103 7653 8134 7831 7929 7503 7951 7975 8081 8039 7632 7420 8156 7519 7429 8326 7844 7550 7928 7119 7628 7769 7924 7730 8332 7900 7759 8043 7523 7902 7978 8014 8121 7945 7920 7650 7762 7584 7897 7907 7572 7831 8020 7578 7721 8489 7735 7657 7910 7904 7235 7672 7754 8013 7855 7909 7472 7723 8077 7714 7526 7971 7720 8154 7571 7858 8192 7344 8038 7496 7592 7845 7745 7431 8068 7474 8235 7859 8073 7963 7738 7627 7316
8794 8605 8408 8416 8409 8654 8432 8014 8192 8806 8377 8236 8419 8350 8547 8669 8821 7815 8172 8848 8808 7910 8345 8437 8494 8305 8240 8410 8559 8240 8258 8519 8408 8226 8215 8254 8666 8522 8245 8269 8119 8660 8199 9047 8426 8592 8616 8335 8434 8222 7885 8336 9010 8855 8581 8681 8770 8396 9201 8714 8815 8514 8694 8955 8177 8282 8736 8551 8921 8195 8560 8321 8824 8445 8101 8582 8556 8230 8109 7988 7950 8664 8730 7868 8085 8573 8366 8452 8591 8537 8333 8339 8658 8342 8805 8605 8628 8800 8697 8140 8746 8224 8190 8614 8170 7809 8195 8261 8181 8428 8160 8123 8182 9004 8413 7628 8354 8823 8288 8563 8565 8223 8079 8354 8478 8258 8001 8940 8908 8290 8657 8373 8165 8455 8731 8166 8086 8142 8286 8315 8363 8237 8086 8925 8604 8806 8422 8375 8356 8171 8876 7979 8536 7971 8354 8572 8788 8662 8644 8400 8641 8332 8415 8206 8668 8478 8477 8040 8600 8019 8774 8195 8386 8415 8421 8445 8454 7837 8043 8534 8517 8565 8351 8708 8188 8783 8019 8238 9059 8812 7815 8289 8193 8408 7926 8248 8300 8480 7912 8734 8026 8466 8480 8512 8208 8407 8580 8400 8338 8756 8499 7995 7774 8478 8462 8576 8450 8286 8118 8402 8188 8180 8574 8055 9111 8498 8691 8566 8367 8044 8476 8220 8311 8806 8465 7974 8535 8590 8838 8921 8998 7997 8933 8240 8646 8736 8900 8285 8054 8553 8598 8176 8153 9234 8255 8399 8328 8542 8481 8705 8366 8596 8058 8007 8475 8351 8396 8470 8306 8744 8969 8537 8116 8404 7768 8525 8357 8327 8515 7836 8513 8154 8797 8039 8919 8749 8503 8776 9066 8602 8623 8539 8967 8505 8650 8106 8557 8312 8549 8296 8724 8201 8914 8126 8559 8773 8402 8398 8813 8555 8437 8606 8649 8120 8296 8257 8142 8611 8305 8569 8480 8376 7882 8044 8305 8511 8627 8124 8248 8417 7874 8235 8425 8158 8373 8557 7293 8245 8259 8524 8529 8706 8634 8153 8114 8042 8589 8737 8791 8382 8498 8362 8272 8671 8156 8317 8169 8176 8397 8608 7977 8500 9019 8431 8203 8320 8320 7639 8329 8361 8549 8321 8516 8376 8407 8488 8066 8405 8424 8646 8947 8205 7872 8735 7861 8741 8411 8136 8180 8238 7881 8499 8187 8728 8458 8773 8503 8449 7942 7868
8405 8199 8111 7769 7852 8545 8075 7701 7602 8705 8043 8120 8150 8186 7839 8273 8293 7445 7612 8261 8063 7860 8657 8222 7921 7849 7859 7859 8343 8053 7668 8176 7977 7842 7382 7841 7584 8269 8290 7985 7401 7698 7659 8190 8253 8004 8194 8095 7962 8129 7938 8057 8075 8247 8478 8159 8572 8115 8301 8015 8257 8066 8402 8437 7591 8268 8451 7626 8257 7655 8315 8064 8169 7529 7662 8142 7937 7803 7995 7904 7910 8034 8329 7335 8147 8049 7720 8084 8283 8456 7980 7235 8060 7927 8170 8134 8066 8120 8057 7765 8283 8070 7622 8343 8048 7289 7578 7974 7887 7949 7856 7704 7804 8265 7953 7425 8019 8371 8043 7916 7657 7605 7429 7743 8054 7958 7407 8259 8459 8002 8431 8118 8096 7834 8515 7715 7567 7967 7939 7982 7992 8000 8056 8210 7800 8179 7912 8319 7935 7951 8232 7678 8180 7281 8152 8446 7612 8526 8150 8147 8501 8209 7787 8042 8181 8084 7834 8008 8095 7591 8007 8364 7828 8007 8359 7886 8066 7689 7677 7994 7671 7793 8192 8246 8302 8462 7569 8017 8314 8245 7406 7812 7377 8161 7452 8149 7987 7965 7637 7977 7887 7713 7982 7869 7843 8089 8078 8146 8152 8111 8132 7485 7199 8068 8210 8332 8061 8024 7626 8202 7643 8008 7668 7922 8668 8244 7980 7820 8121 7616 8555 7721 7524 8192 8057 7533 7914 7941 8266 8468 8020 7661 8199 7684 8389 8227 8256 8088 7713 8112 7851 8090 7620 8935 7864 8227 8012 8243 7896 8141 7905 7962 7811 7888 7880 7932 7760 7816 7809 8160 8249 8281 7763 8338 7314 8103 8047 7638 8102 7425 7958 7875 8079 7750 8093 8098 7598 8352 8518 8191 7964 7934 8213 8088 8173 7759 8209 7928 8325 8107 8076 7736 8375 7740 8297 8250 8174 8041 8339 7890 7919 8052 7846 7659 7887 7893 7724 8134 7697 8254 8062 7882 7562 7986 8077 8049 8120 7829 7682 8301 7336 7975 7772 8160 7716 8226 6897 7694 8041 7938 7904 7864 8347 7695 8239 7489 7303 7815 8324 8125 7913 8113 7503 8240 7556 8056 7955 7571 8054 8252 7897 7805 8528 7767 7831 7816 7713 7207 8079 7713 7870 8201 7885 8126 7888 8321 7796 7688 7945 8276 8586 7494 7496 8040 7680 8071 7791 7519 7873 7992 7411 8128 7656 8110 8277 7984 8300 7810 7893 7867
7828 8217 7744 8014 8131 8470 7933 7319 7723 8290 7961 7800 8136 8350 7885 7966 8053 7593 7567 8290 8179 7388 7972 7937 7799 7582 7525 7926 8462 8263 7639 8127 8027 7784 7444 7961 7622 8078 7942 7890 7342 8350 7464 8398 7808 7944 8334 7939 7854 8015 7645 8271 8334 8337 7931 8159 8807 7774 8506 8076 7859 7769 8225 8377 7794 7886 8001 7883 8191 7942 8148 7897 7701 7482 7734 8362 8079 8142 7915 8031 7727 8125 7882 7187 8412 7679 8095 7930 8431 7812 8033 7579 8236 7502 7822 8023 8228 8125 8107 7590 8167 7946 7869 8151 8171 7153 7838 7708 7539 8273 7518 7717 7445 8136 7537 7097 8100 8387 7766 8331 7839 7710 7544 7992 8024 8009 7346 8439 8198 8051 8191 8262 7911 7867 8265 7661 7445 7730 8134 7501 8293 7855 7800 8235 7775 8322 8121 8061 7801 7783 8441 7485 8115 7161 8015 7838 8128 8394 7969 7860 8135 8138 7473 7911 8029 7829 8394 7601 7898 7274 7882 8183 7678 7804 7878 7861 7764 7707 8046 8142 7925 7878 8189 8594 7824 8323 7343 7938 8222 8189 7299 7915 7317 8133 7758 7783 7833 8128 7842 7770 7577 8028 8118 7943 7654 8068 8288 7973 8197 8228 8114 7591 7689 8239 8249 8158 8020 7929 7502 7974 7658 7928 7671 7848 8421 7831 8028 8069 8136 7378 8251 7931 7420 8432 7865 7944 8181 7794 8197 8262 8452 7587 8471 7610 8268 8457 8236 7895 7658 7963 7972 7619 7529 8562 7973 7628 7641 8303 7675 8082 7789 7925 7818 8107 7953 7755 7857 8192 7774 7785 8282 7996 7719 8180 7244 7889 8058 7548 8237 7097 8136 7910 7790 7411 8032 7730 7863 7811 8415 7887 8209 7965 8706 8076 7868 7451 7981 8071 8021 7728 8195 7698 8456 7403 7984 7956 7841 7885 8619 8114 7900 8120 7932 7598 7519 7613 7756 8327 7727 8169 8009 7937 7960 7779 8038 8118 8005 7906 7426 8193 7772 7825 7991 7700 7904 8360 7106 7455 7666 7911 8232 8409 7932 7758 8333 7709 8137 8107 8303 7688 7902 7717 7939 8242 7634 7942 7917 7886 7583 8066 7437 7926 8521 7904 7702 7947 7904 7542 7840 7581 7621 8050 7641 7528 7488 7978 8033 7769 7926 8362 8207 7821 7821 8050 7816 8090 7767 7460 7789 7521 7700 8098 7862 8030 7656 8605 7931 7825 7626 7587
8085 8048 8341 7982 8278 8630 7970 7625 7750 8671 8156 8212 8270 8733 8317 8561 8681 8189 8159 8500 8630 7811 8304 8525 8261 7929 7819 7863 8587 8581 7571 8407 8683 8029 7619 8141 7455 8506 8305 8089 7928 8176 7913 8901 8137 8106 8506 7887 8008 8230 8194 8326 8074 8518 8479 8478 8907 8137 8919 8532 8332 8055 8588 8456 7890 8238 7973 8079 8324 7708 8591 8407 8174 7894 7862 8644 8263 8104 8156 7917 7927 8475 8368 7892 8156 7933 8250 8246 8691 8178 8287 7640 8572 7873 8151 8511 8048 8673 8611 7879 8574 8090 8280 8218 8414 7565 8095 7935 8082 8434 7878 8294 8059 8127 8035 7678 8362 8176 7982 8327 8063 7838 7495 8156 8330 7561 7833 8755 8337 8146 8538 8066 8054 8015 8277 7655 7526 7956 8063 8030 8235 8141 8208 8282 8044 8500 8268 7838 7875 8094 8693 7675 8450 7574 8431 8209 8053 8702 8555 8052 8890 8480 7812 8299 8427 8285 7999 7799 8385 8265 8085 8544 8285 8089 8163 8178 8299 7964 7603 7724 8137 8224 8427 8251 8108 8490 7833 8211 8454 8475 7896 7850 7506 8378 7570 8299 8241 8266 7980 8545 7889 7850 8172 8162 8151 8489 8279 8082 8177 8077 8194 7520 7762 7853 8287 8390 7476 8459 7761 8224 8023 8305 8249 8031 8809 8602 8109 8422 8383 7700 8282 8048 8087 8634 7812 8086 8362 8555 8291 8098 8373 7941 8628 7962 8480 8539 8197 8181 7802 8353 8122 8330 7810 8743 8297 8056 8223 8333 7869 8583 8080 8298 8081 7964 8231 8200 8189 8590 7512 8244 8443 8371 7757 7919 7482 8478 8234 7865 7981 7539 8425 8057 8345 7878 8169 8455 7869 8517 8834 8166 8302 7789 8467 8271 8893 7332 8295 8192 8233 8263 8333 8168 8458 7661 8410 8401 8175 8329 8827 8088 8250 8370 8054 7636 8005 7738 8285 8492 7843 8351 8381 8020 7822 8194 8256 7874 8345 8096 8183 8202 7643 8149 8289 8463 8033 8765 7755 7756 7991 8265 8333 8394 8239 7793 8521 7800 7945 8055 8077 7884 8219 7552 8120 8392 8314 8243 8122 7610 7916 8387 7763 7977 8599 8304 7947 8209 8130 7557 8167 8413 7929 8626 8058 8101 8166 7949 7958 8111 7909 8176 8645 8217 8018 8015 7888 8209 7850 8202 8079 8118 7750 8187 7830 8302 8104 8329 8622 8399 8027 7538
8656 8778 8732 8437 8804 9276 8277 8497 8369 9054 8720 8559 9032 8793 8787 8716 8916 8335 8729 8768 8794 8175 8938 8986 8896 8429 8463 8591 9002 8784 8459 9022 9030 8654 8211 8429 8204 8892 8789 8795 8206 8540 8316 8950 8738 8954 8911 8732 8581 8589 8421 8657 9352 9031 9171 8798 9448 8539 9283 9027 8705 8960 9247 8763 8352 8553 8687 8634 9404 8676 8943 8765 8738 8531 8443 9135 8977 8575 8751 8419 8402 8998 8644 8231 8597 8903 8626 8374 9222 8927 8657 8434 8607 8163 8645 8878 8814 9021 8910 8567 8947 8373 8852 8999 8701 8031 8607 8328 8499 8595 8715 8545 8287 9519 8595 8074 8774 8892 8689 8879 8476 8368 8030 8414 8614 8783 8337 9446 9207 8431 8759 8825 8341 8665 8714 8459 8124 8594 8398 8295 9021 8537 8758 8769 8983 8903 9086 8666 8732 8446 9217 8287 8838 8305 8445 8365 8548 9238 8877 8911 9198 8588 8554 8719 8907 8796 8721 8341 9231 8547 8592 9022 8712 8579 8725 8933 8483 8522 8351 8780 8452 8934 9078 9088 8480 8920 8430 9048 9309 8878 8002 8490 8098 8867 8116 8411 8615 9177 8479 9060 8349 8773 8699 8617 8919 8565 8648 8761 8759 8785 9022 8337 7918 8905 9163 8884 8256 8568 8356 8988 8864 8538 8164 8796 9589 9225 8993 8654 8495 8191 8901 8310 8423 9254 8337 8706 8912 9068 8814 9375 8981 8358 8902 8514 8941 9167 9051 8723 8525 8946 8427 8294 8318 9289 8690 8580 8453 8827 8586 8707 8643 8584 8428 8686 8547 8439 8531 8810 8448 8615 9053 8575 8519 8885 8180 8934 8741 8547 8644 8026 8999 8242 8593 8613 8744 8981 8304 8880 9324 8707 8625 9025 9097 8584 8952 8241 8551 8926 8928 8621 9226 8762 8880 8435 8958 8841 8592 9065 9397 8557 8789 8938 8832 8448 9016 8517 8584 8958 8679 9220 8978 8553 8255 8343 8633 8770 9032 8604 8569 9099 8060 8374 8900 8968 8738 8839 7973 8589 8504 8824 8522 9027 8897 8895 8823 8480 8868 8607 9009 8882 8847 8461 8564 8710 8360 8940 8787 8567 8518 8980 8259 8467 9259 8358 8406 8924 8478 8147 8510 8830 8709 9004 8700 8625 8834 8694 8436 8706 9075 8830 8820 7786 8711 8986 8583 8819 8320 8788 8459 8667 8285 8959 8504 8805 8769 8976 8995 8819 8385 7987
8645 8499 8303 7790 8286 8770 7913 7692 8352 8832 8134 8236 8298 8271 8160 8538 8799 7954 7593 8588 8644 7903 8222 8446 8641 8178 8011 8499 8522 8199 7940 8050 8068 8056 7713 8114 7973 8557 8102 7922 7782 8248 7893 8622 8433 8520 8442 8383 7890 8573 7974 8007 8827 8231 8363 8274 9051 8297 8732 8565 8407 8010 8688 8836 8018 8284 8652 8511 8515 8119 8255 8147 8308 8033 7699 8576 8355 7973 8100 8224 8306 8535 8193 7648 8365 7940 8337 8284 8956 8171 8392 8050 8154 8107 8582 8638 8272 8820 8620 8388 8528 8203 8091 8603 8394 7591 8283 7875 8021 8484 7897 8173 7838 8477 7989 7762 8672 8668 8233 8672 8130 7716 7569 8028 8104 8425 7911 8734 8675 7886 8368 8222 8377 8359 8293 8016 8030 8263 8247 8128 8057 8072 8333 8143 8186 8684 8225 8403 8120 7859 8742 7998 8362 8127 8150 8231 8450 8900 8653 8188 8679 8294 8130 8279 8844 8316 8190 8091 8509 7927 8591 8451 8143 8601 8094 8325 8422 7924 8137 8292 8141 8241 8474 8713 7792 8741 7936 7863 8515 8640 7583 8211 7938 8548 7945 7972 8174 8720 7851 8515 8128 8081 8419 7943 8200 8449 8526 8477 8321 8404 8256 7948 7836 8066 8188 8421 8113 8252 7874 8344 8059 8107 8216 8527 8948 8775 8440 8387 8370 7869 8675 8054 7634 8849 7970 8075 8520 8589 8423 8590 8587 7779 8412 8180 8648 8650 8321 8148 8182 8519 8475 8198 7787 9116 8090 8145 8217 8453 7956 8706 8253 8454 7966 8134 7993 7886 8008 8134 7935 8272 8645 8510 7904 8045 7596 7999 8261 8233 8608 7761 8346 7881 8338 7743 8285 8487 8197 8285 8783 8419 8286 8127 8608 8537 8399 8000 8312 8333 8313 8242 8609 8114 8913 8164 8257 8220 8417 8324 8736 8186 8085 8264 8132 8012 7990 7891 8152 8808 8093 9090 8250 8458 7794 8100 8286 8493 8094 8132 8072 8463 7762 8180 8480 8254 8372 8372 7398 8093 7975 8198 8256 8382 8648 8264 8199 7839 8506 8423 8674 7939 8586 8114 8053 8355 8257 7934 8085 8018 7843 8185 8054 8241 8507 8321 8085 8554 8386 7712 8267 8147 8434 8422 8170 8390 7824 8548 7798 7873 8082 7951 8583 8279 8322 8578 7936 8397 7813 8419 8254 8051 7860 8811 8003 8329 8375 8314 8608 8374 8058 7746
7886 8063 8032 7917 8136 8477 7950 7868 7726 8755 8283 7876 8174 7977 8071 8349 8646 7814 7653 8056 8111 7851 8526 8070 7892 7786 7721 8048 8334 8233 7863 8097 8106 7977 7361 7718 7683 8057 8072 8088 7767 8211 7732 8438 7999 7945 8559 8009 8020 8149 7502 7775 8217 8630 8145 8454 8952 8054 8637 8174 8296 7822 8528 8733 7555 7767 8178 8014 8250 7918 8141 7954 8061 7801 7825 7978 7803 7934 8072 7946 7914 8424 8157 7912 8064 7875 7769 7977 8497 8196 8110 7874 8219 7680 8074 8176 8034 8042 8121 7906 8378 7891 8225 8133 8053 7631 7712 7705 8162 7982 7616 7972 7819 8371 7967 7506 8134 8196 8189 8283 8017 7693 7436 7943 8047 8006 7685 8862 8585 8020 8323 8004 7927 7935 8363 7927 7483 8075 7741 8044 8085 8032 8173 8012 7803 8406 8005 7991 7965 7953 8113 7834 8212 7606 8214 8362 7651 8503 8235 8053 8149 8353 7900 8155 8327 7862 8041 7933 8100 7565 8115 8440 7975 7937 8056 7986 8018 7620 7405 7551 7527 7883 8158 8218 7947 8444 8059 8164 8070 8566 7550 8410 7556 8171 7509 8051 7992 7899 8001 8088 7738 8273 7964 8267 7890 8219 7781 7940 8242 8339 8212 7457 7117 8054 7863 8290 8117 8345 7531 8099 7831 8057 7754 7946 8581 7883 7928 8018 8255 7613 8029 7943 7769 8673 7868 7948 8135 7953 8496 8303 8723 7890 8151 7890 8778 8162 8145 7929 7646 8062 8204 7970 7604 8743 7736 7770 7805 7798 8032 8331 7672 8346 7816 7950 7942 7676 7584 8288 8036 8387 8271 8170 7791 8059 7268 8272 8413 8028 8374 7621 8088 7677 7976 7939 8235 8437 7750 8073 9031 8237 8249 8083 8256 8331 8138 7731 8352 8397 8082 8174 8262 7713 8129 7700 8259 8000 8058 8242 8794 8043 8289 8629 8089 7875 7852 7674 7615 8247 8282 8276 7983 7926 7487 8144 8308 8155 8235 8006 8077 7825 7771 7651 7869 7944 7821 8183 7438 7908 8022 8239 8226 8230 8016 7972 8275 7920 8124 7905 8104 8121 8382 7830 7866 8076 8091 8175 7684 7773 7585 8181 7691 7681 8673 8036 7832 8011 7826 7532 8220 8113 7774 8067 8073 7877 7966 7992 7834 8069 7902 7985 8460 7809 7965 7916 7966 8170 7741 7877 7802 7680 7868 8356 7657 8260 8168 8064 8384 7970 7504 7579
8542 8492 8566 8325 8423 8794 8366 7851 8165 8745 8231 8025 8343 8408 8411 8442 8743 8065 8191 8425 8574 7977 9134 8565 8402 8062 8169 8325 8619 8772 7822 8565 8374 8223 7870 7964 8118 8257 8663 8047 7937 8280 7906 9066 8349 8430 8412 8289 8247 8418 7808 8414 8585 8676 8462 8885 8981 8397 8637 8888 8466 8379 8507 8810 8297 8407 8788 8250 8337 8063 8389 8106 8516 8422 7967 8439 8337 7977 8103 8335 7745 8715 8276 7820 8667 8651 8291 8313 8379 8376 8307 8187 8421 7974 8468 8468 8396 8963 8503 8141 8452 8277 8204 8317 8330 7566 8268 7938 8401 8401 7920 8331 8177 8628 8488 7550 8584 9007 8201 8594 8338 7909 7617 8113 8423 8148 8061 8713 8724 8403 8310 8263 7952 8306 8606 7912 7778 8136 8626 8225 8584 8134 8438 8336 8174 8686 8523 8568 8158 8345 9370 8109 8352 7717 8437 8492 8171 9099 8477 8018 8606 8204 8363 8343 8568 8421 8601 8203 8616 8125 8402 8863 8406 8307 8226 8180 8182 8160 8048 8693 8257 8207 8577 9058 8268 8355 8243 8302 8772 9010 7874 7928 7710 8572 8048 8328 8112 8518 7861 8651 8181 8106 8110 8374 8364 8261 8157 7887 8346 8500 8487 7880 7631 7996 8443 8799 8072 8529 7759 8342 8610 8240 8251 8109 8916 8503 8555 8497 8661 8137 8465 8277 8459 8521 8255 8133 8310 8764 8511 8488 8603 8146 8641 8039 8679 8666 8514 8530 7910 8570 8104 8081 8031 8887 8234 8230 8261 8481 8234 8626 8405 8370 8201 7950 8343 8158 8090 8437 8360 8469 8671 8368 8413 8523 7645 8526 8392 8233 8163 7548 8739 8056 8445 7744 8309 8224 8157 8541 9142 8306 8635 8467 8623 8523 8289 8120 8549 8626 8721 8656 8387 8335 8417 7991 8494 8630 8886 8381 8996 8232 8522 8533 8477 7922 8513 8181 8036 8192 8201 8887 8262 8374 7741 8760 8389 8484 8317 8148 7879 8457 8170 8279 8316 8448 8061 8919 7524 8000 8237 8281 8274 8405 8463 8250 8587 8225 8379 8138 8249 8328 8577 8129 8358 8297 8196 8038 8246 8359 8153 8381 7902 8208 8737 8060 8295 8607 8087 7697 8082 8410 8209 8884 7970 8134 8340 8529 8142 7766 8268 8280 8606 8088 8404 8410 8041 8619 8145 8089 7969 8246 8295 8558 7910 8484 8233 8454 8432 8116 7904 7909
8340 8035 8308 7629 8028 8068 7754 7196 7634 8498 8009 7860 7971 7995 7966 7997 8400 7562 7605 8350 8084 7569 7953 7993 7740 7393 7350 7550 8115 8015 7510 8004 7825 7750 7396 7709 7255 8067 7887 7926 7674 8060 7617 8285 7915 8189 7990 7845 7563 7952 7628 7977 8557 7782 7960 8094 8213 7896 8667 8304 8015 7806 7875 8387 7825 7869 8135 7970 7858 7496 8190 7909 7615 7503 7463 8073 7711 7887 8004 7727 7619 8081 7881 7409 8066 8050 7827 7758 8174 8060 7988 7579 7866 7638 8212 7985 7925 8439 8212 7305 8438 7820 7833 8117 7832 7128 7938 7470 7614 7817 7778 7843 7690 8257 7720 7360 7832 8100 7870 8249 7720 7596 7510 7869 7959 7956 7147 8421 8240 7670 7939 8119 7643 7688 8113 7531 7302 7977 7804 7805 8208 7774 8100 8306 7806 8195 7904 7829 7889 7443 8117 7526 8350 7551 7901 7922 7908 8247 8259 8003 8453 7851 7712 7877 7921 7743 7878 7503 7916 7481 8053 8076 7724 8095 7868 8165 8000 7393 7447 7705 7681 7924 7967 8377 7821 8119 7341 7635 8238 8123 7520 7791 7641 8065 7356 7821 7730 7889 7623 8160 7597 7863 7777 7879 7897 7788 7773 7855 8289 8145 8144 7528 7288 7828 7830 8002 7759 7955 7282 7816 7886 8017 7919 7867 8576 7866 7956 7861 8052 7261 8234 7883 7478 8351 7878 7573 8026 8113 8064 8181 8131 7706 7999 7808 8443 7845 8120 7641 7674 7995 8005 7717 7406 8426 7526 7977 7930 7992 7842 8114 7802 7967 7668 7944 7901 7723 7661 7997 7609 8031 8178 8005 7418 8045 7531 7798 7999 7706 8312 7209 8118 7692 7908 7403 7768 8025 7802 7987 8327 8100 8101 7930 8454 7755 8106 7393 7717 7604 7814 7677 8011 7796 8187 7320 8154 7868 7916 8007 8579 7871 7723 8079 7851 7746 7456 7712 7317 8173 7825 8187 7695 8084 7696 7964 7944 8034 7900 7685 7743 7946 7398 7754 7968 7733 7732 8346 6955 7892 8002 7857 8102 7891 7899 7471 7986 7472 8203 7982 8055 7893 7961 7949 7931 8048 7759 7913 7669 7724 7728 7954 7439 8004 8410 7772 7844 7695 7788 7368 8008 7912 8108 7743 7944 7778 7716 8123 7813 7708 7595 7679 8347 7344 7790 8150 7595 7992 7497 7796 7495 7625 7327 8269 7569 8121 8071 8103 8064 7698 7629 7305
8230 8394 8467 8032 8431 8993 7848 7516 8400 8875 8347 8063 8563 8404 8283 8330 8700 7930 8042 8085 8563 7983 8418 8346 8157 8162 8145 8045 8579 8319 7607 8021 8267 8234 7343 8160 8094 8358 8627 7978 7948 8367 7978 8847 8247 8113 8436 8404 7826 8162 8027 8342 8568 8393 8355 8329 8599 8272 8702 8595 8546 8107 8408 8455 7960 8148 7958 8152 8631 8047 8631 8174 7947 8195 7916 8366 8165 7891 8216 8041 7939 8649 8400 7973 8357 8066 8026 8308 8377 8450 8244 7855 8491 7770 8275 8428 8074 8762 8424 8060 8363 8441 8439 8418 8161 7872 8292 8019 8177 8338 8045 8335 8079 8486 8156 7578 8538 8864 7898 8392 8237 7971 7793 8273 8549 8031 8030 8582 8769 8327 8417 8706 7881 7911 8449 7636 7974 8013 8146 7916 8454 8206 8232 8415 8437 8470 8496 8005 8272 8282 8819 8011 8428 8032 8251 8364 8052 8631 8090 8164 8582 8391 7989 8195 8725 7864 7993 8015 8756 7871 8385 8310 8168 8429 8319 8384 8497 8100 8061 7920 8192 8535 8161 8272 8188 8367 8173 8137 8335 8594 7607 8351 7679 8160 7926 7954 7888 8601 8034 8565 8073 8367 8000 8196 8237 8424 7915 8292 8277 8653 8382 7560 7911 8411 8086 8414 8090 8419 7581 7860 8063 8064 8123 8064 8863 8485 8307 8221 8173 7780 8415 8007 8022 8559 8261 8117 8554 8550 8496 8519 8451 7728 8508 8172 8530 8827 8231 8136 7765 8471 8290 7776 7944 8941 8077 8138 8037 8342 8222 8692 8321 8461 8174 7965 8396 7937 7965 8208 8100 8351 8524 8277 7589 8531 7308 8409 8304 7990 8338 7548 8720 7979 8738 8159 8463 8372 8130 8571 8849 8401 8434 8249 8372 8375 8406 7908 8528 8229 8561 8197 8433 7898 8558 8019 8587 8608 8406 8118 8742 8278 8476 8652 8139 8284 7994 8162 7784 8475 8192 8304 8375 8216 7535 8477 8462 8300 8125 7911 8201 8465 7894 7999 8289 8175 8231 8356 7414 7768 8269 8096 8263 8350 8593 7989 8379 7971 8180 8405 8386 8134 8282 8351 8112 8399 8189 8312 8009 7741 8109 8372 8118 8332 8770 8114 8212 8365 8502 7400 7968 8597 8400 8150 7995 8078 8069 8618 8177 8050 8245 8439 8744 7715 7902 8252 7573 8026 7985 8217 8099 8357 7841 8438 8099 8498 8422 8194 8570 8025 7893 7580
8657 8716 8329 8208 8641 8982 8345 7944 8135 9067 8539 7985 8639 8792 8235 8678 8786 8371 8259 8710 8594 8251 8576 8631 8468 8646 8444 8609 8419 8633 8054 8307 8477 8014 8048 8351 7919 8526 8387 8191 8059 8601 8092 8811 8565 8371 8761 8306 8215 8562 8068 8222 8634 8797 8860 8740 9283 8600 8768 8859 8256 8113 8434 8802 8188 8397 8700 8345 8824 8644 8883 8371 8306 8344 7946 8698 8627 8252 8339 8374 8253 8327 8396 7923 8073 8362 8392 8410 8649 8601 8735 7906 8263 8101 8014 8375 8309 9000 8935 8191 8867 8137 8619 8745 8241 7610 8342 8181 8602 8128 8273 8082 8312 8602 8331 8026 8626 8850 8312 8422 8555 7915 8045 8016 8278 8187 7949 8887 9207 8341 8696 8553 8287 8261 8701 8114 8053 8199 8295 8331 8590 8274 8860 8444 8412 8637 8605 8403 8381 8352 9184 7988 8799 8141 8436 8780 8292 8804 8739 8313 8464 8276 8312 8278 8807 8323 8303 8213 8370 7979 8644 8944 8320 8721 8407 8308 8895 8298 8095 8470 8145 8435 8610 8754 8274 8663 8240 8592 8804 8904 7834 8393 7923 8749 8072 8292 8234 8599 8104 8478 8268 8343 8356 8239 8626 8673 8648 8075 8578 8580 8771 7958 7445 8427 8455 8514 8589 8745 8038 8239 7826 8343 8237 8468 8790 8768 8700 8508 8471 8070 8795 8422 8094 8726 8131 8011 8442 8778 8606 8921 8495 7939 8733 8150 8902 8709 8572 8380 8210 8686 8494 8353 7930 9117 8554 8173 8059 8848 8493 8660 8390 8400 8464 8655 8585 8300 8409 8658 8430 8737 8809 8278 8051 8693 7765 8519 8695 8220 8624 7934 8981 8568 8752 7955 8628 8415 8384 8627 9148 8290 8651 8429 8646 8547 8586 7977 8557 8582 8616 8124 8774 8327 8784 8281 8391 8296 8706 8414 8936 8560 8348 8779 8441 8032 8369 7886 8267 8591 8205 8771 8419 8702 8012 8514 8594 8289 8347 8697 8190 8772 8122 8339 8490 8231 8174 8830 7476 8464 8151 8470 8642 8576 8475 8285 8570 7988 8355 8242 8475 8452 8399 8326 8088 8639 8328 8281 8194 8048 8131 8533 7976 8405 8718 8228 8108 8564 8439 7168 8434 8483 8388 8551 8386 8196 8240 8572 8221 8144 8342 8422 8664 8432 8140 8495 7943 8797 8363 8190 8135 8079 7859 8463 8132 8489 8305 8532 8624 8643 8095 7896
8637 8420 8134 8141 8420 8922 8519 8028 8158 8762 8371 8201 8485 8360 8089 8563 8812 7927 8159 8620 9079 8090 8683 8728 8721 8390 8167 8404 8775 8608 8263 8190 8351 8466 8181 8028 7956 8515 8082 8071 7610 8416 8198 8828 8463 8312 8702 8336 8394 8550 7906 8461 8807 9102 8501 8583 9322 8436 9036 8754 8567 8405 8586 8997 8025 8398 8937 8599 8734 8276 8859 8284 8402 8022 8180 8399 8536 8434 8334 8154 8198 8758 8656 7651 8220 8703 8467 8384 8628 8760 8519 8160 8482 8091 8626 8650 8557 8942 9027 8078 8463 8221 8447 8397 8507 7787 8264 8230 8139 8407 7887 7976 8173 8921 8353 7860 8690 8419 8113 8420 8461 8345 7738 8155 8308 8204 8048 8969 8721 8261 8748 8751 8732 8345 8699 8052 8044 8441 8668 8394 8794 8286 8390 8579 8029 8807 8297 8041 8289 8525 9099 8036 8680 8104 8430 8339 8490 8992 8629 8515 8886 8542 8649 8536 8719 8490 8279 8149 8572 8172 8779 8729 8377 8481 8674 8083 8499 8091 8123 8205 8347 8306 8256 8761 8264 8963 8119 8515 8865 8793 8111 8519 7766 8570 8069 8559 8276 8647 8324 8732 8499 8076 8553 8476 8322 8563 8595 8361 8625 8617 8430 7850 7894 8188 8704 8319 8395 8678 8097 8327 8149 8429 8612 8040 9270 8466 8474 8350 8911 7562 8698 8365 8038 8771 8460 8031 8491 8603 8699 8557 8617 8073 9064 8251 8746 8763 8734 8437 8225 8739 8496 8290 8279 9163 8462 8194 8108 8757 8155 8572 8020 8473 8358 8514 8241 8352 8381 8517 8327 8663 8521 8216 7893 8569 7896 8779 8695 8442 8460 7834 8509 8289 8501 7929 8616 8446 8299 8480 9005 8370 8553 8635 8820 8421 8586 7919 8612 8315 8758 8560 8817 8314 9101 7944 8566 8611 8212 8634 8929 8306 8526 8676 8490 8220 8232 8201 8268 8724 8263 8955 8557 8652 8083 8474 8524 8574 8746 8049 8103 8478 8041 8394 8356 8343 8118 8696 7450 8156 8388 8549 8683 8524 8623 8454 8479 7986 8456 8282 8751 8178 8349 8134 8090 8578 8587 8273 8322 8197 8307 8601 8124 8569 9022 8261 8307 8444 8245 7685 8192 8254 8355 8739 8358 8213 8238 8227 8293 8372 8350 8611 8443 8287 8302 8531 8195 8605 8413 8305 8296 7828 7727 8620 8207 8807 8453 8780 8984 8551 8371 7510
8201 8298 8487 8382 8390 8778 7960 7913 7897 9009 8543 8078 8366 8401 8172 8516 8888 7790 8497 8496 8357 7890 8524 8497 8189 7977 8403 8131 8675 8672 7721 8340 8506 8575 7634 7702 7902 8407 8171 7876 8103 8498 7809 8917 8142 8358 8551 8225 8117 8068 7836 8395 8566 8453 8739 8626 8871 8132 8587 8734 8579 8313 8685 8552 7820 7926 8407 8320 8336 7661 8473 7859 8414 8176 8053 8561 8114 7986 7907 8195 8005 8603 8414 7596 8350 8281 8349 7945 8353 8451 8152 7805 8269 8377 8518 8431 8353 8600 8549 8057 8467 8120 8191 8453 8550 7640 8152 8200 7813 8464 8005 8071 7834 8677 8262 7826 8347 8270 8096 8339 8090 7866 7634 8045 8487 7957 8195 8429 8707 8269 8641 8381 8227 8030 8568 7577 7596 8273 8293 8096 8235 8480 8404 8391 7928 8724 8431 7939 8186 8264 8567 7903 8440 7577 8383 8356 8026 8601 8188 8010 8723 8574 8424 8462 8442 8635 8161 8066 8681 7889 8002 8481 8404 8107 8487 8380 8178 7842 7833 8334 8241 8167 8587 8546 7962 8443 8298 8145 8509 8766 7905 8137 7684 8514 7606 8065 7793 8373 7957 8410 8200 8326 7867 8185 8305 8065 8282 8196 7949 8201 8574 7677 7668 8286 8576 8452 8009 8730 7594 8448 8401 8338 8278 8087 9048 8347 8424 8413 8427 7997 8377 7932 7838 8648 7995 8020 8374 8425 8529 8534 8606 7965 8504 7918 8575 8525 8168 8146 8075 8639 8071 8008 7628 9074 7986 8387 8135 8265 8157 8633 7950 8336 8170 8125 7890 7533 8156 8203 8283 8456 8821 8247 8239 8245 7685 8728 8368 7902 8415 7758 8144 8005 8401 7846 8155 7857 8016 8173 8937 8655 8250 8571 8555 8400 8435 7807 8376 8229 8288 8010 8556 8049 8274 8151 8549 8631 8425 8168 8659 8002 8252 8454 8049 7902 8431 8083 8069 8453 8024 8617 8271 8191 7549 8387 8143 7937 8325 7827 7882 8563 7553 8445 8443 8444 8118 8059 7454 8326 8270 8117 8232 8447 8558 8256 8188 7911 8320 8373 8106 8127 8518 8196 7867 8278 7863 8314 8292 7714 8044 8615 8143 8175 8869 8158 8618 8355 8420 7570 8176 8344 8045 8223 8271 8147 7861 8104 8257 8302 8332 8317 8764 8182 7847 8158 7657 8402 7914 8039 8229 8087 8103 8897 7841 7993 8115 8225 8595 8482 7931 7588
8570 8623 8441 8331 8795 8827 8423 8144 8383 8969 8716 8512 8725 8614 8442 8461 8845 8288 8014 8812 8350 8103 8842 8846 8215 8649 8430 8419 8523 8726 8238 8667 8552 8576 7838 8246 8087 8670 8286 8134 8076 8824 8105 9286 8548 8505 8576 8129 8333 8563 8103 8685 8887 8666 8821 8885 9427 8302 8740 8723 8525 8382 8975 8971 8316 8301 8859 8452 8991 8254 8753 8309 8404 8505 8482 8821 8607 8356 8424 8267 8572 8436 8545 8235 8381 8486 8578 8495 8953 8586 8818 8545 8706 8178 8304 8646 8555 8854 8836 8149 8995 8413 8303 8545 8812 7798 8222 8081 8462 8859 8035 8320 8224 8669 8392 7738 8945 9034 8536 8801 8298 8113 8009 8335 8633 8168 8101 9187 8912 8533 8678 8654 8576 8263 8507 8257 7588 8229 8358 8177 8653 8225 8643 8797 8426 9097 8656 8467 8460 8340 8976 8180 8787 8121 8197 8463 8209 9332 8742 8592 8867 8536 8407 8638 8734 8567 8574 7873 8638 8161 8640 9041 8491 8646 8035 8789 8583 8376 8018 8488 8266 8628 8513 9302 8453 8933 8493 8556 8652 8851 7879 8163 7970 8769 8210 8705 8087 8595 7917 8434 8439 8288 8776 8375 8442 8393 8685 8442 8501 8597 8453 8005 7774 8416 8545 8710 8238 8719 8154 8765 8126 8731 8150 8383 9300 8558 8257 8519 8766 8288 8597 8309 8394 8865 8415 8092 8562 8649 8788 8822 8877 8151 8770 8256 8661 8903 8628 8631 8182 8602 8383 8552 8370 9231 8177 8347 8292 8573 8307 8730 8126 8398 8230 8416 8453 7843 8413 8508 8413 8674 8685 8850 8370 8462 7660 8696 8462 8116 8612 7981 8819 8195 8667 8348 8521 8590 8290 8466 9102 8733 8707 8452 9150 8921 8938 8047 8507 8823 8800 8378 9035 8502 8518 8378 8573 8645 8830 8354 9001 8386 8347 8539 8786 8386 8425 7956 8574 8862 8597 9054 8700 8677 8051 8633 8476 8563 8386 8786 8261 8673 8105 8486 8772 8457 8544 8594 7575 8306 8025 8646 8317 8918 8631 8468 8754 8377 8498 8460 8740 8675 8282 8398 8216 8407 8366 8458 8399 8295 8253 8934 8173 8388 9075 8339 8364 8545 8454 8055 8085 8201 8450 8590 8411 8318 8730 8621 8273 8117 8708 8315 9019 8264 8340 9027 7871 8943 8340 8345 8263 8578 8388 8853 8296 8793 8351 8580 8592 8500 8147 7828
8168 8038 7925 7986 8362 8242 7726 7602 7419 8533 7783 7899 7870 7788 7742 7850 8349 7521 7462 8287 8283 7382 7964 8191 8238 7832 7619 7898 8079 7930 7613 7678 7779 7670 7726 8032 7550 8174 7586 7788 7518 7832 7488 8265 7872 8087 8129 8074 7731 7907 7688 7848 8585 7977 8166 7895 8430 7959 8226 8159 8028 7663 8221 8310 7849 7874 8185 7921 8221 7998 8215 7739 7719 7626 7691 8354 8040 8188 7942 7640 7639 8195 7976 7327 7844 7826 7680 7783 8526 8208 8302 7704 7914 7500 7908 8178 7943 8697 8295 7472 8260 7843 7846 7995 8000 7498 7781 7867 7907 7725 7556 7678 7601 8551 7597 7609 8008 8327 7802 7972 7900 7569 7233 7680 7858 7754 7685 8629 8172 8124 8415 8440 7818 7948 7944 7486 7451 8016 8165 7745 8067 7739 7896 8232 8045 8442 7793 8042 7882 7690 8232 7525 7961 7397 8057 8025 7705 8371 8216 7606 8290 8057 8008 7941 8273 7855 8025 7619 8034 7701 8198 8017 7674 8182 7797 8079 8132 7484 7621 7817 7816 7987 8070 8262 7762 8132 7695 7954 8396 8236 7626 7906 7501 8239 7481 8073 8117 8195 7649 7900 7922 8002 7885 7917 7959 8044 7935 7778 7936 8337 8056 7736 7171 7826 7688 8121 7721 8007 7546 7781 7781 8248 7824 8043 8320 8137 8116 7925 7909 7435 8184 7857 7635 8500 7733 7556 7860 7994 8092 8013 8270 7497 8016 7652 8026 8174 8122 7764 7614 7626 8186 7727 7892 8656 7526 7657 7851 7952 7963 8003 7477 7725 7864 8081 7961 7514 7829 8073 7894 8271 8427 8127 7720 7852 7588 7895 7956 7727 8566 7285 8087 7641 7875 7462 7884 8067 7707 7998 8548 7784 7510 8082 8031 8146 8192 7690 8199 7902 8227 7949 8213 7777 8477 7687 8064 8089 8020 8295 8523 7866 7981 8153 7998 7498 7831 7544 7798 7885 7837 8157 7880 7991 7062 7984 8211 8069 8202 8040 7801 8243 7715 7833 8184 7760 7644 8072 7347 7697 7732 8236 8177 8182 8309 7757 8116 7703 7880 7936 7975 8136 8168 7690 7460 8024 7835 7974 7737 7834 7599 8054 7682 7507 8227 7947 7594 8120 8000 7371 7771 8013 8172 8162 7949 8160 7753 7972 7678 7612 7679 7921 8347 7674 8148 8086 7540 7886 7903 7662 7798 7711 7331 8301 7662 8126 8038 8067 7770 8041 7823 7411
7949 8073 8062 8038 8202 8524 7901 7790 7831 8255 8144 7947 8071 8322 7852 8558 8491 7596 7850 8455 8294 7783 8148 8166 8036 8278 7724 7973 8621 8257 7448 8271 7759 8109 7520 7884 7634 8149 8112 8217 7366 7988 7784 8321 7955 8191 8237 7973 7957 7996 7979 7978 8537 8244 8213 7964 9052 8103 8122 8142 7957 7800 8357 8449 7868 7921 8202 7865 8329 7801 8586 8081 7858 8019 7750 8252 8042 7804 8369 8136 7914 8037 8361 7553 8095 8114 8366 7727 8462 8286 8146 7568 8044 7711 8359 8294 7883 8467 8270 7907 8407 7650 8056 8376 8078 7164 8117 7924 7810 7934 7779 8177 7953 8392 7960 7314 8305 8322 8040 8252 7941 7689 7704 7621 8151 7647 7921 8311 8544 8096 8451 8075 8058 7721 8459 7453 7371 7852 8075 7835 8157 7922 8104 8197 7889 8202 8449 7866 8087 7853 8355 7833 8269 7611 8245 7795 8239 8673 8334 8157 8752 7902 8305 8271 8121 8270 7965 7690 8200 7761 7948 8386 7806 7936 7777 7878 8190 7765 7477 8234 7996 8053 8326 8574 7961 8583 7624 8088 8380 8410 7751 7637 7606 8301 7759 8154 8080 7937 7704 8313 8040 8034 8363 8080 7985 8155 8081 8082 8086 8075 8121 7774 7300 8174 8409 8252 7990 8148 7649 8160 8158 8370 7839 8032 8811 8176 8132 7925 7890 7554 8116 7596 7504 8424 7677 8055 8065 8392 8252 8396 8352 7463 8290 7826 8514 8327 8206 8031 7846 7926 7967 7721 8042 8628 8035 7954 7714 8176 8178 8519 7813 8039 8024 8145 8013 7685 7765 8167 7881 8137 8567 8011 7774 8328 7512 8348 8019 7904 8406 7365 8196 7652 8591 7706 8272 8140 7866 8199 8630 8309 8132 8097 8350 7766 8200 7567 7956 8066 8277 8092 8296 7949 8230 7992 7969 8331 8014 8433 8588 7881 8114 8062 7865 7725 8075 7797 7925 8627 8109 8565 8125 7922 7530 8030 7972 8229 8206 8075 7877 8176 7968 7863 8296 8036 7606 8244 7733 7823 7761 8296 8131 8447 8354 8140 7969 7909 7914 8353 8120 8111 8192 7844 8012 8207 7950 7980 7903 7864 7840 8271 7818 7648 8324 8015 7667 8411 7670 7260 7960 7977 8567 8298 7879 8209 7783 8029 7723 7550 8081 8203 8407 7838 7460 8239 7583 8627 7839 8212 8134 7958 7780 8487 7677 8313 8075 8198 8516 8082 7743 7524
8449 8331 8400 8152 8035 8901 8483 7946 8260 8853 8407 8305 8285 8507 8173 8855 8949 7973 7994 8798 8794 7680 8524 8808 8308 8411 8158 8389 8628 8200 7888 8608 8384 8651 7456 8226 7927 8251 8690 8465 7862 8680 7673 8651 8262 8270 8658 8350 7890 8131 8121 8203 8600 8627 8556 8485 9049 8352 8445 8720 8446 8231 8602 8559 8269 8199 8438 8311 8643 8481 8933 8150 8025 8121 7981 8561 8684 8052 8327 8469 8058 8594 8219 7966 7936 8265 8197 8316 8931 8330 8640 7903 8456 8147 8349 8511 8539 8938 8732 8150 8613 8234 8707 8622 8516 7748 8343 8008 8209 8160 8344 7883 8234 8794 7900 8229 8709 8649 8232 8960 8509 7893 8044 7990 8114 8253 7833 8935 8861 8302 8842 8759 8549 8223 8283 7920 8277 8172 8383 8384 8717 8340 8198 8351 8197 8571 8385 8299 8218 8480 8770 7817 8558 7860 8436 8324 8225 9035 8671 8071 8445 8423 8260 8296 8602 8467 8343 8439 8734 7971 8450 8339 8187 8314 7867 8636 8183 8010 8262 8345 8273 8423 8431 8632 8274 8842 8045 8612 8587 8836 7664 8413 7904 9026 7782 8111 8257 8452 8289 8587 8253 8645 8316 8299 8338 8321 8282 8373 8416 8542 8401 7690 7483 8509 8426 8383 8186 8602 8106 8255 8264 8559 8273 8296 8811 8462 8278 8412 8411 7990 8374 8147 7653 8844 8177 8319 8735 8913 8729 8679 8510 7902 8675 8238 8720 8524 8437 8410 7970 8573 8453 8054 7872 9093 8306 8058 8256 8717 8181 8490 8245 8030 8092 8234 8299 8349 8154 8423 7998 8815 8562 8408 7993 8388 7685 8887 8515 8289 8611 7799 8453 8311 8607 7811 8390 8384 8210 8347 8961 8545 8370 8286 8556 8500 8406 7821 8395 8518 8615 8513 8841 7986 9077 8092 8261 8861 8335 8012 8827 8390 8651 8772 8302 8235 8267 8122 8159 8676 8210 8660 8492 8320 8067 8285 8204 8103 8435 8141 8046 9007 7875 7872 8191 8106 8104 8509 7581 8212 7980 8310 8064 8440 8734 8437 8499 8063 8448 8214 8366 8481 8590 8038 8113 8499 8106 8241 8126 8067 7843 8586 8089 8048 8853 8267 8378 8624 8333 7593 8479 8408 8425 8400 8464 8785 8223 8422 7912 8163 8109 8373 8931 8298 8312 8262 7820 8823 8188 8596 8040 8268 7801 8572 8142 8539 8397 8343 8642 8477 8001 7860
8210 7911 8069 7583 8147 8373 8110 7381 7676 8376 8123 7903 8034 8202 7951 8028 8364 7518 7705 8030 8095 7566 8200 8086 7860 7808 7968 7985 8248 7961 7534 7956 7978 7900 7370 7684 7697 8018 7949 7665 7657 7972 7388 8286 7860 8048 7941 7888 7832 8036 7448 7964 7809 8008 7952 8036 8372 7906 7718 8248 8113 7652 7859 8049 7416 7756 8348 7693 7999 7760 8273 7945 7755 7719 7259 7966 8107 7841 7735 7607 7623 8008 8061 7243 7986 8272 7899 7939 8462 8171 8030 7450 7926 7656 7995 7826 8293 8407 8140 7426 8304 8033 8083 7936 7990 7366 7754 8036 7753 8044 7628 8041 7898 8495 7874 7198 7918 8206 7832 8098 8251 7598 7224 7859 8084 7802 7685 8147 8369 7909 8321 8330 7777 7979 7589 7457 7407 7989 8073 7728 8085 7825 7835 8013 7904 8428 8197 8122 7896 7930 8442 7381 8060 7506 7697 7881 7716 8607 8443 7923 8155 8189 7888 7714 8088 7958 8146 7746 8066 7829 7939 7973 7850 7985 8150 7904 7920 7804 7741 7859 7517 7825 7999 8043 7835 8377 7346 7972 8162 8281 7395 7577 7332 8202 7536 7834 8019 8219 7461 7933 7498 7737 7861 7779 7868 8226 8069 8016 7977 7918 8114 7397 7363 7797 8267 8071 7601 8047 7435 7973 7704 7809 8079 7864 8526 7981 8038 7991 7948 7494 8011 7425 7368 8449 7774 7838 8074 7888 7991 8282 8035 7740 8235 7263 8183 7949 8321 8051 7651 8051 7933 7404 7354 8605 7900 7537 7819 8135 7756 7843 7565 7857 7805 7894 8087 7707 7732 7671 7857 7962 8233 8150 7301 8127 7222 8513 8006 7625 7794 7290 8185 7904 7803 7626 8263 7938 7359 7963 8637 7953 7821 8293 8177 8167 8217 7381 7997 8043 8094 7833 8188 7708 7993 7891 8111 8344 7924 8470 8657 7620 7807 8198 7634 7592 7973 7462 7632 8253 7560 8221 7683 7815 7507 7779 7834 7842 7696 7974 7703 8257 7547 8138 7569 8285 7733 8032 7067 7564 8167 7849 8207 7975 8363 7538 7799 7619 8037 7880 8223 7690 8025 7760 7550 8419 7820 8205 7749 7678 7536 7921 7226 7889 8380 8240 7831 8252 7681 7181 7910 8023 7906 7890 7801 7915 7443 7934 7815 7495 7850 8052 8476 7773 7636 7765 7815 7945 7675 7968 7803 7542 7547 8152 7543 8114 7990 8180 8133 7786 7678 7331
7776 7677 7631 7068 7900 8269 7804 7480 7315 7976 7380 7416 7571 7817 7801 7829 8108 7198 7231 7865 8008 7080 7701 7749 7708 7511 7708 7667 8059 7521 7335 7626 7666 7787 7233 7417 7345 7700 7798 7647 7049 7603 7062 8040 7605 7845 7583 7689 7131 7956 7590 7697 8022 8006 7857 7810 8396 7686 8214 8006 7575 7828 7833 8017 7277 7766 7695 7450 7743 7693 7661 7779 7445 7132 6997 7952 7771 7757 7712 7962 7086 8134 7677 7288 7500 8123 7588 7319 8009 7719 7534 7468 7607 7173 8070 7793 7683 8222 8067 7618 8067 7367 7887 7856 7909 6921 7400 7374 7720 7498 7407 7532 7650 7997 7376 7155 7492 7996 7723 7820 7482 7304 6969 7232 7778 7221 7234 7776 7778 7450 8206 7876 7905 7619 7614 7165 7673 7534 7468 7410 7679 7742 7543 7739 7413 7925 7712 7603 7525 7576 8482 7319 7749 6969 7580 7692 7682 8416 8062 7578 8209 7660 7551 7646 7851 7771 7659 7316 8264 7375 7552 8035 7447 7653 7624 7706 8025 7282 7705 7968 8006 7213 7834 7793 7640 7879 7365 7838 8021 8398 7093 7368 7262 7736 7498 7608 7285 7870 7073 8034 7728 7881 7565 7464 7813 7612 7837 7612 7915 7722 7621 7395 7127 7649 7718 7826 7455 7862 7176 7445 7324 7940 7634 7578 8200 7747 7619 7674 8010 7242 7736 7540 7315 8015 7266 7644 7804 7861 7699 7979 7935 7204 8053 7237 7897 7899 7612 7708 7557 7721 7498 7264 7489 8474 7418 7786 7736 7895 7589 8143 7551 7772 7725 7635 7637 7399 7836 7524 7506 7782 7764 7639 7465 7899 7023 7913 7801 7585 7814 7220 7817 7563 7871 7154 7659 7738 7530 7774 8033 7580 7739 7657 7870 7886 8208 7071 7578 7879 7598 7757 7824 7455 8055 7412 7608 7643 7792 8058 8153 7708 7872 7933 7772 7140 7797 7482 7341 7631 7294 7933 7615 7665 7103 7640 7822 7667 7759 7307 7472 7898 7350 7459 7487 7553 7533 7870 6932 7230 7592 7729 7559 7981 7754 7537 7939 7474 7406 7649 7762 7406 7787 7453 7702 7688 7443 7807 7586 7350 7854 7863 7368 7276 8036 7617 7603 7976 7535 7115 7764 7548 7806 7989 7748 7797 7383 8000 7561 7407 7904 7681 7982 7131 7142 7833 7506 7691 7840 7837 7640 7894 7367 7785 7668 7977 7601 7649 7704 7715 7407 7332
8364 8511 8176 7800 8071 8585 7810 7734 7935 8715 7884 7963 7755 8179 8090 8057 8310 7866 7838 8570 8505 7816 8118 7724 8322 8024 7937 8182 8257 7937 7835 8194 8037 8108 7665 7570 7985 8471 8314 7982 7683 8147 7800 8334 7994 8466 8330 7988 7710 8339 7762 8069 8355 8372 8143 8309 8517 8102 8494 8182 8437 8064 8156 8088 7866 7876 8259 7861 8350 7931 8260 8298 8204 7855 7387 8056 8019 8020 7905 8056 7916 8249 8182 7563 8000 8109 8120 7713 8419 8306 8201 7674 8074 7957 8570 8290 8038 8441 8444 8037 8429 7851 7897 8402 8303 7519 7577 7775 8023 8212 7762 7779 7845 8720 8068 7481 7881 8270 8390 8060 8326 7641 7140 7935 7972 8130 7828 8751 8630 7829 8369 8451 8126 7974 8394 7814 7728 7941 7941 8037 8105 8250 8006 8145 7865 8360 8150 7944 8232 7940 8593 7563 8253 7862 7811 8281 7873 8778 8542 7863 8293 8128 8010 8180 8034 8286 8321 7823 8344 7540 8258 7999 7929 7601 7962 7748 8129 7920 7749 8310 7809 8020 8297 8395 7925 8241 7760 7937 8664 8452 7481 7898 7541 8265 7767 8297 7880 8087 8032 7972 7874 8162 8163 8025 7968 7912 7985 7862 8246 8028 8224 7501 7482 7847 8083 8068 7924 8383 7865 8037 7817 7994 8104 8094 8643 8575 8332 8101 8241 7721 8290 7723 7652 8440 8086 7836 8341 8271 8374 8459 8510 7617 8316 7765 8513 8150 8117 7989 7895 8015 8083 7889 7616 8770 7691 8042 7831 8427 7961 8420 7905 8180 7855 8185 8039 8049 7570 8310 8113 8286 8596 8432 7799 8281 7382 8080 8038 7850 8285 7227 8169 7869 8021 7683 8052 8351 7887 8276 8623 7950 8261 8103 8197 8016 8084 7642 8240 8256 8208 7809 8575 7808 8369 7921 8058 8296 8143 8299 8331 8287 8278 8203 7934 7748 7922 7970 8132 8516 7820 8765 7909 8360 7958 7928 8285 7970 8074 7992 7872 8028 7833 7893 7645 8024 7869 8357 7182 8130 7649 8398 8195 8356 8412 7959 7811 8118 8229 8066 8311 7827 8075 8168 7747 8333 7673 8153 7901 7798 8172 8055 7441 7868 8472 8022 8173 8191 8122 7343 8123 7809 8182 8071 7962 8145 7837 8212 7637 8073 8359 8034 8271 7650 7702 8010 7600 8342 7858 8085 7818 7680 7707 8206 7953 8078 8120 8444 7907 7962 7782 7678
8603 8544 8361 8119 8695 8783 8218 7986 8121 8952 8161 8247 8458 8594 8557 8534 8506 8158 7965 8702 8787 7890 8557 8346 8471 8182 7961 8414 8698 8528 7644 8488 8613 8169 7931 8297 7699 8953 8387 8534 7965 8302 8145 9075 8503 8477 8337 8604 7823 8140 8172 8394 8920 8552 8659 8605 9189 8299 8824 8896 8124 8184 8336 8505 7944 8074 8747 8152 8506 8160 8734 8453 8313 8023 7755 8543 8292 8392 8269 8442 8084 8518 8529 7901 8396 8393 8336 8190 8521 8419 8568 8058 8296 7933 8412 8426 8263 9190 8531 8517 8656 8334 8213 8531 8335 7347 8112 8172 8378 8133 8365 8300 8519 8770 8355 7851 8287 8654 8415 8397 8335 7808 7958 7898 8550 8431 8016 8636 8630 8360 8654 8694 8434 8163 8315 8064 8121 8013 8037 8154 8469 8278 8611 8528 8289 8670 8373 8323 8371 8510 9096 8027 8683 7712 8614 8450 8156 9178 8565 8364 8358 8163 8162 8116 8359 8547 8607 7838 8767 7857 8317 8806 8113 8548 7953 8465 8350 7876 7996 8383 8271 8136 8395 8645 8198 8798 7983 8412 8492 8721 8108 8187 7764 8503 8053 8555 8198 8527 8064 8257 8186 8586 8448 8256 8350 8428 8653 8520 8405 8765 8142 7820 7503 8308 8578 8353 8376 8495 7896 8299 8295 8206 8133 8504 8882 8717 8417 8413 8206 8128 8435 7941 7796 8744 7991 8100 8471 8812 8474 8698 8723 7889 8855 8302 8609 8720 8636 8599 8151 8578 8201 8352 8016 8869 8037 8219 8321 8228 8279 8313 8073 8264 8269 8350 8224 8443 7897 8711 8174 8784 8760 8296 8013 8506 7590 8481 8422 8214 8388 7736 8706 8166 8706 7795 8402 8485 8445 8244 9009 8307 8501 8405 8411 8377 8740 7740 8309 8707 8365 8323 8496 8316 8769 8015 8355 8323 8612 8542 8805 8167 8117 8455 8023 8048 8114 8019 8269 8522 8003 8656 8306 8622 7714 8290 8379 8272 8437 8312 8082 8602 8319 8010 8230 8557 8142 8767 7282 8393 7944 8454 8600 8946 8912 8377 8481 7966 8353 8539 8665 8398 8470 8057 8283 8648 7981 8481 8179 8220 8104 8311 7801 8168 9042 8149 8303 8479 8313 7843 8265 8317 8086 8379 8384 8412 8473 8352 7982 7954 8151 8331 8700 8202 8165 8421 7922 8450 8161 8442 8352 8312 8044 8534 8125 8345 8022 8485 8765 8161 7824 7854
8236 8068 8294 8036 8258 8269 8121 7712 7688 8449 8193 8238 8374 8371 7945 8068 8285 7708 7892 8318 8600 7762 8222 8024 8211 7910 8111 7776 8388 8130 7666 8092 8175 8018 7672 8137 7850 8383 8153 7777 7493 8159 8007 8452 7947 8128 8094 8123 7809 8058 7668 8307 8259 8461 8123 8160 8753 8255 8190 8375 8126 8337 8541 8535 7994 8218 8298 7924 8393 8372 8590 8152 7746 7877 7733 8489 7984 8204 8224 7948 7741 8211 8091 7759 7986 8202 8071 8103 8628 8155 8101 7661 8206 7782 8104 8215 8012 8363 8130 7943 8294 8182 8251 8415 7977 7685 7823 7841 8131 8167 7537 8047 7971 8709 7956 7716 8000 8767 8348 8445 8150 7326 7578 7981 7857 8041 7717 8783 8725 7829 8590 8310 7723 8110 8585 7749 7306 8029 8109 7988 8449 8092 7953 8430 8123 8229 7990 8297 8096 7860 8405 7864 8551 7958 8106 8091 7702 8478 8249 7983 8260 8252 8132 8081 8587 8162 8384 7653 8236 7855 8014 8121 8169 8204 8084 8186 8142 7824 7757 8037 7841 7791 8125 8470 7847 8489 7941 8212 8650 8544 7664 7839 7650 8135 7589 8519 8054 8320 7725 8063 7654 8002 8292 8179 7911 7999 8242 7990 8177 8248 8059 8017 7379 8191 8085 8291 7970 8239 7970 8157 7906 8045 7802 7911 8722 8039 8476 8045 8245 7420 8341 7815 7829 8808 8142 8236 8015 8278 8407 8591 8357 7831 8145 7958 8459 8351 8380 8277 7969 8364 7995 7566 8029 8929 7692 8238 7723 8426 7758 8568 7971 8097 7922 8260 7814 8186 7696 8501 8085 8443 8479 8339 7711 8240 7250 8111 8292 7912 8409 7445 8631 7705 8065 7652 8301 8357 7980 8319 8593 8101 7851 7906 8265 8302 8264 7475 8211 8329 8222 8108 8255 7876 8566 7967 8321 8012 8311 8291 8858 8182 8002 8407 8184 7732 7623 7829 7954 8437 7913 8395 7873 8178 7814 8165 8276 7933 8224 8029 7728 8397 7540 7940 8261 7809 8068 8819 7180 7877 7778 8329 8302 8410 8059 8042 8193 7689 7984 8140 8668 8311 8162 7880 7672 8259 7837 8299 7900 7855 7962 8135 7664 7884 8546 7942 7902 8315 8306 7083 8498 8130 8028 8210 7776 8259 7870 8261 8099 8069 8147 8261 8112 7570 7779 8277 7918 8484 7964 7947 7774 8055 7767 8078 7751 8097 8066 8200 8398 7932 7795 7673
8188 8138 8016 7862 7953 8176 7865 7676 7822 8502 7905 7915 8144 7932 7705 8083 8044 7521 7299 8383 8488 7750 8124 8103 7670 8060 7879 7797 8069 7887 7567 7692 8119 7964 7455 7861 7687 8261 7899 7910 7429 7998 7665 8252 8031 7956 7959 7659 7647 7858 7485 7780 8245 8260 8191 8281 8945 7740 7916 7977 8135 7978 8120 8281 7671 7678 8201 7865 8242 7984 8125 7681 7922 7856 7623 8375 7884 7473 7939 7954 7970 8221 8014 7128 7805 7945 8048 8062 8399 7977 7783 7750 7947 7969 8058 8046 8130 8159 8300 7820 8176 7931 7873 8131 8150 7230 7453 7549 7834 8021 7902 8034 7495 8301 7707 7559 8471 8132 7695 8280 7876 7969 7427 7763 8035 7949 7884 8497 8260 7688 8179 8216 7884 7898 8023 7866 7554 7797 7854 7743 8030 7987 8044 7964 8021 8469 8078 7757 8002 7786 8448 7652 8203 7545 7989 7836 7850 8476 8035 7901 8010 7994 7728 7788 7985 8110 8050 7271 8239 7533 7913 8188 8019 7791 7860 7893 7962 7837 7658 7547 8111 7931 8019 8007 7923 8376 7544 7934 8407 8274 7388 7995 7486 8259 7603 7949 7366 8106 7641 8033 7884 7768 7940 7953 7999 8214 7766 7989 8122 8199 7854 7518 7416 8049 7862 7978 8122 7869 7533 7754 8038 7982 7963 8088 8392 7865 8030 8116 8053 7639 8288 7772 7596 8251 8033 7743 8125 8217 8167 8325 8403 7752 8233 7909 8174 8149 8245 7906 7549 8158 7836 7553 7738 8530 8107 7652 7728 8114 8014 8473 7791 7988 7890 7621 7708 7398 7953 8120 7814 8155 8148 7980 7675 8074 7378 8315 7873 7604 8261 7395 8208 7636 8166 7672 7968 7791 7871 8198 8473 7752 7893 7996 7940 8040 8097 7344 8122 7817 8097 7904 8378 7679 8237 7705 7927 8199 8044 7817 8447 7505 7850 8201 7880 7815 7603 7815 7642 8044 7531 8456 7902 7756 7427 7936 7739 7947 7966 8090 7720 8361 7537 8042 7810 8021 7888 8160 7085 7673 7836 7828 7933 8229 7981 7781 8239 7799 8114 8035 8205 7789 8126 7603 7976 8172 7585 7997 7838 7659 7783 8022 7427 7666 8447 7936 7781 8281 7846 7214 7638 7847 7877 8249 7988 7829 7737 7950 7974 7852 7862 7923 8599 7930 7548 8544 7350 8435 8128 8045 7726 7633 7777 8276 7551 7859 7770 8192 7993 8064 7627 7655
7938 7780 8245 7681 8067 8349 7995 7632 7737 8018 7939 7756 8188 8177 7867 8064 8067 7626 7935 8029 7744 7519 8237 7848 7868 7631 7871 7930 8280 8089 7653 7999 7946 7793 7660 7857 7513 8027 7949 7617 7680 8405 7407 8064 7613 8077 7870 7740 7668 7911 7488 7927 8094 8193 8115 8474 8524 8081 8683 8100 7976 7771 8079 8214 7684 7738 8106 7922 8478 7677 8060 7931 7581 7937 7483 8141 7930 7786 8070 7647 7581 7960 8096 7887 7775 8202 7828 7795 8414 8072 7826 7436 7981 7431 7910 8274 7972 8239 8076 7569 8153 7875 7898 8097 8055 7388 7925 7852 7791 7691 7472 8000 7630 8258 7795 7378 8240 8113 7888 8284 8052 7875 7358 7704 7795 7659 7764 8287 8310 8016 8277 7964 7714 7708 8247 7210 7586 7728 7996 7895 8162 7506 7958 7970 7778 8295 8002 8092 7997 7603 8140 7529 8264 7345 8035 7971 7783 8307 8263 7686 8293 7872 7620 7832 8000 8186 7884 7570 7996 7535 8036 8214 7988 8083 8180 8110 8036 7665 7532 7794 7729 7793 8002 8075 7742 8420 7835 7874 8410 8034 7234 7884 7333 7997 7545 7676 7769 7908 7823 8253 7385 8078 8101 8036 7484 8159 7857 7769 8208 8176 7832 7427 7263 7617 7950 7917 7754 8315 7488 7953 8063 8005 7660 7907 8547 7840 8159 7865 8037 7596 8200 7706 7381 8385 7766 7864 7981 8008 8068 8280 8092 7669 8146 7593 8561 8314 8109 8112 7963 8429 7919 7539 7919 8525 8037 7664 7631 7645 7773 7993 7756 7782 7495 7867 7911 7759 7563 7921 7608 8000 8176 8236 7831 7839 6998 7720 8076 7608 8192 7352 8364 7839 7914 7728 8017 8122 7572 8014 8417 8369 7883 7924 8198 7956 8140 7446 7886 8056 7886 7896 8329 7674 8033 7438 8053 8348 8030 7961 8794 7799 7830 8220 8196 7592 8017 7646 7456 8063 7953 8033 7774 7897 7461 8135 7931 7994 8264 8063 7914 8108 7469 7808 8039 7891 7815 8131 6981 7607 7947 8129 7840 8229 8047 7956 8193 7880 8027 8340 7597 8191 8319 7868 7650 7998 7784 7879 7766 7482 7771 8027 7639 7858 8466 7788 7735 8180 7792 7239 7855 7790 7833 8207 8021 7865 7961 8187 7402 7419 7898 7996 8404 7454 7942 8183 7698 8017 7906 8070 7696 7492 7670 8063 7730 7882 7907 7871 8456 7795 7506 7189
7905 8085 8086 7619 7838 8525 7891 7607 7826 8426 7989 7866 8149 8278 7623 8051 8496 7685 7644 7950 8449 7756 8194 7938 7999 8137 7797 7808 8024 7743 7593 8123 7835 8298 7480 7786 7795 8138 8060 7713 7609 8330 7600 8312 7883 8210 8122 7932 7947 8296 7657 7941 7999 8219 8248 8373 8729 8161 8631 8355 8412 8118 8268 8299 7858 8028 8021 7675 8297 7802 8049 7807 7945 7841 7582 8308 8024 7960 8171 7878 7706 8009 8049 7434 7729 7909 7813 7774 8602 8237 8077 7506 8106 7587 8456 8403 7960 8052 8333 7884 8389 8008 7975 7775 8238 7470 8108 7818 7864 8316 7760 8002 7556 8264 7978 7717 8087 8210 8097 7878 8002 7603 7441 8000 8187 7964 7591 8727 8460 7876 8540 8123 8065 7712 8333 7770 7731 8135 7987 7659 8117 8128 7740 8047 8020 8460 8283 7893 7728 8085 8470 7458 8105 7313 8134 8109 7944 8421 8438 7807 8229 8057 8076 8180 8240 7867 7910 7618 8137 7860 7832 7979 7901 8076 8136 8259 7973 7788 7803 8053 8017 8031 8219 8259 7741 8210 7680 7753 8491 8604 7007 7828 7489 8201 7557 7761 7687 8155 7844 8401 7954 7890 7992 7582 8064 7870 8285 8233 7941 8034 7949 7516 7375 7740 8305 8147 7716 8253 7534 7574 7786 8086 8132 7904 8579 8193 8064 8064 8068 7831 8260 7950 7527 8216 7793 7639 8324 7902 8299 7969 8136 7751 8351 7599 8373 8146 8035 7780 7451 8140 8006 7930 7730 8638 7719 7850 8000 8119 7825 8265 7978 7778 7717 8018 8097 7781 7915 7765 7817 8016 8282 8020 8025 7861 7336 8000 8148 7877 8144 7520 7910 7961 8081 7351 7912 7995 7803 8077 8472 8110 7728 8157 8464 8210 8059 7624 8041 8088 8139 8029 8467 7863 8436 7726 8033 8244 8077 8204 8667 8126 7709 8155 7769 7797 7962 8017 7872 8437 7763 8350 8331 8120 7480 7985 7857 8101 7995 7811 7744 8302 7517 7846 7925 7968 7771 8243 7381 7851 7937 7756 8131 8023 8233 7834 7890 7746 8159 7895 8271 7932 7894 7776 7763 7983 7627 8155 7793 7481 7714 8082 7746 7772 8469 8098 7931 8018 7994 7446 7971 8045 8152 8096 7959 8079 7963 8382 8090 7795 8197 7875 8376 7810 7782 7975 7453 8027 7984 8054 7850 7901 7725 8311 7413 7985 8182 8376 8324 8020 8005 7597
8187 7905 7743 7793 8099 7986 7709 7674 7742 8476 7868 7829 8113 8095 7668 7786 8049 7668 7554 8278 8535 7696 8138 8134 7799 7875 7785 7841 8114 7945 7573 7918 7728 7933 7398 7730 7430 8271 8219 7930 7355 7971 7552 8521 8135 8202 8156 7924 7868 8064 7495 8139 7997 8282 8020 8196 8644 8021 8376 8027 7937 7792 7863 8415 7821 7847 8279 7675 8153 7744 8021 7847 7708 7798 7717 7799 7952 7473 8379 7684 7958 7916 8115 7456 8111 8048 7954 7621 8175 8098 8368 7559 8065 7775 7917 8306 7967 8150 8058 7859 8454 8026 7614 8171 7966 7613 7626 7890 7921 8107 7911 8242 7753 8392 7603 7400 8081 8365 8020 8226 8017 7443 7673 8048 8130 8089 7611 8454 8323 8042 8120 8261 7902 7621 8217 7739 7064 8044 8064 7583 8074 7969 7877 8302 7484 8093 8175 8075 7673 7657 8118 7310 7920 7733 8131 7950 7498 8386 8104 7859 8274 7976 7660 7991 7900 7936 8059 7839 8056 7393 7845 8274 7798 7896 7694 7714 7865 7647 7677 7759 7698 8111 7910 8183 7827 8123 7739 7822 8373 7993 7232 7779 7569 7887 7609 8085 7723 7944 7655 8131 7563 7821 8067 7594 7722 8050 7948 7798 8112 7834 8009 7492 7608 7972 8146 8154 7896 8206 7734 7874 7682 7965 7675 7622 8266 7948 8121 8210 8225 7507 8059 7804 7604 8293 8092 7764 8043 8067 8182 8069 8283 7683 8269 7670 8672 7975 8198 8128 7502 7912 7713 7749 7661 8820 7858 8022 7698 7770 7498 8058 7647 7954 7985 7648 8233 7561 7798 8158 7914 7983 8359 8267 7657 8243 7292 8074 8085 7882 8327 7559 7821 7518 8246 7688 8112 8152 7727 8154 8152 8256 8041 8063 8270 8062 8047 7939 7868 7663 7860 8056 8269 7938 7899 7250 8013 8285 7876 8099 8220 7902 8093 8252 7922 7726 7677 7399 7363 8362 7719 8154 7999 8021 7802 7957 8093 8233 7926 8069 7451 8150 7777 7799 7854 7513 7567 8186 7282 7540 7668 7879 7993 7889 7819 7893 8046 7903 8071 8053 7853 8098 7851 7653 7835 7884 7763 7842 7864 7544 7820 8011 7653 7633 8536 7786 7746 7800 7695 7519 8058 7620 7980 8102 7862 7675 7972 8128 8080 7523 8095 7817 8140 7692 7542 8201 7545 8404 8090 8055 7780 7782 7921 7961 7479 7926 7644 8167 8037 8271 7449 7456
8637 8376 8599 8415 8942 8646 8008 8143 8063 8804 8585 8546 8496 8417 8139 8251 8745 7984 7861 8711 8798 7912 8689 8566 8487 8548 8309 8460 8315 8569 8456 8364 8425 8175 7968 8520 8211 8541 8379 8322 8200 8353 7724 8869 8426 8610 8575 8607 7992 8640 8006 8187 8831 8551 8626 8741 9133 8554 9071 8601 8542 8411 8581 8920 8246 8389 8748 8288 8646 8223 8655 8449 8395 8338 8292 8774 8612 8464 8530 8305 8269 8652 8397 8105 8510 8396 8105 8285 8959 8419 8721 7947 8825 8307 8883 8742 8508 9069 8779 8111 8841 8496 8446 8826 8709 7677 8286 8301 8256 8267 8030 8283 8130 9027 8365 7631 8336 8776 8351 8597 8137 8101 8121 8151 8424 8108 7782 8959 8792 8413 8636 8573 8235 8443 8573 7893 7974 8551 8308 8042 8554 8434 8322 8830 8405 8805 8648 8363 8324 8387 8637 7969 8595 7864 8344 8531 8282 8846 8562 8147 9040 8129 8043 8275 8414 8531 8745 7726 8604 8090 8561 8737 8294 8706 8150 8651 8493 7950 8263 8732 8519 8357 8620 8718 8245 8428 8169 8430 8852 8796 7776 8290 7749 8753 8172 8211 8253 8509 8029 8924 8084 8413 8311 8560 8116 8282 8776 8470 8652 8640 8487 8189 7791 8412 8651 8538 8316 8510 8246 8518 8100 8530 8510 8437 8679 8405 8649 8651 8472 8087 8350 8363 8132 8824 8534 8169 8421 8482 8532 8637 8735 8056 8719 7779 8882 8621 8501 8330 8095 8778 8659 8052 8119 9032 8150 8061 8323 8834 7860 8516 7877 8279 8411 8330 8542 8463 8546 8264 8316 8711 8752 8863 8195 8562 7839 8202 8226 8027 8348 8228 8534 8204 8491 7867 8460 8644 8442 8861 8783 8572 8551 8500 8589 8658 8503 8223 8258 8407 8416 8555 8512 8500 9049 7980 8180 8630 8251 8748 8841 8752 8349 8740 8488 8301 8496 8123 8208 8490 8020 8869 8537 8347 7816 8342 8667 8550 8452 8186 8216 8730 8400 8367 8740 8071 8121 8666 7554 8266 8393 8377 8452 8559 8843 8356 8773 8043 8561 8603 8680 8353 8452 8070 8168 8239 8354 8328 8529 8204 8268 8712 7908 8137 9286 8455 8351 8490 8133 7753 8437 8681 8346 8576 8258 8265 8400 8603 8380 8242 8250 8447 8808 8124 8197 8637 8072 8714 8750 8151 7992 7940 7907 8433 8436 8539 8697 8708 8439 8424 8067 7919
8196 8180 8026 8104 8067 8684 8171 7794 7802 8798 8044 7795 8051 8160 8145 8323 8345 7724 7854 8284 8564 7617 8029 8254 8179 8153 7786 7912 8459 8587 7716 8139 7962 8087 7730 8248 7479 8093 8046 7803 7585 8053 7661 8226 8085 8350 8464 8127 7757 8002 7716 7970 8333 8479 8024 8386 8763 8278 8609 8349 8283 8099 8388 8582 8004 8085 8347 7999 7978 8274 8380 7900 8144 8018 7589 8258 8225 8011 7835 8077 7969 8266 8044 7901 8160 7991 8139 7779 8299 8082 8032 7895 7959 7798 8186 8451 8116 8601 8366 7821 8442 7863 8162 8112 8280 7644 7886 8040 7885 7764 7759 8110 7562 8322 7835 7754 8576 8552 8025 8391 8127 7820 7212 8010 7985 7975 7906 8799 8428 8028 8404 8103 7963 7907 8139 7610 7634 7956 8223 7654 8100 8122 7928 8332 7980 8355 8063 8040 7844 8104 8574 7677 8054 7544 8215 8103 7846 8613 8477 7929 8213 8377 8200 8094 8537 7994 7989 7789 8562 7498 8441 8092 7994 8254 7920 7949 8227 7973 7977 7538 8060 7974 8214 8255 8024 8376 7740 8199 8490 8321 7806 7991 7666 8495 7627 8430 8068 8205 7813 8296 7783 8006 7908 7871 7755 8172 8153 7665 8100 7987 8403 7599 7189 8011 8394 8203 8035 8402 7660 7867 7998 7949 8075 7966 8543 8051 8191 7971 8195 7639 8317 8079 7670 8450 7793 7895 8296 8177 8094 8109 8345 8137 8607 7754 8323 8232 8471 8019 7698 8022 8237 7615 7730 8523 7961 7544 7695 8051 8083 8414 7810 8000 7957 8311 8437 7979 8144 8236 8223 8203 8526 8095 7653 7971 7597 8229 8095 8375 8412 7396 8125 8007 8578 7593 8397 8218 7798 8177 8722 8130 8251 8213 8530 8007 8415 7654 8253 8132 8141 8073 8095 7768 8399 7625 8204 8568 7971 8135 8681 8223 8293 8328 7902 8018 8082 7959 8005 8243 7793 8605 7977 8018 7627 8063 8204 8190 8362 7941 7649 8094 7789 7814 8265 7933 8098 8260 7238 7830 8213 7884 8157 8315 8308 8104 8394 7818 8320 8109 8001 8160 8504 8357 7669 8199 7840 8090 7669 7837 7740 8202 7748 8083 8628 8308 8131 8363 8072 7589 8085 8016 8184 8156 8018 8314 7914 8133 8043 7779 7998 8228 8307 7902 7554 8377 7783 8381 7996 7868 7683 7973 8031 8389 7803 8275 8021 7947 8186 7870 7929 7524
8483 8466 8274 8185 8482 8569 8093 7746 8025 9097 8386 7987 8469 8448 8456 8644 8490 8076 7885 8861 8955 7855 8425 8506 8241 7817 8364 8408 8822 8633 7672 8707 8311 8224 7660 8134 7819 8815 8402 8240 8211 8400 8188 8848 8283 8510 8218 8479 8054 8082 8052 8598 8670 8761 8552 8498 9296 8068 8664 9002 8255 8378 8478 9004 7876 8240 8702 8221 8415 7915 8612 8574 7970 7649 7947 8510 8570 8394 8460 8045 7965 8372 8627 7783 8390 8178 8381 7983 8701 8389 8706 8133 8528 7991 8276 8606 8074 8796 8794 8252 8523 8212 8298 8522 8483 7603 8453 8341 8066 8344 8206 8239 8219 8702 8319 7950 8531 8521 7997 8493 8435 8404 7670 8104 8249 8282 8137 8880 8907 8370 8404 8278 8099 8393 8803 8018 7927 8522 8266 7750 8414 8043 8422 8588 8224 8683 8730 7984 8420 8528 8880 7846 8548 7842 8316 8131 8264 9035 8289 8235 8807 8471 7897 8433 8761 8481 8440 8154 8655 8190 8229 8496 8425 8434 8166 8271 8215 7870 8116 8201 8189 8010 8248 8864 8189 8768 8207 8113 8682 8444 7850 8500 7937 8663 7961 8283 8296 8459 7948 8414 8189 8361 8182 8412 8123 8717 8388 8151 8262 8258 8423 7823 7686 8561 8332 8522 7889 8539 7656 8399 8388 8433 8099 8516 9161 8106 8658 8835 8505 8061 8451 7976 7833 8894 8128 8160 8789 8590 8604 8390 8366 8308 8566 8052 8833 8573 8265 8284 8158 8932 8291 7772 8160 9034 8442 8243 8085 8467 8147 8541 8051 8418 8472 8024 8437 8085 8030 8312 8253 8318 8591 8520 7934 8120 7610 8488 8667 8466 8583 7858 8646 7871 8480 8074 8289 8362 8337 8458 8996 8449 8461 8262 8638 8490 8466 7802 8226 8440 8564 8222 8684 8124 8482 8112 8398 8283 8500 8498 8940 7825 8138 8276 8044 7846 8190 7929 7909 8620 8220 8567 8311 8139 7652 8424 8434 8465 8528 8095 7757 8523 7764 8136 8470 8409 8093 8616 7795 7942 8120 8406 8152 8722 8485 8330 8409 7906 8634 8569 8491 8429 8383 7775 8098 8228 8152 8306 8118 8116 7970 8116 7956 8018 8955 8382 8323 8353 8336 7522 8362 8518 8204 8598 8273 8080 7973 8122 8374 8256 7901 8334 8798 8164 8122 8352 7696 8755 8315 8289 8112 8277 7885 8440 7674 8344 8210 8610 8578 8419 8137 7700
8272 7884 7906 7566 7647 8239 7817 7095 7827 8019 7547 7325 7809 7519 7971 7876 7991 7305 7339 8019 8021 7381 7765 7967 7718 7969 7465 8057 7915 7988 7856 7783 7642 7680 6982 7473 7821 7967 7872 7527 7119 7775 7330 7898 7850 7878 7987 7747 7109 8133 7347 7720 8188 8085 8082 7910 8539 8047 8242 7804 7577 7580 7728 8143 7455 7562 8150 7913 7824 7877 8203 7953 7714 7791 7156 7858 7593 7601 7649 7738 7961 7795 7586 7117 7950 7748 7795 7453 7844 7858 7816 7622 7957 7566 7712 8084 8007 8122 8121 7162 7893 7572 7935 7953 7885 7042 7904 7150 7664 7592 7549 7740 7558 8182 7700 7180 7783 8263 7596 8031 7829 7274 7548 7523 7723 7711 7327 8014 8172 7764 7808 7829 8167 7507 7892 7435 7391 7711 7866 7445 7585 7769 7773 7842 7578 8338 7842 7611 7847 7746 8071 7363 7986 7319 7834 7471 7468 8356 7917 7367 8185 7605 7358 7688 7878 7770 7525 7298 7905 7282 8164 7975 7602 7985 7717 7922 7876 7226 7762 7954 7437 7593 7794 7924 7573 7891 7849 7508 8222 8172 7034 7653 7384 7695 7465 7642 7699 8083 7171 7878 7559 7767 7638 7316 7592 7941 8232 7703 7914 7578 7762 7113 7292 7837 7483 7927 7783 8007 7206 7883 7517 7857 7622 7681 8077 7928 7811 7915 7916 7725 7896 7687 7352 8057 7682 7589 7967 7779 7708 7912 8204 7482 7844 7455 8178 7965 7793 7688 7747 7751 8195 7327 7040 8717 7538 7745 7345 7780 7667 7641 7756 8014 7765 7553 7846 7720 7553 7855 7636 7879 7877 7939 7196 7722 6896 7885 7470 7536 7960 7294 7758 7659 7860 7574 7771 7853 7642 7982 8525 7756 7739 7827 7936 8159 7551 7352 7803 7638 7780 7607 8010 7724 8048 7596 7747 7937 7767 7893 8118 7636 7949 7903 7620 7552 7619 7923 7306 8164 7604 7952 7737 7768 7276 7939 7819 7838 7353 7566 7111 8106 7285 7545 7482 7483 7513 8011 6781 7432 7662 7529 7777 8037 7880 7947 7638 7373 7565 7884 7890 7592 7729 8012 7423 8093 7408 7776 7519 7364 7742 7772 7216 7571 8189 7664 7407 7818 7532 7198 7655 7687 7688 7740 7637 7880 7576 8181 7477 7547 7602 7877 8107 7591 7628 7682 7155 8046 7524 7440 7439 7481 7353 7809 7960 7907 7776 8143 7875 7559 7358 7515
8645 8529 8415 8373 8402 8870 8546 7889 8356 8872 8250 7947 8211 8081 8472 8412 8582 7952 8019 8447 8485 7895 8682 8346 8482 8191 7885 8155 8317 8220 8054 8377 8414 8264 7889 8177 8121 8397 8344 8370 7744 8457 8312 8687 8093 8480 8143 8207 8120 8179 7748 8563 8768 8725 8362 8776 9083 8373 8582 8566 8344 8646 8620 8631 8122 7987 8799 8295 8693 8210 8839 8268 8115 8219 7818 8608 8484 8370 8529 8274 7965 8341 8278 7703 8129 8341 8282 8364 8862 8479 8593 8024 8367 7954 8380 8562 8313 8791 8575 8141 8762 8142 8412 8454 8423 7491 8158 8211 7964 8230 7893 8159 8323 8805 8175 7600 8281 8848 8175 8902 8547 7925 7844 8120 8475 7939 7959 8785 8925 8426 8769 8769 8570 8224 8424 8187 8076 8180 8130 8255 8683 7955 8252 8530 8198 8680 8482 8278 8155 7838 8654 8029 8694 8138 8404 8303 8124 8724 8719 8269 8706 8769 8314 8382 8669 8322 8621 8182 8533 8062 8500 8554 8131 8235 8327 8455 8306 7835 7950 8349 8201 8084 8376 8658 8223 8599 7924 8683 8515 8924 7699 8175 8064 8429 7839 8225 7974 8652 7753 8553 8122 8388 8281 7852 8499 8411 8471 8330 8233 8703 8245 7694 7443 8141 8448 8330 8136 8384 7762 8368 7926 8594 8227 8316 8992 8338 8404 8242 8699 7927 8713 7808 8034 8709 8271 8362 8500 8543 8579 8704 8524 7784 8724 8148 8991 8601 8413 8586 8240 8552 8173 8093 8018 9119 7977 8319 7924 8424 8358 8569 8512 8733 8217 8251 7891 8054 7833 8238 7811 8607 8511 8639 7917 8485 7688 8516 8471 8266 8411 7643 8547 8094 8340 8392 8545 8402 8260 8368 9084 8253 8053 8146 8909 8772 8607 7829 8688 8605 8568 8490 8811 8134 8563 8160 8502 8330 8228 8703 8804 8544 8515 8491 8271 7887 8243 8216 8274 8500 8133 8615 8207 8544 7821 8397 8501 8169 8610 8586 8348 8358 7799 8095 8196 8282 7845 8621 7290 7842 8119 8450 8333 8835 8465 8140 8336 7917 8252 8497 8575 8246 8472 7960 8240 8529 8098 8639 8200 7989 8281 8377 8067 8249 8758 8156 8264 8277 8333 7820 8324 8243 8327 8177 8184 8179 8066 8636 8194 8245 8324 8530 9026 8094 8372 8326 7761 8625 8524 8285 7974 8093 7875 8762 8001 8530 8653 8226 8146 8258 8023 8117
8290 8169 7835 7723 8248 8405 8044 7679 8025 8541 8489 7837 8125 8017 7695 8216 8450 7646 7545 8173 8299 7735 8032 8109 8053 7831 7950 7966 8145 8241 7545 7773 7757 8175 7431 7834 7817 8594 8149 7882 7718 8257 7577 8360 8466 8092 7980 7812 7959 8145 7588 8291 8053 8076 8254 8587 8644 8210 8260 8209 8236 7844 8214 8734 7912 7970 8239 8179 8053 7865 8139 7934 7880 7670 7864 8175 8085 8082 8275 8000 8360 7937 7737 7647 8162 8018 8123 8162 8166 8295 8110 7878 7791 7603 8080 8016 8047 8421 8469 7880 8511 7985 8041 8286 8332 7564 7858 7830 7817 7929 8138 8125 7982 8413 7928 7545 7960 8349 8097 8242 8137 7756 7414 7802 8279 7871 7937 8423 8542 8102 8366 8360 8052 8283 8141 7550 7321 8167 8067 7785 8201 8053 8039 8289 7964 8303 8071 8157 7786 7652 8676 7664 8543 7660 7911 7969 7975 8696 8145 8220 8647 8191 8051 7801 8266 8226 7948 7747 8379 7847 7826 8251 7821 8070 7949 7869 8078 7519 8016 8130 7918 8006 7914 8447 8030 8362 7737 8007 8435 8531 7503 7805 7875 8207 7701 8203 7954 8211 7658 8370 8053 7964 8343 7715 8140 8295 8323 8256 8235 8298 8181 7675 7295 7905 7936 8087 8054 8403 7833 7980 7566 8168 8065 7919 8428 7874 8208 8349 8298 7603 8421 7671 7773 8557 8111 8004 8085 8078 8511 8249 8284 7778 8134 8161 8388 8137 8247 7822 7792 8107 7742 8307 8046 8792 7853 8013 8063 8141 8035 8275 7927 8282 8226 8152 8038 7761 7978 8253 7998 8040 8196 8051 7835 8065 7359 8399 8396 7701 8372 7859 8558 8009 8263 7537 8343 8024 8025 8306 8425 8265 8305 8093 8565 8552 8029 7503 8017 7857 8216 7667 8399 7801 8414 7565 8021 7964 8185 8131 8578 7902 7875 8441 7793 7636 7554 7767 7721 8425 7596 8364 8068 8462 7350 7886 8075 8042 8192 8053 7945 8232 7756 8015 8269 7979 8174 8146 7447 7796 8001 7786 7969 8062 8187 7906 8028 7901 8121 8078 8389 8201 8163 7957 7974 7954 7911 8017 7791 7618 8070 7973 7707 8036 8703 8139 7753 7777 7918 7327 8041 8023 8319 8615 7744 7972 7892 8195 8212 8093 7807 8160 8667 8185 7628 8226 7774 8256 8121 8122 7819 7942 7839 8130 7682 8412 7859 8121 8574 7979 7397 7293
8003 8013 8263 8288 8395 8394 8208 7614 7872 8591 8278 7775 8044 8072 7641 8333 8699 7862 7408 8197 8246 8026 8251 8414 8062 7970 7720 8104 8147 8135 7852 8457 7890 8008 7549 8064 7728 8391 7968 7655 7927 8442 7618 8641 7868 8304 8435 8257 7934 8012 7308 8284 8468 8445 8229 8090 8536 7922 8425 8332 8121 7938 8193 8527 8119 7942 8219 7991 8084 7703 8420 8113 7846 7880 7980 8186 8086 7950 8213 8001 8146 8190 7990 7972 7992 8028 7978 7729 8320 8167 8357 7731 7849 7803 8444 8517 7800 8637 8782 7918 8238 8201 8081 8129 8077 7669 8131 7952 8127 8204 7594 7969 7860 8600 8172 7631 8183 8275 7872 8242 8235 7707 7597 7974 8112 8045 7936 8623 8760 7763 8431 8254 7752 7903 8331 7468 7750 8184 8164 7851 8340 7873 7970 8295 8094 8245 8009 7794 7902 8008 8506 7604 8399 7653 8204 8306 8378 8595 8412 7985 8473 8142 8074 7918 8185 8352 7938 7835 8377 7682 8420 7993 7919 8457 7985 7930 8189 7677 8099 7997 7917 7912 7991 8468 7625 8521 7847 7860 8508 8432 7896 7970 7535 8235 7562 7726 7960 8259 7830 8477 7972 7844 7916 7997 7973 8157 8074 7864 8390 8578 7908 7868 7775 7959 8089 8240 8108 8020 7697 8153 7925 8422 8074 7980 8641 8154 8183 8165 8251 7576 7927 8012 7731 8699 8211 8028 8215 8395 8124 8359 8140 7917 8354 8052 8360 8472 8092 7894 7902 8252 8332 7553 8028 8733 7927 8109 7994 8266 7954 8373 8091 7671 8130 8057 8245 7617 8114 8082 7900 7914 8083 8067 7770 7947 7462 8159 8350 8047 8234 7756 8561 8077 8556 7681 8302 8055 7847 8105 8813 8200 8004 8059 8505 8425 7986 7845 8447 7906 8446 8002 8404 8122 8764 8196 8293 8362 8089 8418 8817 7998 8111 7959 8121 7517 7876 7943 7726 8359 7836 8417 8180 8246 7543 8083 8132 8443 8538 7836 7661 8031 7831 8284 8209 8101 7900 8394 6983 7733 7887 8283 8066 8039 8188 8062 8038 7917 8059 8515 8154 7857 8282 7863 8015 7888 8177 8060 7835 8024 7774 8372 8048 8414 8469 7988 7849 8557 8190 7328 8055 8103 8246 8502 8016 8101 8044 8196 7990 8056 8071 7989 8306 8120 8077 8255 7868 8096 8471 8358 7821 7944 7709 8719 8016 8260 8041 8202 8104 7956 7982 7619
7993 8036 7829 7764 7657 8216 7750 7289 7667 8535 7657 7301 8172 8051 7590 8106 8374 7641 7589 7949 8440 7723 7659 8056 8250 7961 7493 7865 7879 8143 7526 7707 7911 7809 7580 7792 7519 8210 7822 7794 7511 7585 7758 8234 7628 7876 8117 7912 7721 7763 7605 7853 8203 8278 7830 8145 8410 8057 8422 8285 7899 8077 8033 8095 7510 7672 8049 7835 7976 7486 8111 7935 7599 7772 7734 7999 8048 8040 7990 7658 7646 7921 7898 7177 8154 7613 7816 7695 7946 7556 8012 7573 7816 7453 8207 7685 7560 8160 8231 7657 8137 7858 7943 7897 8110 7138 7528 7777 7679 7824 7529 7715 7462 8117 7462 7209 8082 8180 7793 7813 7983 7933 7314 7755 7903 7664 7303 8511 8192 8142 8167 7923 7802 7885 7958 7687 7515 7611 7697 7417 7991 7973 7931 8120 8008 8165 7994 7770 7906 8012 8193 7603 8142 7302 8013 7795 7959 8459 7774 7698 8082 7862 7725 8043 8075 7653 7752 7331 8209 7354 7875 8163 7859 7972 7766 7852 7782 7281 7771 7687 7858 7876 7918 8242 7779 8133 7648 7621 8318 8132 7465 7782 7170 7942 7607 7773 7662 7808 7408 7911 7698 7793 7690 7687 7855 8173 7786 7760 8097 7821 7815 7399 7312 8080 8314 8019 8012 7756 7323 8017 7925 7947 7793 7977 8495 7996 7897 7893 8243 7701 8238 7706 7309 8225 7842 7462 8003 8037 7971 8051 8074 7677 8209 7536 8330 8205 8126 7624 7637 8070 7887 7726 7688 8374 7710 7721 7674 7731 8128 7808 7853 7976 7798 7698 7610 7876 7998 7944 7626 8020 8116 8066 7500 7848 7296 8239 7703 7610 8045 7502 7677 7513 8036 7313 7897 7716 7746 7798 8553 7872 8000 8190 8159 7956 7995 7271 8023 7625 7710 7802 8047 7347 8274 7632 7956 7839 7597 8263 8343 7635 7915 8011 7704 7739 7711 7890 7438 7935 7477 8028 7795 7957 7374 7760 8049 7992 7995 7763 7545 7961 7739 7301 7783 7534 7712 8113 7030 7384 7607 7782 7708 8132 8120 7997 7829 7539 7924 8298 7922 7925 7865 7763 7663 7940 7546 7848 7659 7530 7330 8004 7384 7751 8228 7842 8016 8068 7932 7284 7814 7754 7678 8070 7625 7816 7550 7773 7582 7488 7626 7783 8320 7644 7491 7971 7501 8009 7574 7770 7775 7521 7588 8123 7516 7814 7550 8073 8027 7776 7601 7121
7805 8061 8045 8235 8236 8399 7791 7818 7800 8374 7965 7787 8015 8078 7946 8184 8193 7724 7599 8422 8356 7595 8151 8208 7919 7574 7894 7680 8261 7962 7640 8040 8132 8096 7666 7570 7783 8423 8075 7815 7656 8267 7714 8542 7910 7978 8195 7964 7977 7783 7640 8360 8208 8412 8002 8322 8604 8089 8747 8175 8224 8098 8440 8217 7768 7700 8347 7883 8120 7997 8433 7978 7986 7925 7921 8337 7892 8018 8301 7675 7407 8144 8318 7608 7799 7937 8020 7872 8369 8081 8198 7839 7852 8138 8296 8250 7936 8273 8299 7702 8195 8043 7586 8017 7938 7340 7832 7861 8016 8156 7845 7848 7758 8168 8027 7683 7933 8218 8001 8071 8009 7666 7347 8071 7984 7970 7773 8760 8206 7806 8151 8037 7799 7924 8074 7452 7445 7852 8064 8025 8268 8091 7977 8298 7892 8332 8035 7626 7643 8288 8558 7534 8211 7647 8243 7981 8008 8557 8355 7787 8130 8065 8058 8060 8214 8350 8299 7403 8591 7782 8005 8271 7963 8220 7809 7672 7974 7833 7529 7957 8313 7845 8067 8257 7945 8193 7545 8156 8206 8347 7318 8142 7422 8178 7502 8171 7949 7918 7921 8222 8100 8057 7729 8074 8093 8124 7968 8125 8055 7913 7959 7748 7655 8065 7932 8471 7897 8457 7541 8076 8297 8360 7899 7913 8476 7929 8162 8428 8153 7489 8409 7889 7880 8245 7810 7969 8024 8166 8079 8245 8312 7813 8335 7705 8550 8253 7940 7973 7757 8296 8012 7755 7942 9016 7910 7957 8006 7951 7800 8077 7550 7990 7942 7910 7989 7925 7826 8317 7941 8110 8378 7933 7583 7912 7180 8273 8143 7810 8233 7498 8412 7724 8317 7666 8110 8241 7816 8262 8471 8085 8357 8076 8427 8405 8276 7600 7926 8127 8110 8022 8420 8100 8196 7637 8427 8316 8076 7948 8595 8020 7968 8342 8216 7934 7809 8002 7802 7906 7969 8297 7869 7955 7645 8038 8164 7980 7971 8000 7515 8298 7541 7928 7972 8072 7875 8503 7147 7735 7644 8517 7903 8078 8144 7815 8127 7613 8250 8191 7996 8278 8173 8034 7813 8243 8129 7949 8007 7707 8010 8140 7404 7886 8661 8187 7898 8105 8240 7476 7933 8003 7791 8439 7841 8083 7887 8086 7755 7811 8132 8208 8408 7785 7781 7943 8002 8316 8094 7972 7723 7590 7761 8256 7805 7855 7849 8092 8025 8116 7543 7326
8500 8366 7841 7992 8624 8913 8333 7581 8245 8627 8524 8209 8406 8316 8194 8361 8502 8331 7725 8464 8805 8016 8401 8368 7863 8124 8112 8407 8328 8230 8031 8535 8425 8271 7754 8156 7937 8486 8453 8699 7959 8387 7984 9131 8099 8301 8419 8431 8049 8276 7861 8272 8821 8614 8687 8637 8866 8509 8937 8745 8358 8263 8462 8658 7955 8654 8254 7858 8724 7961 8406 7955 8239 8176 8103 8585 8347 8323 8628 8252 8225 8448 8444 7661 8708 8206 8434 7954 8678 8235 8333 7797 8251 8107 8378 8362 8190 8642 8713 8248 8781 8345 8170 8446 8652 7665 8194 7962 8211 8455 8024 8081 7983 8835 8237 7765 8524 8660 8072 8659 8386 7734 7839 8210 8416 8230 7846 9040 8637 8564 8673 8545 8208 8129 8691 7850 7949 7916 8166 8118 8516 8278 8066 8628 8000 8821 8365 8326 8007 8301 8805 7852 8601 7998 8420 8277 8261 9223 8477 8373 8649 8390 8450 8254 8581 8393 8362 7679 8516 7589 8235 8311 8053 8602 8409 8331 8502 8420 8066 8373 8072 8313 8347 8590 8037 8930 7878 8258 8410 8638 7626 8390 7704 8661 7828 8534 8104 8720 8267 8555 8404 8107 8356 8187 8193 8396 8602 8352 8404 8286 8199 8064 7897 8176 8154 8462 8149 8710 7772 8483 8340 8397 8130 8433 8737 8568 8467 8548 8722 7716 8432 8345 7754 8617 7913 7918 8618 8820 8548 8412 8441 8109 8686 8166 8794 8724 8437 8247 7939 8992 8151 7990 7955 8851 8104 8576 8193 8452 8250 8578 8433 8282 8131 8045 8347 8209 8067 8476 8402 8518 8747 8695 8319 8145 7613 8359 8729 8266 8482 7640 8568 8148 8376 7986 8230 8303 8053 8410 9025 8643 8145 8590 8758 8390 8299 7879 8167 8662 8314 8377 8764 8211 8481 7957 8464 8157 8298 8514 8923 8029 8449 8437 8159 7846 8259 7848 8132 8771 7908 8499 8281 8196 7710 8152 8362 8515 8113 8334 8079 8472 7863 8052 7945 8211 8012 8617 7636 8275 8337 8618 7994 8522 8431 8208 8245 8109 8247 8339 8467 8255 8453 8154 7986 8374 7874 8652 8068 8105 8188 8617 7770 8206 8785 8258 8077 8484 8262 7567 8385 8378 8042 8336 8196 8409 8268 8463 8245 8132 8344 8095 8800 7997 8247 8335 7833 8362 7926 8181 7970 7866 8105 8560 8038 8217 8074 8825 8486 8510 7986 7614
7644 7755 7429 7327 7876 8012 7783 7099 7362 8036 7162 7172 7880 7395 7684 7634 7701 7468 7344 7901 7950 7004 7893 7815 7226 7425 7476 7518 7845 7777 7324 7562 7396 7776 7110 7373 7169 7757 7480 7424 7038 7798 7345 8122 7715 7692 7601 7683 7415 7621 7095 7587 7778 7931 7900 7979 8281 7508 8113 7903 7430 7673 7494 7908 7179 7547 7808 7456 7758 7563 8176 7685 7640 7453 6980 7345 7583 7426 7738 7375 7685 7799 7449 7220 7448 7900 7332 7272 8019 7617 7781 7405 7844 7549 7607 7503 7632 7928 7913 7588 7959 7540 7648 7826 7579 7079 7599 7406 7440 7358 7127 7506 7287 8168 7040 7077 7775 7930 7531 7910 7722 7201 7052 7345 7317 7268 7235 8096 8020 6926 7703 7998 7787 7424 7360 7463 7349 7602 7687 7319 7530 7520 7599 7741 7425 8084 7495 7361 7564 7525 7895 6919 8012 7760 7508 7342 7273 8029 7851 7471 7826 7611 7369 7853 7529 7600 7630 7257 7653 7190 7569 7719 7603 7702 7808 7524 7801 7111 7271 7561 7321 7296 7692 7580 7609 7917 7157 7538 7849 7910 6982 7534 7178 7673 7117 7608 7111 7593 7021 7778 7579 7628 7615 7419 7224 7582 7848 7750 7844 7609 7397 7205 6853 7611 7212 7508 7307 7859 7075 7647 7418 7690 7366 7344 8063 7845 7618 7843 7674 7190 7921 7397 7307 7859 7538 7113 7842 7941 7683 7733 7579 7379 7989 7626 7963 7744 7585 7313 7373 7290 7751 7390 7287 8474 7315 7536 7685 7499 7383 7621 7474 7557 7594 7184 7684 7397 7433 7279 7222 7789 7637 8063 7407 7635 7062 7796 7614 7592 7784 7140 7671 7498 8114 7399 7857 7314 7415 7780 8193 7358 7586 7691 7962 7774 7655 7308 7956 7504 7799 7318 8020 7504 7980 7342 7550 7789 7609 7934 7886 7643 7619 8071 7568 7260 7427 7505 7338 7825 7284 8015 7645 7520 7105 7433 7297 7589 7692 7584 7292 7622 7147 7494 7550 7557 7270 7967 6605 7265 7535 7630 7555 7984 7620 7755 7463 7358 7416 7509 7536 7511 7523 7473 7199 7732 7235 7724 7046 6945 7844 7644 7429 7443 7917 7387 7295 7601 7483 7007 7289 7367 7848 7559 7670 7421 7340 8030 7480 7530 7633 7451 7886 7196 7625 7661 7069 8066 7823 7481 7215 7380 7261 7790 7380 7678 7693 7678 7709 7950 7343 7150
8406 8459 8201 8239 8222 8854 8094 7865 8291 8436 8675 8375 8745 8389 8168 8424 8604 7997 7850 8678 8355 8065 8704 8651 8185 8355 8212 8267 8371 8496 7955 8245 7857 8263 7630 8165 7854 8436 8317 8206 7625 8395 7658 8880 8201 8278 8275 8218 8101 8284 7860 8220 8353 8554 8791 8528 8853 8349 8653 8394 8331 8196 8423 8640 7750 8403 8526 8158 8144 8037 8330 8126 8276 8167 8085 8393 7872 8007 8000 8407 8254 8181 8368 7785 8380 7857 8217 7907 8559 8360 8353 7981 8137 7988 8077 8305 8305 8586 8657 7996 8773 8449 8157 8109 8391 7301 8412 7962 8013 7807 7847 8290 8166 8506 8012 7733 8371 8754 8204 8515 8166 7706 7828 7902 8409 8510 8076 8662 8551 8058 8614 8385 8166 8043 8642 7836 7783 7870 8171 8154 8504 8396 8384 8451 7975 8497 8631 8044 8260 8193 8633 7866 8338 7713 8306 8431 8112 8754 8459 7911 8764 8393 8371 8023 8492 8222 8280 7779 8446 7511 8007 8659 8277 8398 8371 7875 8101 8010 8074 8393 8432 8275 8459 8680 8069 8530 7839 8172 8651 8667 7563 7723 7630 8553 7562 8123 7855 8517 7874 8097 8309 8486 8329 8150 8234 8299 8492 7958 8157 8403 8317 7932 7342 7923 8474 8567 7958 8126 7812 8131 7933 8512 8169 8309 8987 8408 8198 8189 8446 7715 8432 8229 7874 8279 7819 8068 7975 7960 8871 8634 8661 7689 8557 7854 8540 8462 8591 8175 7679 8436 8105 7983 7998 9003 8393 8331 7797 8320 8167 8685 8283 8134 8006 8104 8212 8126 8260 8372 8357 8483 8682 8591 8133 8248 7414 8279 8304 8348 8334 7908 8495 8284 8541 7799 8538 8010 8209 8457 8925 8569 8143 8431 8425 8328 8375 7873 8357 8325 8347 8070 8609 8367 8718 7949 8323 8244 8363 8083 8986 8431 8238 8617 8423 7937 8128 8163 8078 8312 7885 8513 8421 8253 7887 8335 8168 8177 7922 8127 8139 8311 7841 7937 8056 8129 7877 8732 7838 8117 8205 7984 8112 8333 8654 8304 8574 8025 8293 8098 8186 8343 8372 8121 7987 8248 8065 8052 8104 7913 7901 8424 7548 8068 8991 8433 8132 8294 8335 7445 8426 8306 8367 8476 8202 8220 7902 8563 7987 7984 8222 8084 8367 8029 7883 8422 7771 8553 8329 8026 8108 8405 7816 8504 8076 8306 8355 8214 8249 8344 7830 8028
8338 8084 8174 8023 8748 8392 7989 7746 8094 8839 8210 8126 8163 8366 8327 8347 8773 8058 8213 8717 8461 7776 8371 7976 8375 8085 8059 8254 8686 8412 7861 8528 8349 8134 7599 8115 7902 8439 8258 8028 7702 8374 7723 8898 8150 8469 8408 8336 8083 8331 8046 8357 8419 8498 8335 8178 8820 8368 8758 8251 8113 8472 8471 8711 8009 8121 8633 8274 8427 7894 8573 8182 8335 8347 7999 8441 8281 7853 8253 8068 8091 8205 8425 7829 8261 8207 8429 8235 8480 8374 8175 7826 8307 8453 8233 8505 7942 8627 8678 7843 8521 8086 8065 8436 8425 7494 7951 7925 8140 8339 7775 8086 8148 8637 7998 7719 8268 8327 7814 8249 8422 7931 7906 8020 8061 7906 7343 9127 8627 7953 8379 8519 8361 7696 8443 7750 7855 8240 8209 8465 8125 8245 8300 8618 8136 8872 8213 7958 8416 8365 8558 7839 8416 7856 8231 8487 8096 8865 8448 7814 8757 8398 7900 8222 8414 8379 8205 7993 8180 7845 8220 8433 8170 8187 8462 8367 8413 7812 7839 8236 8091 8129 8274 8306 7940 8344 8008 8376 8777 8600 7867 8235 7879 8484 7719 8134 8528 8579 8186 8386 8275 8274 8246 8300 7985 8450 8286 8248 8396 8406 8039 7708 7647 8302 8239 8285 8270 8348 8084 8584 8172 8030 8223 8091 8932 8121 8258 8415 8245 7715 8040 7877 7735 8781 7831 8346 8157 8605 8254 8759 8793 8066 8352 8039 8724 8368 8717 7888 7952 8337 8122 8248 7811 8928 7855 7990 8223 8102 8355 8369 8250 8307 8040 8324 8060 7778 8469 8252 8102 8622 8553 8677 8020 8081 7479 8501 8097 8102 8334 7234 8676 8061 8197 7647 8398 8202 8320 8423 8705 8185 8256 8534 8609 8548 8364 7770 8194 8107 8502 8308 8746 8207 8668 7804 8214 8640 8319 8349 8964 8225 8116 8440 8157 7764 8044 7876 8046 8718 8120 8514 8112 8163 8011 8163 8273 8259 8268 8229 8118 8396 7779 8021 8154 8408 7750 8731 7438 7974 8310 8564 8455 8531 8443 8224 8360 7717 8152 8340 8048 8257 8551 7947 8121 8579 7874 8176 8031 7627 8060 8179 7728 8311 8760 8238 8028 8404 7935 7596 8213 8171 8052 8352 8223 7984 8323 8607 7963 8198 8255 8432 8448 8019 7976 8607 7959 8462 8228 7993 8115 8091 7785 8339 8000 8238 8150 8251 8579 8379 7719 7588
8635 8567 8638 8347 8850 8936 8583 8214 8384 9193 8316 8400 8530 8628 8222 8413 8819 8021 8059 8892 8914 8424 8592 8858 8297 8274 7984 8724 8718 8701 7904 8699 8312 8453 8292 8256 7856 8898 8605 8620 8100 8641 7930 9070 8301 8786 8508 8296 8127 8872 8328 8681 8883 8799 8721 8882 9013 8344 8912 8798 8566 8274 8767 9091 8438 8189 8689 8328 9147 7811 8750 8320 8354 8243 8295 9114 8523 8025 8443 8361 8273 8759 8774 7766 8687 8488 8505 8281 8703 8460 8943 7990 8579 8187 8949 8751 8595 8936 8721 8229 8565 8724 8743 8581 8279 7960 8328 8249 8294 8116 8145 8256 8192 9103 8344 8154 8632 8690 8515 8519 8374 8110 7546 8158 8521 8646 8175 9162 8592 8351 8478 8766 8417 8358 8550 8361 7761 8662 8339 8323 8297 8574 8521 8451 8274 8892 8541 8599 8431 8102 8957 8318 8726 7915 8362 8731 8623 8693 8656 8331 8907 8773 8157 8553 8803 8609 8696 8049 8787 8362 8859 8192 8197 8612 8442 8731 8632 8227 8096 8321 8320 8357 8420 8830 8476 9090 8032 8382 8563 8968 7876 8536 7944 8624 7858 8473 8195 8785 8202 8504 8096 8552 8355 8512 8123 8577 8536 8252 8650 8914 8768 8308 7541 8820 8542 8953 8214 8693 7546 8329 8152 8655 8528 8358 8927 8543 8419 8378 8579 8070 8746 8407 8243 8780 8693 8340 8586 8684 8399 8820 8820 8136 8994 8492 8809 8659 8367 8555 8017 8464 8714 8188 8039 9101 8532 8470 8312 8367 8493 8652 8097 8338 8325 8553 8547 8199 8376 8623 8425 8453 8774 8501 8205 8355 7949 8663 8113 8189 8857 8204 8609 8293 8460 8434 8370 8420 8289 8605 9027 8266 8823 8360 8803 8738 8552 8203 8605 8731 8400 8464 8909 8200 8887 8458 8559 8640 8448 8709 9177 8677 8346 8386 8020 8421 8216 8314 8248 8918 8156 8863 8691 8956 7829 8852 8693 8564 8505 8646 8474 8475 8139 8295 8290 8439 8356 8816 7557 8252 8510 8750 8369 8601 8803 8522 9083 8118 8308 8512 8646 8290 8665 8591 8305 8725 8132 8556 8204 8278 8095 8672 8061 8655 8752 8429 8374 8565 8497 7793 8366 8549 8325 8481 8441 8463 8431 8574 8426 8337 8287 8614 9052 8115 8181 8659 8166 8766 8353 8150 8342 8346 7932 8747 8186 8603 8605 8721 8774 8344 8183 7951
8264 8275 8439 8124 8312 8454 8229 7885 7918 8553 8197 7967 8215 8175 8096 8211 8121 7873 7993 8269 8455 7931 8237 8094 8168 7819 7941 8051 8587 8394 8010 8040 8205 8095 7777 8091 8066 8299 8187 7830 7693 8069 7848 8798 8182 8625 8478 8479 7945 8140 7830 8170 8677 8468 8220 8330 8986 8387 8953 8270 8087 8137 8184 8897 8240 7939 8433 7979 8508 8205 8653 8301 8463 8008 7596 8533 7897 7879 8562 7878 8032 8562 8301 7616 8253 8501 8060 8181 8670 7846 8374 8162 8293 7904 8469 8391 8057 8375 8546 7981 8461 7842 8073 8170 8260 7442 7975 7703 8017 8302 7858 8011 8056 8679 7866 7759 8329 8661 7944 8472 8381 8049 7499 7887 8045 8035 7853 8898 8661 8045 8348 8206 8113 7903 8701 7893 7932 8337 8118 8073 8552 8083 8170 8329 7785 8592 8252 8019 8528 8046 8710 8095 8153 8065 8392 8410 8001 8594 8512 8040 8495 8327 7778 8327 8544 8249 8474 7943 8370 7607 7970 8601 8387 8505 8083 8257 7898 7790 8049 7884 8244 8026 8009 8585 7774 8683 8001 8266 8520 8408 7698 8406 7544 8457 7726 8228 8048 8381 8046 8720 8129 8216 8248 7924 8096 8436 8509 8225 8162 8315 8402 7555 7417 8080 8450 8224 8323 8523 7681 8352 7901 8411 7988 7997 8966 8171 8291 8236 8298 7767 8235 8039 7725 8463 8232 8001 8249 8368 8477 8607 8362 8054 8540 7833 8837 8405 8713 8278 7851 8528 8405 7975 7994 8790 8047 8310 8353 8352 8157 8228 8097 8379 8294 8187 8353 8108 7976 8402 8064 8370 8505 8285 8109 8238 7777 7952 8214 8048 8414 7574 8494 7945 8377 7507 8490 8290 8145 8471 8694 8648 8435 8179 8703 8452 8250 7727 8498 8222 8125 8454 8648 8279 8457 7501 8538 8447 8160 8310 8403 7894 8356 8248 8096 8075 8020 8069 7660 8408 8121 8534 8116 8463 8070 8038 8205 8505 8138 8057 7797 8216 7780 7944 8279 8318 7880 8871 7706 7756 8017 8065 8118 8225 8104 8269 8047 8027 8434 8360 8266 8294 8473 8020 8128 8217 8050 7973 7909 7935 8168 8515 7816 8152 8730 7940 7942 8375 7851 7777 8341 8190 7942 8327 8151 8400 7984 7894 8032 7990 8272 8117 8229 7941 7899 8265 8249 8486 7893 8077 7940 7896 7856 8132 7966 8418 8219 8756 8422 8186 7795 7697
8147 8294 8085 8025 8145 8494 7910 7740 8110 8725 8094 8119 8054 8127 8279 8358 8342 8009 7628 8625 8299 7799 8388 8438 8164 8138 7913 7822 8466 8462 7783 7935 7975 7736 7266 8064 7728 8325 8006 8165 7670 8327 7807 8711 8136 8524 8144 7968 7791 8083 7569 7736 8235 8270 8195 8549 9089 7967 8865 8357 8262 7626 8074 8315 7817 7776 8262 7908 8675 8057 8216 8220 7824 7866 7613 8015 8044 8269 7977 8076 8136 7989 8169 7641 8015 8210 8387 7570 8555 8243 8085 7750 8215 7584 8611 8264 8202 8237 8483 7889 8626 7928 8091 8172 8338 7625 8086 7852 8003 8178 7960 7777 8032 8579 7963 7557 8227 8050 8085 8378 8006 8000 7734 7897 8160 7970 7787 8366 8505 8004 8379 8272 8347 7706 8488 7861 7501 8312 7866 7735 7905 8249 7912 8421 7844 8282 8185 7960 8244 7873 8337 7901 8089 7553 7965 8046 8032 9197 8379 8162 8448 8302 8293 7868 8045 8135 7855 8085 8143 7330 8050 8495 8096 8201 7902 8129 8334 8071 7975 8144 7907 8056 8227 8350 7919 8453 7762 8167 8629 8527 7634 8134 7721 8427 8010 8202 8292 8365 7915 8034 8145 7823 8400 8073 8047 8568 8373 7934 8181 7941 8567 7732 7764 7775 8185 8040 8018 8089 7709 8143 8186 8329 7798 8115 8783 8076 8228 8034 8311 7573 8362 7927 7778 8624 7919 8052 8161 8169 7946 8558 8301 7648 8406 7987 8317 8115 8359 7715 7827 7961 7973 7927 8166 8623 7905 8112 7896 8386 7840 8458 7905 8254 7943 8144 8202 8077 7820 8274 7747 8157 8357 8258 7979 8121 7467 7863 8166 7643 8437 7450 8049 8094 8539 7811 8255 8292 8057 8089 8827 8421 8024 8451 8507 8032 8314 7766 8045 8057 8100 7976 8486 8127 8490 7579 8026 8417 8275 8087 8577 8210 8158 8229 8083 7923 8116 7783 7799 8587 8091 8181 8025 7949 7715 8012 7880 8150 8276 7845 7940 8128 7575 7957 8162 8096 8046 8574 7605 7993 7941 8020 7817 8562 8208 8173 8005 7690 8229 8441 7980 8058 8284 7919 8024 8254 7639 8264 7920 7634 8025 8096 7591 8037 8795 8071 7695 8221 7767 7603 8023 8054 8216 8187 7701 8286 7914 8316 7791 7887 8247 8006 8366 7945 8033 8169 7772 8299 7698 8190 7652 7648 7644 8471 7559 8372 8320 8338 8393 8226 7625 7552
8406 8118 8085 7868 8282 8438 7851 7285 7976 8603 7930 7742 8200 7860 7750 8106 8294 7461 7727 8498 8245 7363 7999 7886 8005 7780 7725 8009 8457 8201 7692 8283 7859 8308 7936 7645 7800 8309 8202 8146 7554 8102 7600 8360 8067 8363 8033 7978 7716 7811 7650 8196 8264 8149 8295 8554 8971 8231 8651 8351 7931 7586 8475 8379 8050 7972 8115 8015 8496 7804 8137 7724 7924 7508 7725 8198 8104 7887 7955 8024 7774 8385 8448 7338 8317 8250 8281 8011 8296 8249 8248 7737 8145 7777 7974 8631 8191 8512 8094 7694 8272 7904 8191 8155 8018 7616 8058 7650 8113 8278 7859 7915 7978 8414 8003 7728 8044 8240 8175 8210 8160 7955 7593 7954 8128 7724 7519 8543 8334 8167 8191 8376 8049 8167 8196 7662 7417 7806 8000 8063 8214 8040 7978 8196 7899 8084 8047 8119 7846 7813 8738 7543 7910 7518 7679 7928 7774 8647 8356 7877 8398 8234 7774 8372 8298 8085 8110 7776 8112 7586 8142 8148 8178 7966 8139 7874 8268 7694 7645 7809 7955 7921 8221 8235 7951 8307 8364 8002 8186 8414 7317 7878 7822 8457 7476 7752 7568 8221 7625 8033 8050 7904 7896 8065 8197 8178 7940 7915 8136 8018 8380 7448 7554 8268 7842 8161 7875 8109 7610 7896 8017 8090 7692 7696 8801 8407 8383 8016 8218 7706 8369 7948 7729 8229 7754 8049 8270 8316 8043 8308 8454 7580 8565 7845 8715 8430 8473 7710 7962 8223 8228 7750 7764 8782 8064 7914 7939 7938 7857 8355 8082 8218 7983 8192 8238 7720 8083 8089 8168 8166 8400 8403 7959 7790 7506 8445 8062 7984 8263 7037 8408 7701 8022 7767 8209 8176 8031 8160 8612 8072 8221 8108 8512 7993 8332 7815 8227 8329 7806 7876 8286 8255 8183 7558 8378 8367 7870 8186 8368 7990 8067 8230 8079 7845 8124 7539 7959 8291 7838 8195 8198 8209 7606 8008 8069 8414 8518 8016 7614 8231 7856 7818 7980 7864 7898 8314 7069 7732 7763 8243 8108 8319 7956 8052 8310 7923 7951 8305 8064 8276 8234 8342 8037 8126 7613 7929 7738 7450 7896 8157 7403 7901 8483 8123 7707 8112 8005 7320 7916 8036 8056 8372 7864 7942 8088 8414 7998 7623 8117 8037 8492 7603 7949 8337 7907 8171 7800 8053 8159 7639 7731 8108 7772 8021 8146 8228 8237 8151 7670 7502
8306 8376 7637 7947 8308 8539 8050 7794 7905 8426 8572 8310 8441 8196 7945 8133 8322 7612 7768 8417 8528 7859 8171 8153 7931 7925 7895 7945 8274 7953 7808 8058 7857 8180 7839 8028 7614 8678 8203 7723 7556 8431 7901 8394 8099 8273 8247 8010 7918 8189 7835 8424 8559 8486 8261 8332 8974 8297 8785 8416 8096 7607 8656 8586 7839 8038 8325 7993 8235 8024 8324 8181 7765 7940 7389 8440 8192 7871 8175 8056 8073 8021 7941 7970 8027 8025 8147 8309 8373 8513 8395 8040 8170 7882 8288 8126 7888 8494 8331 7955 8168 8167 8358 8158 8405 7564 7940 7673 8026 7998 7888 7918 8000 8596 8006 7308 8408 8807 8257 8291 8031 7799 7496 8034 7910 7837 7662 8949 8684 7806 8234 8297 8114 7992 8423 7877 7376 8289 8343 8003 8049 8038 8032 8362 8055 8487 8406 8076 8124 8489 8395 7851 8496 7836 8180 8488 7684 8605 8452 7798 8542 8139 7937 8328 8398 8396 8454 7899 8377 8000 8463 8440 8110 8161 7858 7763 8332 7718 7996 8131 7959 7891 7985 8472 7891 8476 8001 8110 8525 8598 7853 8008 7786 8288 7913 7988 8132 8293 7680 8344 7886 8207 8189 8007 7874 8416 8074 8172 8567 8436 8227 7899 7455 8049 8361 8198 8203 8236 7705 8002 8012 8037 8034 7961 8652 8009 8373 7956 8242 7765 8012 8087 7728 8482 7876 7943 7976 8168 8305 8474 8243 8049 8472 8065 8653 8283 8281 8116 7891 8570 8199 7864 7824 9080 7771 8211 7781 8426 8062 8331 7761 8127 8070 7847 8211 7596 7782 8186 7762 8264 7940 8060 7757 8123 7554 8501 7979 7914 8237 7513 8281 7696 8190 7902 8285 8038 7846 8357 8556 8282 8201 8279 8629 8371 8699 8133 8326 7799 7935 8164 8203 8047 8443 7873 8555 8317 8257 8296 8508 8224 7820 8324 8097 7672 7993 7969 7687 8530 7827 8477 8280 8192 7489 8370 8130 8158 8651 8189 7724 8428 7546 8209 8418 7929 8017 8307 7334 7992 8072 8490 8624 7995 8436 7743 8119 7789 8097 8045 8095 8346 8297 7927 7798 8297 7658 7771 7929 7951 7745 8304 8039 7947 8530 8019 7665 8398 7907 7393 7867 7927 7914 8367 7924 8192 7986 8262 7937 7709 8444 8288 8489 7950 7809 8399 8134 8392 7894 7929 7652 8147 7734 8517 7560 8516 8175 8331 8090 8369 7868 7284
8176 7968 7845 8088 7946 8534 7908 7570 7622 8577 7996 7845 8171 7873 7908 8237 8021 7759 7472 8368 8473 7564 8576 7840 8164 7925 7840 7767 8205 8098 7800 8121 7935 7992 7674 7891 7758 8315 7738 7863 7393 7833 7638 8370 7896 8010 8295 8147 7653 7893 7416 8225 8257 8165 8098 8294 8559 7740 8554 8133 8038 8103 8328 8482 7693 8061 8376 7621 8205 7978 8381 8151 8019 7397 7817 8239 8061 7857 7889 7619 7897 8218 7949 7526 7767 7976 7979 7688 8380 8089 8499 7760 8044 7430 7988 8414 7954 8169 8434 7941 8250 8028 7770 7968 8162 7109 7806 7842 7800 7898 7749 7912 7747 8204 7753 7191 8038 8407 7820 8336 7897 7733 7340 7744 7789 8056 7649 8477 8243 7955 8182 7825 7922 8068 8209 7820 7612 8060 7778 7822 8116 8059 8003 8253 8102 8271 8099 8040 7849 7769 8280 7650 8210 7688 7867 8240 7742 8488 8068 7731 8436 8384 7711 8014 8087 7864 8096 7541 8394 7695 8058 8065 7824 8041 7879 7948 7664 7960 7644 7933 7845 7990 8036 7848 8011 8368 7588 8124 8379 8344 7485 7874 7615 8169 7581 8112 7550 7946 7730 8115 7662 8171 7929 8081 7962 8031 8069 7962 8083 8017 8292 7771 7328 8163 8158 8499 7903 8039 7415 8099 7729 7965 7982 7901 8651 7863 7957 8099 7865 7840 8112 7727 7541 8722 8076 7432 7999 7972 8139 8579 8195 7677 8441 7448 8298 8243 8069 7971 7840 8248 7903 7662 7772 8726 8146 7787 7790 8104 7562 8049 7703 8219 7733 7945 7811 7872 7606 8171 7719 8397 8299 8143 7691 7863 7122 8113 7999 7868 8041 7407 8440 7520 7891 7828 8265 8193 8030 8037 8657 7939 8144 7982 8145 8147 8131 7546 8111 8255 8206 7868 8369 7841 7978 7505 8195 8172 7911 8095 8349 7736 8040 8033 8011 7662 7386 7791 7718 8386 7817 8119 8067 7784 7487 8090 7917 7810 7879 7728 7748 7888 7423 7850 7859 7936 7788 8263 7220 7721 7995 8113 8010 8353 8251 7932 8308 7676 7905 8178 8135 8092 7835 8047 7759 8261 7575 8490 7727 7876 7618 7971 7327 7923 8412 7901 7980 8071 8038 7426 8289 7533 7856 8259 7667 8116 7682 7853 7636 7697 7756 8196 8409 7481 7884 8148 7551 8187 7869 7805 7876 7472 7537 8160 7542 8091 8164 8005 7825 7954 7591 7470
8095 8329 7856 7729 8152 8505 7856 7344 7741 8478 7991 7781 7821 7836 7991 8083 8253 7528 7575 8199 8157 7556 7937 8282 7850 7939 7589 7799 7776 8176 7287 7892 7704 8137 7482 7806 7432 8145 8151 7664 7324 7957 7516 8139 7766 7859 7954 7889 7666 7751 7290 7799 7943 7934 8116 7890 8451 7793 8167 8008 7550 7563 8304 8121 7503 7671 8093 7379 7987 7773 8324 8231 7580 7844 7685 7822 7650 7522 7803 7774 7872 7894 7974 7672 7853 8005 8008 7261 7836 8040 8135 7558 7736 7647 8177 8091 7771 8397 8175 7425 8247 7494 7794 7835 7825 7302 7673 7549 7606 7959 7585 7925 7687 8263 7707 7295 7956 8117 7945 7883 7991 7561 7348 7623 8002 7679 7774 8432 8392 7882 8120 7903 7783 7663 8105 6936 7304 7931 7931 7717 8082 7713 7985 7992 7753 7929 8020 7858 7728 7933 8444 7762 8465 7417 7840 8006 7864 8484 8250 7676 7982 7931 7562 8042 7852 7827 7430 7708 8132 7497 8051 8500 7690 7754 7880 7857 7835 7578 7873 7936 7748 8110 8063 8394 7728 8240 7537 7735 8217 8393 7476 7902 7616 7885 7671 7842 7892 8007 7433 7982 7616 7634 7827 7694 7820 8054 8122 7855 7963 7821 8231 7594 7336 7637 8076 8010 7934 8055 7408 7861 7977 7933 7621 7624 8374 8019 7719 8025 8300 7559 7955 7651 7328 8077 7839 7569 7823 7688 7914 7921 8207 7246 8110 7774 8527 7917 7945 7686 7571 7620 7796 7611 7547 8617 7698 7822 7669 8235 7929 7943 7764 7962 7641 7724 7892 7570 7741 8266 7689 7532 7951 8016 7605 7856 7117 8062 7841 7904 7821 7421 7889 7534 8027 7684 8047 8057 7992 7896 8518 7848 8082 8168 8101 7962 8108 7546 7818 7644 7818 7718 8061 8164 8067 7567 7764 7764 7912 8133 8183 7939 7733 8061 7577 7598 7746 7671 7430 8220 7840 7779 7933 8038 7666 8039 7814 7820 8176 7666 7481 8039 7784 7960 7828 7860 7751 8128 6934 7618 7561 7909 8118 8125 7995 7463 7751 7644 7999 8047 7758 7825 8044 7852 7796 7957 7890 7668 7735 7551 7647 7931 6905 7899 8030 7839 7598 7967 7590 7050 7498 7851 7767 8015 7571 7843 7770 7808 7702 7421 7747 7967 8238 7763 7576 7587 7345 8047 7763 7750 7641 7533 7656 8185 7579 8312 7673 7940 8165 7840 7430 7186
8487 8573 7993 7994 8144 8754 8229 7736 7890 8626 8351 7917 8431 8783 7833 8458 8937 7826 8044 8396 8839 8056 8720 8458 8433 8285 8321 8339 8438 8553 7913 8435 8026 8337 7867 8196 8125 8506 8597 8346 8021 8305 7778 8638 8268 8564 8305 8214 8493 8406 7752 8350 8648 8711 8509 8593 9032 8343 8852 8640 8289 8122 8570 8447 7959 8073 8311 8300 8393 7861 8599 8430 8238 8033 7934 8547 8318 8078 8237 8311 8169 8382 8369 7937 8155 8380 8686 8034 8636 8528 8476 7893 8538 8293 8368 8475 8373 8729 8832 8248 8625 8472 8622 8437 8486 7892 8036 7981 8465 8102 7954 8247 8158 8612 8043 7726 8505 8508 8228 8198 8409 8077 7446 7784 8078 8184 7691 9137 8755 8055 8620 8662 8134 8148 8356 7864 7480 7976 8134 8021 8418 8399 8156 8608 8161 8566 8258 8283 8224 8329 8892 7639 8609 8097 8546 8471 8386 8867 8569 8269 8618 8402 7933 8128 8455 8503 8433 8094 8109 8055 8501 8948 8334 8383 8214 7972 8451 8036 7861 8586 7932 8340 8150 8676 8629 8530 7914 8306 8473 8536 7693 7876 7618 8468 7829 8225 8128 8528 8180 8529 8055 8095 7866 8364 8310 8345 8415 8147 8352 8515 8430 7784 7349 8464 8660 8320 8154 8652 8241 8119 8195 8389 8050 8244 8874 8391 8400 8296 8515 7535 8256 8138 8010 8798 8646 8097 8315 8338 8864 8726 8520 8066 8649 8205 8675 8581 8478 7941 7873 8290 8271 8011 8382 8981 8247 7978 8377 8641 8072 8328 8047 8496 8418 8352 8355 8078 7970 8478 8190 8548 8453 8614 8199 8179 7492 8748 8503 8227 8316 7592 8412 8185 8479 7824 8358 8030 8131 8256 9008 8492 8763 8511 8528 8324 8332 7593 8405 8386 8230 8095 8543 8246 8644 8057 8339 8676 8410 8501 8876 8020 8312 8660 8546 8259 7982 7843 8047 8385 7929 8575 8125 8093 7795 7969 8415 8339 8537 8581 8173 8831 8050 7908 8246 8449 8004 8695 7614 8068 8070 8397 8379 8437 8828 8051 8502 8146 8404 8611 8230 8043 8192 8180 7962 8294 8107 8262 8053 7644 8081 8551 7738 8396 9129 8531 8108 8365 7874 7532 8407 8434 8068 8472 8387 8278 7984 8329 8024 8132 8478 8321 8774 8103 7993 8203 7909 8270 8233 8516 8034 8053 7684 8277 8043 8617 8346 8326 8473 8247 8057 7572
8219 8448 8164 8057 8689 8802 7994 7889 7911 9050 8218 7828 7845 8444 8131 8284 8664 8170 7797 8699 8207 7959 8579 8398 8268 8049 8189 8312 8664 8481 7777 8118 8031 8017 7749 8050 7668 8414 8304 7927 7652 8003 7552 8650 8270 8402 8509 8413 8054 7992 7682 8405 8695 8337 8662 8441 9058 8239 8713 8549 8610 7866 8389 8715 8129 7951 8421 8196 8690 7703 8247 8226 7977 7915 8035 8415 8120 8012 8150 8249 7916 8259 8471 7784 8223 8123 8343 7975 8489 8157 8566 7797 8509 7855 8511 8458 8034 8687 8616 8183 8589 8412 8192 8190 8079 7653 8274 8288 8539 8498 7529 8224 8068 8474 8124 7706 8338 8676 8275 8597 8334 7880 7792 8030 8375 7852 7750 8811 8868 7875 8751 8319 8071 8034 8341 8061 7705 8141 8033 8054 8225 8246 8207 8576 8260 8547 8287 8421 8216 8096 8762 7754 8565 7840 8405 8268 8331 8974 8443 8112 8436 8163 7993 8221 8744 8375 8455 7940 8550 7871 8074 8743 8029 8105 7562 8175 8433 7999 7896 8196 7909 8401 8480 8692 7853 8473 7884 8060 8259 8425 7770 8229 7817 8351 7865 8177 8203 8326 7795 8374 8012 8316 7918 8410 7749 8560 8651 8465 8468 8412 8170 8057 7798 8463 8598 8461 8008 8190 7796 8377 7960 8410 8157 8306 8892 8458 8489 8206 8440 7782 8229 8256 7752 8780 8207 7972 8238 8449 8564 8607 8541 7878 8392 8115 8658 8681 8585 8318 7948 8181 8438 8455 8202 8826 8022 8169 8108 8108 8137 8325 7922 8380 8269 8317 8428 8063 7951 8531 8303 8130 8490 8752 7912 8192 7696 8458 8359 8261 8257 7541 8759 7958 8273 7901 8423 8283 8016 8362 9157 8340 8354 8073 8517 8054 8133 8025 8217 8385 8670 7845 8515 7908 8857 7968 8001 8501 8239 8285 8885 8329 8248 8766 8085 8288 8199 7797 8172 8362 7828 8553 8231 8121 7457 8149 8317 7915 8649 8290 8093 8181 7766 7779 8301 8036 8160 8300 7229 7851 8179 8436 8149 8589 8764 8424 8346 8438 8075 8576 8067 8243 8200 7836 8047 8347 8532 8509 8013 7888 8000 8323 7977 8323 8977 7981 8042 8631 8036 7452 8495 8430 8323 8462 8324 8421 8146 8222 7996 8255 8110 8320 8476 8015 8016 8327 8118 8739 8245 8273 7884 7912 7772 8630 7961 8280 8298 8575 8460 8325 7862 7777
8120 7903 7828 7875 8270 8347 7771 7562 7832 8522 8220 7892 8133 8399 7886 8373 8228 7461 7948 8407 8373 7498 8214 8152 8280 8402 7729 8053 8357 8098 7756 8202 8378 7909 7462 7586 7573 8129 8233 7824 7748 7925 7739 8308 8019 8097 8108 7818 7562 7956 7573 8311 8358 8420 8299 8048 8898 8142 8551 8225 8264 7656 7924 8272 7759 7954 8125 8068 8123 8166 8379 7914 7924 7821 8011 8225 8179 8328 7864 8262 7783 8473 8329 7430 8131 8086 8119 8411 8439 8227 8026 7503 8105 7652 7772 8189 8301 8297 8521 7523 8233 8089 8043 8397 8267 7165 7812 7930 7793 7984 7747 7651 7921 8436 7988 7588 8081 8349 8150 8561 7935 7762 7890 7765 8160 7801 7678 8213 8527 7993 8364 8372 8262 7896 8124 7717 7578 7806 8135 7730 8174 8082 7935 8314 7833 8235 7997 7686 7808 8044 8433 7590 8080 7384 8006 7811 8019 8471 8127 8140 8528 8258 7984 8139 8072 8039 8038 7628 8208 7810 8046 8431 8032 7943 8167 8116 7988 7679 7886 7978 8110 8325 8043 8395 7875 8351 7969 8019 8116 8287 7455 7971 7657 8039 7670 7981 7879 8177 7625 8288 7820 8085 8049 7990 7857 8168 8219 8141 8147 8008 8011 7672 7329 8224 8254 8279 7828 8222 7498 8196 7723 8002 7986 8251 8529 8075 8060 7966 8227 7838 7948 8010 7692 8641 7814 7904 8170 8149 8096 8147 8299 7732 8526 7980 8467 8364 8328 7971 7806 8093 8271 7949 7775 8715 7716 7868 7881 8128 7780 8038 7591 8041 8001 7972 7997 8024 7867 8303 7873 8241 8348 8416 7723 7897 7423 7787 8013 8033 7993 7576 8064 7834 7717 7772 7924 7912 8006 7974 8527 8119 8192 8297 8403 8183 8232 7591 8102 8085 7991 7913 8521 7640 8347 7810 7921 8231 7916 8189 8501 8219 8105 8182 7693 7663 7726 7714 7617 8276 7894 8300 7927 8166 7962 8282 8359 8108 7917 7843 7421 8333 7951 7621 7961 7664 7816 8118 7302 7690 7889 8145 7941 8211 8158 8009 7982 7720 7900 8081 8222 8132 8027 7847 7896 8104 8032 8127 7831 7627 7837 8223 7692 8039 8674 8112 7870 7993 8096 7246 7959 8202 8114 8315 7575 8085 7961 8237 7548 7950 7981 8020 8411 8061 7962 8066 7543 8154 7784 7921 7876 7818 7541 8060 7665 8067 7959 7964 8454 7922 7629 7549
8255 7959 8109 7725 7847 8718 8150 7235 7699 8346 7753 7792 8030 8161 8016 8150 8951 7537 7478 8257 8241 7706 8219 8403 8117 7732 7719 7928 8171 8444 7787 8110 7876 7976 7672 8047 7613 8088 7888 7901 7461 8145 7523 8549 7776 7905 8099 8190 7743 8119 7814 7952 8395 7964 8274 8081 8748 7985 8475 7835 8023 7611 8153 8318 7910 8116 8368 8131 8294 7810 8432 7917 7975 7732 8061 8086 8060 7852 7873 7911 7781 8108 7569 7484 8303 8158 8128 7720 8347 8098 8586 7899 8125 7734 8023 8253 8026 8644 7997 7763 8330 8085 8096 8054 7946 7399 7931 7510 7936 8312 7443 8089 7848 8769 7883 7464 8023 8507 8324 8102 8058 7872 7708 7553 8273 7771 7570 8609 8501 8206 8079 8561 8242 7703 7807 7475 7545 8262 7897 8030 8040 8081 8204 8493 8070 8340 8030 7924 7936 8226 9142 7597 8491 7496 7838 7718 8063 8835 8475 7892 8133 8173 8009 7836 8536 8017 7968 7578 8185 7844 8040 8063 8064 8036 7929 7811 8208 8044 7491 7989 7785 8262 7924 8310 8066 8466 7851 8079 8583 8622 7384 7674 7780 8097 7803 7969 7819 8624 7692 7978 7989 7908 8344 7938 8160 8347 8158 8178 8302 8328 8402 7657 7396 8180 8141 8038 7711 8106 7553 7864 7792 7799 8031 8031 8807 8030 8020 8018 8050 7703 8090 8029 7575 8676 7950 7892 7954 8401 8182 8366 8213 7674 8493 7892 7974 8440 8114 8244 7676 7982 8049 7862 7796 8538 7821 7772 7453 8117 7616 7981 7601 7925 7580 8149 8374 7706 8174 7859 7968 8032 8614 8081 7732 8362 7553 8553 8393 8095 8077 7590 8266 8141 8138 7749 7796 7742 7980 8307 8753 7764 8060 8286 8123 8111 8150 7566 8108 8066 8123 7954 8116 7957 8683 7546 8229 8250 8061 8185 8716 8008 8112 8230 8062 7792 7795 7642 7674 8134 7960 8584 8147 7775 7325 8350 8039 8153 8100 7799 7819 8484 7646 8240 7953 7956 7788 8136 6907 7653 7813 8018 7963 8293 8291 8184 8031 7952 8141 8041 8150 7763 8383 7799 8043 8180 8001 8203 8225 7772 7828 7942 7441 7805 8349 8144 7795 8188 8088 7478 7939 7749 8048 8026 7899 8221 7780 8368 7796 7830 7676 8002 8171 7951 7800 8236 7563 8089 7811 7733 7385 7896 7670 8348 8111 8242 7784 8333 8251 8063 7999 7289
8297 8185 8027 8106 8451 8559 7778 8072 7944 8501 8328 7881 8270 8159 7966 8155 8411 7610 7665 8311 8365 8080 7967 8330 7989 7806 7898 7941 8107 8308 7673 8081 8258 7896 7545 8071 7869 8277 7906 7847 7566 8203 7788 8214 8050 7974 8291 7966 8172 8204 7563 8118 8515 8651 8183 8180 8671 8023 8489 8067 8264 8104 8334 8261 7970 7704 8239 7962 8535 7876 8220 7969 8316 8066 8164 8141 7930 7938 8428 7922 8033 8443 8082 7356 8110 8084 7922 8033 8584 8089 8271 8007 8119 7617 8325 8251 8205 8410 8285 7703 8522 8176 7724 8157 8099 7453 8115 8037 8024 8365 7821 8149 7898 8817 7894 7420 8099 8470 7953 8368 7916 7702 7751 8023 8024 7978 7470 8637 8691 7845 8558 8037 8061 8107 8412 7716 7372 8157 8207 7867 8056 8138 8030 8290 7918 8230 8077 7991 7961 7943 8432 7508 8561 7760 8092 8154 8191 8668 8488 8313 8662 8274 8237 7871 8249 8160 7911 7499 8227 7882 7997 8302 8275 8074 8051 8151 8246 7938 7841 8189 8055 7997 8404 8507 7649 8393 7507 8279 8737 8550 7527 8160 7407 8042 7493 8326 8045 8406 7797 8152 8018 8041 7918 7929 7924 8264 8499 8030 8100 8475 8413 7781 7483 8146 8131 8248 8077 8095 7375 8240 7834 8359 8130 8026 8567 7903 8339 8444 8018 7525 8124 8064 7847 8522 7803 8017 8155 8579 8271 8384 8195 7545 8408 7862 8559 8227 8258 8057 7908 8264 8323 7643 7996 8876 7956 8055 7640 7938 8026 8396 8011 8227 8009 7741 8320 7855 7836 8110 8038 7959 8327 8284 7901 8003 7323 8177 8047 7986 8448 7842 8356 7940 8160 7515 8040 8262 8306 8179 8594 8453 7879 8191 8325 8457 8329 7923 8116 7895 8253 8122 8540 8245 8443 7690 8189 8392 8323 8370 8586 8018 7929 8344 8325 7650 7993 7639 7979 8290 8203 8434 8236 8201 7653 8088 8274 8377 8226 8437 7840 8211 7676 7819 8356 7973 8005 8233 7488 7515 8225 8378 7957 8427 8400 8076 8050 7892 8163 8236 8134 8072 8227 7775 8029 7980 8037 8178 7816 7898 7826 8093 7642 7896 8776 7944 8148 8241 8266 7349 8205 7818 7944 8251 7955 8048 8017 7980 8003 8310 8124 8438 8248 8263 7788 8376 7609 8326 8027 8189 7843 7786 7801 8456 7510 7990 7976 8370 8628 8354 8008 7534
7783 7940 7722 7731 8165 8356 7852 7490 7470 8464 8166 7752 7948 8213 7763 7698 8394 7707 7652 8032 8062 7724 8010 7903 7929 7837 7656 7914 8169 8321 7680 8272 7889 7970 7353 7804 7888 8119 8022 7814 7591 7989 7442 8307 7818 8121 8032 8142 7665 7710 7323 7937 7944 8242 8407 8351 8433 8178 8188 8197 8356 7718 7827 8096 7900 7615 8139 7862 8188 7471 8010 7726 7840 7734 7699 7674 7721 7743 8266 7836 7784 8096 8241 7621 7717 8014 7705 7426 8450 7768 8249 7472 8021 7426 8217 7881 8044 8165 8149 7768 7886 8024 7771 7875 8352 7180 7897 7763 7816 8346 7610 7823 7943 8549 8085 7222 8137 8530 7910 8037 8008 7662 7693 7776 8083 7870 7369 8577 8655 7965 7999 8334 8079 8067 8361 7531 7576 8077 7601 8085 8007 7991 7702 8353 7498 8272 8241 7773 7834 8166 8519 7513 8032 7272 8132 7734 7986 8633 7963 7842 8421 7994 7929 7733 8187 8066 7912 7745 8080 7431 7711 8320 7743 8024 7620 7903 7974 7456 7553 7975 7755 7999 7991 8317 7486 8214 7704 7725 8433 8560 7518 7601 7614 8233 7649 7878 8067 8217 7598 7472 7954 7783 7751 8069 7985 8044 8101 7670 7861 8085 8081 7672 7425 8148 8147 7677 7902 7871 7538 7831 7703 7845 7986 7969 8806 8026 7995 7939 7890 7560 7973 7950 7659 8130 7783 7889 8012 8256 8073 8231 8222 7560 8138 7558 8299 8408 8232 7788 7872 8108 7509 7842 7750 8481 7853 7867 7751 7618 7917 8165 7903 7861 7913 7720 7974 7950 7703 7823 7652 8002 8010 8077 7732 8001 7103 8351 8050 7752 7909 7180 7870 7812 8034 7578 8024 7746 7327 7956 8434 8195 7959 8073 8077 8047 8083 7457 8072 7980 8259 7701 8245 7899 8147 8021 8037 8200 8103 8178 8619 7852 7960 8064 7768 7850 7859 7734 7834 7956 7695 8121 7617 7959 7606 7770 7925 7719 7948 7845 7688 7890 7647 7677 7900 7876 7555 8128 7360 7415 7653 8019 7943 7754 7920 8118 7979 7498 7967 8151 7948 7703 7801 7767 7659 7959 7677 7662 7771 7540 7828 7996 7795 8151 8579 7882 7765 8234 7615 7103 7837 7552 7946 8146 7719 7852 7821 7949 7662 7876 8252 7997 8144 7800 7298 7736 7466 8086 7606 8029 7583 7716 7586 8140 7721 8065 7834 7982 8100 8023 7565 7341
8659 8714 8673 8555 8710 9063 8691 8311 8163 8934 8350 8420 8447 8399 8316 8578 8643 8313 7879 8955 8767 8234 8823 8602 8232 8076 8288 8402 9027 8338 7892 8221 8375 8322 7758 8499 8427 8761 8890 8598 7781 8303 8266 8895 8579 8747 8727 8485 8134 8751 7971 8419 8788 8650 8571 8809 9458 8360 8945 8703 8374 8494 8718 8794 8460 8168 8612 8283 8863 8481 8843 8404 8347 7951 8080 8878 8558 8301 8579 8380 8552 8728 8592 8180 8520 8527 8336 8441 8672 8469 8599 8074 8679 8252 8717 8832 8458 8768 8561 8245 8978 8513 8169 8593 8513 7941 8313 8310 8657 8191 8030 8475 8115 8730 8273 7747 8687 9050 8366 8781 8347 8442 7724 8019 8717 8156 7984 9040 9031 8272 9003 8430 8584 8240 8951 8347 7947 8344 8589 8226 8692 8340 8413 8473 8238 8737 8370 8427 8460 8431 8964 8057 8728 8043 8378 8314 8280 9084 8566 8258 8993 8593 8128 8465 8622 8558 8682 7993 9117 8129 8618 8575 8529 8121 8204 8128 8620 8134 8224 8336 8449 8324 8666 8405 8599 8996 7915 8647 8472 8999 8050 8526 7747 8527 8023 8550 8000 8393 8049 8612 8405 8462 8551 8394 8223 8193 8699 8766 8532 8435 8718 7891 7649 8476 8611 8456 8573 8725 7742 8591 8251 8485 8396 8087 9042 8554 8495 8378 8517 7972 8468 8052 7989 8747 8717 8180 8402 8450 8761 8672 8970 8148 8656 8207 8679 8836 8700 8473 7962 8461 8714 8159 8190 9131 8220 8278 8310 8585 8421 8987 7809 8521 8400 8377 8524 8135 8307 8460 8477 8567 8675 8550 8296 8560 7784 8556 8474 8236 8400 7967 8586 8065 8755 8275 8221 8458 8404 8588 8888 8312 8665 8575 8874 8640 8641 8123 8551 8521 8473 8593 8661 8362 8780 8274 8407 8713 8429 8467 8970 8429 8517 8615 8427 8163 8233 8426 8048 8676 8194 8725 8460 8529 7956 8596 8561 8388 8619 8173 8277 8630 8057 8585 8239 8226 8381 8697 7504 8163 8436 8462 8490 8764 8618 8419 8508 7961 8422 8444 8590 8432 8822 8565 8250 8576 7955 8718 8390 7861 8451 8533 8107 8205 9154 8348 8279 8664 8545 7613 8748 8485 8255 8872 8392 8424 8369 8315 8320 8419 8667 8601 8806 8111 7955 8390 7812 8763 8298 8564 8141 8035 8236 8619 8122 8524 8713 8599 8799 8283 8098 7999
7857 8217 8053 7827 7792 8213 7486 7545 7714 8476 8021 7540 7974 7807 7394 8038 8128 7557 7369 8164 7920 7463 8272 8131 8116 7667 7594 7608 8262 8077 7218 7748 7495 7712 7071 7789 7637 7876 7827 7598 7309 7856 7601 8126 7895 8043 7841 7888 7531 8018 7689 7778 8015 8029 7952 7943 8519 7892 8295 7742 7766 7742 8351 8289 7572 7871 7937 7844 8167 7648 8005 7873 7829 7669 7464 8001 7698 7634 7725 7687 7811 8200 7685 7517 7867 7514 7683 7744 8421 8117 8023 7720 7794 7542 8082 8328 7702 8347 7990 7837 7970 7946 7665 7704 8088 7246 7661 7548 7663 7977 7437 7676 7290 7804 7580 7288 8019 7845 7851 7967 7889 7683 7383 7703 7866 7915 7828 8164 8023 7650 7859 7815 7730 7632 7997 7515 7397 7782 8023 8078 7821 8004 7652 7961 7879 8013 7701 7769 7919 7728 8306 7390 7979 7252 7686 8190 7871 8268 7914 7750 8095 7813 7824 8066 8055 7936 7818 7351 7976 7639 8062 8221 7905 7741 7920 7863 7871 7551 7724 7696 7546 7892 7969 8275 7648 8377 7684 7859 8308 8263 7316 7942 7476 8107 7602 8070 7759 8176 7737 7931 7585 7916 7863 7884 7724 8442 7816 8008 7737 8197 7960 7103 7151 7615 7847 7994 7635 7743 7482 7743 7413 7740 7750 7894 8664 8207 7745 7780 8327 7302 8301 7559 7244 8196 7895 7496 8100 7790 8291 8147 8360 7237 8152 7512 8622 7992 8075 7806 7996 8076 7886 7789 7543 8184 7737 7818 7626 8110 7767 8061 7579 7955 7644 7841 7806 7418 8045 7648 7653 8091 8067 8223 7412 7853 7091 7797 7697 7601 7971 7450 7963 7662 7970 7430 8007 7967 7595 7984 8187 7806 7758 8122 8106 7967 8056 7567 8226 8028 7907 7881 7796 7591 8299 7670 8098 8019 8007 7858 8188 7821 7704 7843 7511 7512 7617 7541 7601 7841 7417 8056 8241 7869 7308 7935 7592 8003 7941 7786 7339 8079 7373 7642 7651 7785 7853 7684 7204 7584 7676 7634 7591 7870 8265 7565 7741 7732 7793 7733 7959 7734 7952 7901 7597 7884 7784 7809 7550 7604 7732 7593 7549 7717 8102 8000 7708 7753 7895 7391 8180 7759 8029 7990 7637 7708 7897 7778 7858 7197 7871 7877 8107 7713 7501 8055 7853 8007 7660 7675 7748 7697 7193 8326 7560 8036 7967 7931 7665 7819 7535 7724
8431 8089 8275 7847 8374 8435 8287 7737 8038 8998 8230 7607 8251 8194 8047 8244 8419 7712 8017 8622 8248 7588 8297 8393 8144 8179 8161 8263 8152 8212 7786 8303 7777 8144 7713 7927 7738 8288 8396 8185 7535 8219 7567 8587 8122 8457 8140 7859 7778 8392 7676 8285 8395 8404 8017 8193 8806 8070 8604 8494 8269 8133 8189 8354 7962 8214 8263 8195 8265 7909 8617 8353 8102 8054 7870 8277 8029 8121 8326 8177 7338 8453 7978 7752 8306 8124 8372 8171 8614 8277 8103 7656 8464 8002 8323 8377 8183 8712 8394 7756 8212 8283 8048 8091 8046 7761 8102 8006 8173 8170 7996 7959 7731 8440 7981 7815 8000 8395 8123 8497 8227 7747 7534 8075 7960 7906 7931 8737 8571 7980 8299 8192 7984 7892 8088 7484 7507 8041 8271 8214 8054 8270 8108 8184 8531 8302 8067 8202 8073 7866 8528 7496 8277 7415 8207 8189 8034 8364 8504 7876 8101 8263 7793 8191 8077 7937 8374 7774 8811 7934 8190 8280 8036 8012 7977 8118 8322 7916 7702 7810 7806 8044 8247 8364 8337 8404 7657 8177 8661 8269 7941 8080 7857 8434 7710 8231 8053 8272 7782 8160 8064 8230 8061 7967 8171 8192 8198 8249 8393 8166 8093 7514 7631 8091 8181 8502 7851 8327 7658 8156 8082 7916 8233 7708 8672 8281 8107 8313 8253 7652 8337 7941 7818 8298 8049 7993 8124 8442 8081 8433 8524 8066 8310 7664 8384 8424 8453 8372 8167 8185 8219 7803 7862 8763 7969 7974 8070 7982 8444 8260 8167 8339 7815 8283 8207 7992 8037 8286 8066 8212 8323 8288 7657 8176 7532 8493 8268 8148 8564 7557 8310 7973 8272 7905 8455 7915 7972 8083 8793 8393 8342 8172 8594 8275 8533 7652 8166 8225 7982 8274 8276 7937 8249 8057 8517 8322 8364 8367 8402 8227 8240 8204 8003 7905 8039 7472 7830 8239 8135 8319 8209 8042 7598 7912 8144 8249 8161 8245 7846 8543 7879 7766 7756 8140 7742 8362 7296 7603 8271 8104 8161 8368 8319 7951 8251 7853 7872 8106 8227 7895 8289 8105 8210 7845 7737 8457 7814 7843 8173 8063 7782 7947 8547 7865 8258 8039 7922 7185 8467 8292 8299 8096 7962 8118 8371 7920 7921 8204 8251 8225 8414 8091 7881 8431 7855 8420 8127 7950 7807 8018 7735 8669 7953 8206 7830 8263 8546 8148 7973 7374
8157 8361 8307 8200 8170 8536 7931 7711 7753 8562 8088 7895 7952 8525 8102 8375 8296 7818 7798 8286 8314 8066 8476 8527 8264 7986 7748 8250 8484 8297 7463 7998 8025 7919 7470 8120 7796 8295 8102 7609 7821 8337 7928 8672 8136 8254 8305 8377 7841 8018 7777 8240 8291 8050 7816 8725 8513 8181 8767 8146 8250 8040 8352 8564 7890 8256 8383 8039 8630 7843 8375 7945 8271 8161 7948 8372 8156 8149 8376 8168 7813 8393 8349 7799 8072 8050 8206 7715 8566 8155 8129 7827 8215 7757 8200 8386 8174 8865 8537 7939 8890 8310 8065 8245 8262 7026 7864 7938 7849 8217 7606 8249 8021 8405 8128 7131 8364 8648 8443 8067 8008 7849 7435 7788 8309 7970 7744 8630 8409 8000 8359 8305 8236 7986 8128 7988 7597 8186 8139 7849 8454 8009 7749 8133 7737 8689 8348 8036 8091 8075 8581 7874 8153 7664 8159 7836 7983 9127 8516 7836 8827 8002 8272 8302 8425 8312 8195 7728 8784 7810 8195 8665 7972 8546 7943 8142 8399 7712 7726 8168 8243 8102 8285 8319 8239 8464 7673 8183 8795 8303 7373 7972 7774 8190 7890 8206 7887 8387 7533 8179 8214 8107 8225 8241 8181 8427 8367 7912 7916 8146 8188 7768 7424 7843 8392 8497 7918 7953 7609 8161 7887 8407 7654 8338 8722 8417 8344 8235 8328 7613 8345 7994 7911 8248 7667 7922 8280 8136 8299 8905 8328 7671 8767 7782 8621 8412 8345 8458 8257 8245 8327 7982 8026 8762 7700 7803 8050 8188 7855 8486 7691 8020 7812 8034 7887 7939 7908 8213 8047 8324 8369 8026 7955 8135 7477 7966 8161 7988 8255 7517 8212 7967 8075 7587 7944 8394 7966 8175 8681 8304 8180 8342 8234 8443 8333 7669 7806 8427 8243 7965 8087 7855 8269 8017 8063 8392 8154 8264 8751 7941 8412 8464 8203 7819 7830 7901 8073 8183 8240 8575 8143 8499 7647 7883 8152 8072 8240 8102 8063 8232 7839 7753 8362 8308 7769 8540 7370 7874 8173 8081 8031 8428 8332 8096 7865 7998 8295 8414 8464 7997 8265 7803 8147 8177 7902 7902 8226 7752 7919 8132 7796 8222 8627 8188 8108 8453 7953 7446 7979 8241 8532 8337 7945 7967 7892 8333 7648 7629 8081 7964 8456 7808 8116 8596 7791 8488 7979 8152 8010 8050 7904 8425 8023 8125 7985 8453 8031 7847 8063 7807
7775 8034 7835 7702 7870 8250 8153 7410 7605 8441 8091 7746 7834 8394 7957 7994 8195 7216 7755 8489 8080 7475 7799 7867 8025 7626 7960 7776 7969 8266 7818 7943 7860 7719 7543 7629 7794 8220 8018 7693 7494 7715 7326 8239 7693 7842 8243 7860 7718 8024 7665 7999 8132 8187 8618 7993 8586 7717 8299 8043 7937 7812 7719 8176 7239 7723 8134 7789 8173 7733 7938 7976 7628 7802 7296 8007 7566 7714 7736 7876 7653 8126 8005 7717 7923 7593 7473 7594 8021 8228 8083 7632 7789 7853 8063 7813 7661 8378 8009 7679 8073 7640 7708 7925 8059 6914 7692 7583 7735 8009 7537 7821 7672 8387 7951 7407 7698 8087 7870 8256 7749 7584 7476 7652 7886 7691 7342 8518 8137 7719 8040 8104 7644 7659 8151 7678 7564 7770 7973 7983 7766 7804 7889 7948 7848 8193 7825 7807 8469 8140 8335 7603 8362 7600 7912 7840 7742 8274 8230 7571 8129 7952 7836 7875 8201 7900 7981 7608 7886 7567 7781 8216 8258 8055 7629 7818 7904 7366 7277 7783 7593 7796 8034 8385 7638 8043 7542 7449 8139 8584 7349 7556 7524 7846 7619 7719 7675 8131 7402 7566 7618 7666 7841 7943 7773 7879 7958 7760 7967 7886 7948 7001 7291 7904 7891 8094 7646 8013 7553 7738 7765 7646 7815 7710 8336 8125 7875 7643 7924 7798 8046 7591 7640 8303 7724 7716 8188 7922 7972 7963 7862 8064 8037 7622 8109 8121 8176 7808 7528 8042 7705 7424 7240 8401 7580 7690 7591 7911 7737 8231 7769 7948 7809 8069 7979 7814 7623 8239 7665 7989 7766 8189 7497 7934 7237 8072 7812 7368 8325 6943 8067 7788 8038 7737 7601 7934 7590 8226 8150 8186 7633 7909 8043 7939 8348 7380 8049 7678 8056 7922 7809 7794 7964 7704 8187 8031 8095 8232 8189 7788 7927 7935 7811 7605 8055 7580 7788 8207 7869 8003 7872 7889 7583 7775 7897 7521 8002 7922 7492 7936 7401 7701 7877 7972 7535 8243 6831 7568 7664 8154 8243 7993 8109 7812 7843 7582 8015 7828 8118 7554 8011 7616 7545 7872 7582 7826 7710 7575 7445 8088 7305 7765 8142 7703 7795 7957 7691 7225 7705 7817 7526 7846 7931 7977 7847 7962 7728 7577 7856 8034 8238 7896 7428 7595 7409 7891 7825 7843 7762 7649 7464 8139 7563 7569 8015 7977 7996 7794 7435 7399
8098 8232 8186 8231 8373 8229 7976 7329 7883 8510 8006 7458 8128 7920 7693 8271 8385 7303 7641 8492 8596 7603 7895 7942 8085 7864 7788 7995 7952 8215 7683 8099 8096 7966 7456 7716 7685 8074 7964 7868 7734 8154 7791 8599 8045 8120 8105 7857 7929 7935 7451 8092 8543 8276 8685 8130 8405 8069 8626 8512 8363 8064 8084 8435 7910 7888 8324 7915 8564 7667 7864 7773 7725 7734 7882 8219 7800 7976 7877 7772 7865 8015 8183 7749 8119 7860 8097 7907 8304 8230 8248 7863 8193 7614 8166 8270 7787 8498 8584 7798 8050 7841 8127 7938 8166 7321 7712 7848 7916 8040 7504 7979 7452 8425 7767 7553 8004 8444 8065 8107 8073 7696 7489 7754 8129 7811 7604 8569 8535 8155 8572 8148 7984 8080 8240 7483 7104 7958 8152 7770 8404 8071 7982 8277 7938 8196 7982 7679 7839 7817 8391 7667 8236 7613 8126 7882 8046 8540 7987 7714 8434 7871 7896 8224 8124 7928 7972 7584 8353 7650 8041 8144 8270 7843 8098 7809 8119 7282 7857 7886 7662 7988 8021 8616 7744 8536 7868 7688 8691 8489 7450 7979 7822 8264 7275 8086 7736 8124 7695 8117 7749 7893 8198 7776 7803 7884 8088 7637 7975 7935 8030 7614 7554 7977 8197 8214 7899 8069 7526 7690 7869 7901 8131 7948 8551 8185 7973 8357 8331 7720 8224 7854 7795 8120 7841 7710 8151 8071 7996 8404 8347 7581 8317 7786 8534 8302 8249 7682 7818 8417 7955 7902 7673 9085 7959 7952 7723 8206 8021 8439 8051 8050 7859 7690 8184 8074 8060 8233 8157 8173 8196 8332 7698 8175 7419 8167 8013 8046 8397 7411 8110 7834 7936 7616 8035 7831 7985 8088 8660 8027 7831 8142 8186 8135 8210 7779 8202 7745 8229 7886 8347 7909 8186 7819 7993 8301 8305 8357 8547 7952 8142 8329 8296 7650 7846 7691 7752 7938 7685 8081 7950 7925 7903 8201 8112 7953 8263 7874 7598 8008 7701 7796 7901 7459 8164 8329 7163 8019 7509 7953 7931 8058 8088 7996 8027 7944 7952 8189 8156 8089 7944 7630 7721 8080 7793 8077 7895 7736 7713 8037 7660 8185 8256 7737 7916 8092 8069 7361 7927 8202 7810 8048 7809 7857 7776 8148 8030 7985 7632 7968 8288 8008 7806 8083 8001 8469 8273 7894 7918 7656 7799 8352 7755 7860 7835 8172 8227 8161 7640 7423
8457 8441 8160 8156 8455 8860 8201 7815 8399 8927 8383 8293 8464 8550 8393 8565 8679 7605 8291 8760 8627 8279 8316 8541 8350 8079 8125 8136 8444 8422 7870 8276 8263 8507 8100 8215 8178 8540 8152 8153 7793 8487 8071 8685 8009 8424 8612 8050 8335 8266 7877 8713 8850 8502 8178 8532 8794 8696 8711 8711 8851 8413 8769 8955 8281 8248 8585 8314 8656 8245 8591 8384 8213 8712 8227 8590 8490 8064 8388 8306 7905 8509 8523 8119 8368 8365 8653 8259 8764 8522 8568 8092 8404 8032 8537 8868 8308 8772 8629 8210 8774 8588 8379 8554 8754 7597 8174 8046 8061 8520 7937 7995 7877 9039 8148 7929 8836 8915 8440 8693 8506 7890 7713 8015 8308 8190 8066 8996 9182 8354 8658 8369 8580 8157 8813 7993 8034 8426 8280 8274 8210 8221 8266 8463 8437 8556 8345 8592 8284 8262 8887 8179 8579 7894 8491 8337 8159 8886 8566 8185 8872 8285 8439 8674 8647 8647 8256 8183 8764 8055 8377 8389 8248 8644 8044 8466 8684 7916 8061 8476 8104 8398 8178 8907 8042 8428 7962 8262 8916 8796 7922 8312 8031 8649 7920 8476 8254 8701 7932 8296 8118 8476 8564 8032 8097 8284 8431 8347 8258 8518 8432 7963 7545 8184 8451 8466 8251 8438 7714 8264 8226 8379 8247 8122 9042 8405 8374 8421 8304 8027 8244 7851 7974 8694 8046 8303 8423 8405 8438 8656 8491 7998 8712 8187 8714 8638 8593 8170 8271 8669 8620 8087 8410 9073 8241 8309 8306 8569 8179 8614 8435 8416 8480 8100 8164 8296 8267 8500 8135 8590 8581 8473 7993 8205 7677 8460 8339 8506 8598 7831 8603 8218 8236 8164 8440 8410 8063 8333 9144 8409 8659 8386 8846 8657 8617 7955 8353 8370 8414 8530 8704 8100 8861 7956 8531 8704 8396 8690 8815 8319 8165 8709 8423 7815 8409 7990 8430 8746 8429 8674 8317 8672 7919 8238 8568 8272 8507 8434 8224 8472 8231 8602 8661 8055 8263 8614 7791 8287 8217 8508 8533 8807 8847 8472 8415 8164 8159 8296 8523 8424 8520 8388 7984 8414 7891 8467 7951 8115 8138 8659 7959 8483 8821 8294 8026 8670 8223 7618 8579 8246 8353 8266 8264 8485 8044 8699 8115 8035 8306 8352 8692 7990 8139 8316 7996 8419 7718 8217 8017 8157 7956 8748 8034 8833 8069 8259 8788 8139 7883 7749
8587 8325 8402 8239 8345 8622 8209 7965 8190 8774 8451 8118 8500 8363 8446 8524 8686 7995 8165 8701 8438 8152 8403 8534 8181 7987 8295 8444 8631 8681 7706 8535 8022 8298 8121 8363 8077 8498 8157 8179 7846 8331 7849 8873 8183 8295 8438 8395 8007 8562 7732 8593 8954 8438 8362 8574 9294 8446 8573 8809 8425 8245 8817 8666 7996 8189 8618 8059 8605 8247 8977 8372 8201 8170 8481 8469 8457 8081 8598 8421 7983 8560 8465 7646 8507 8298 8356 8154 8591 8345 8469 7889 8382 7833 8334 8363 8419 8873 8759 8069 8434 8605 8401 8483 8431 7468 8302 7976 8283 8105 7897 7941 7980 8849 8273 7816 8583 8784 8158 8493 8487 7943 7825 8032 7968 8353 8205 8865 8611 8480 8723 8481 8444 8295 8740 7985 7829 8373 8370 8065 8262 8401 8496 8341 8418 8677 8143 8390 8354 8516 8846 7996 8180 7737 8490 8144 8025 8894 8531 8034 8697 8412 8247 8709 8409 8560 8284 7846 8417 8041 8412 8849 8134 8318 8147 8431 8407 8057 8168 8407 8267 8204 8243 8837 8421 8462 7932 8345 8679 9024 7919 8298 7529 8668 8107 8485 8146 8552 8296 8321 8427 8341 7924 8201 8254 8530 8296 8430 8807 8648 8484 7985 7712 8611 8416 8626 8201 8406 7558 8465 8048 8295 8108 8157 9001 8560 8411 8150 8306 7898 8379 8280 7913 8869 8081 8359 8431 8571 8514 8800 8679 8072 8864 8227 8467 8579 8754 8216 8305 8279 8490 8134 7923 9037 8130 8322 8073 8406 8361 8447 8113 8602 8317 8695 8129 7759 8103 8381 8169 8257 8638 8428 7917 8533 7452 8521 8325 8239 8677 7741 8641 8112 8827 8051 8462 8301 8185 8079 8747 8602 8739 8267 8810 8391 8416 7957 8194 8443 8251 8471 8659 8050 8405 8039 8477 8493 8525 8345 8828 8105 8525 8508 7957 7940 7981 7866 8139 8453 8291 8644 8434 8321 7842 8276 8208 8330 8487 8532 8079 8634 8067 8148 8180 8362 8182 8610 7429 8268 8339 8685 8407 8392 8564 8101 8506 7916 8415 8580 8322 8363 8382 8433 8116 8248 8047 8316 8109 8231 8246 8477 7885 8133 8687 8190 8475 8675 8157 7581 8315 8337 8273 8378 8177 8228 8048 8282 8159 7988 7955 8326 8687 8239 8131 8346 7892 8808 8140 7981 7930 8031 8181 8747 8054 8444 8110 8381 8329 8377 7796 7790
8148 8253 8211 7772 8308 8661 8156 7815 7928 8922 8065 7908 8364 8043 8349 8551 8542 7826 8044 8539 8233 8097 8342 8310 8216 8178 7872 8147 8311 8489 7827 8068 8106 8029 7731 8226 7738 8264 7880 7876 7749 8322 7661 8657 8068 8200 8401 8087 7906 8294 7721 8059 8690 8652 8137 8199 8702 8374 8854 8655 7982 8210 8182 8617 8203 8311 8288 8072 8237 7832 8402 8196 8196 7901 7773 8064 8254 7934 8262 8083 7948 8276 8263 7962 7913 8089 8133 8087 8642 8102 8229 7871 8293 7664 8280 8167 8224 8592 8680 8172 8201 8193 8190 8409 8305 7518 7910 7965 8126 8047 7877 7997 7933 8379 8046 7461 8468 8397 8093 8206 7984 7916 7547 8378 8138 7975 7826 8876 8397 7995 8248 8115 8266 7785 8179 7786 7889 8239 8011 7938 7922 8122 7956 8104 8332 8564 8248 7737 8099 8219 8538 7611 8401 7775 7811 8042 8116 8780 8485 8075 8704 8151 7727 8233 8572 8174 8046 8000 8346 7720 8342 8127 8081 8404 8067 8224 8599 7579 7873 8210 7937 8119 8271 8394 7602 8437 7834 8036 8530 8438 7688 8154 7808 8289 7961 7853 8325 8470 7696 8240 8150 8113 8032 8008 7956 8448 8259 8103 8441 8355 8157 7852 7726 8106 8079 8188 7954 8270 7544 7746 8066 8112 7965 8052 8641 8241 8483 8095 8075 7903 8282 7886 7955 8309 7777 7791 8202 8694 8198 8633 8339 7712 8447 7898 8482 8594 8227 7966 8094 8133 8458 8226 7880 8502 8016 8358 7936 8123 8078 8647 7937 8164 8052 8149 8018 8009 7943 8053 7668 8173 8011 8456 8028 8070 7452 8242 7958 7894 8413 7562 8236 7736 8464 7720 8307 8471 7969 8463 8989 8046 8152 8054 8572 8228 8208 7855 8524 7803 8730 8230 8351 7999 8613 7652 8090 8397 8102 8378 8642 8322 8182 8417 7840 7862 8051 8047 7809 8565 8243 8563 8278 8217 7563 8081 8124 8035 8524 7689 8014 8170 7825 7976 7927 8312 7829 8185 7167 7487 8262 8253 8355 8493 8331 8171 8068 7935 8102 7889 8157 7932 8168 7939 7785 8253 7761 8362 8229 7735 8216 8174 7813 8207 8352 8144 8064 8186 8092 7703 8212 7976 8042 8271 8157 7976 8083 8293 8041 7986 8003 8146 8294 7514 8017 8639 7709 8542 7828 8017 7678 7955 7859 8571 7926 8285 8103 8196 8176 8257 7829 7654
8260 8240 8214 8066 8029 8252 7804 7364 7893 8568 8204 7975 8339 7839 8075 8204 8638 7803 7886 8269 8492 7837 8317 8206 8042 8098 7983 7933 8235 8641 7499 8050 7807 8305 7886 8102 7408 8026 7936 8039 7650 8068 7583 8416 8102 8207 8270 8037 7866 8223 7603 8215 8516 8152 8175 8387 9197 8173 8467 8205 8007 7971 8544 8335 8106 8221 8401 7959 8207 8138 8523 8144 8176 8014 7843 8192 8142 7975 7860 8199 8163 8383 7965 7502 8248 8170 8153 7672 8681 8248 8178 7687 7893 7826 7695 7918 7978 8854 8256 7928 8569 8153 8299 8267 8159 7657 7936 7841 7946 8124 7846 8227 7938 8662 7758 7466 8423 8182 7881 8305 8229 7764 7637 7741 7769 8108 7838 8763 8410 7845 8019 8373 8005 8038 8031 7800 7751 7948 8175 7678 8247 7688 8180 8399 8084 8293 7955 8029 8098 7733 8646 7411 8413 7578 8260 7956 8004 8439 8411 8068 8557 8218 7800 8194 8258 8173 8149 7904 8417 7736 7875 8349 8036 8144 7766 7920 8381 7566 7728 7966 7816 7836 8356 8535 7862 8279 7743 8156 8660 8351 7629 7905 7564 8062 7922 8093 8028 7904 7530 8243 7910 8035 8080 8214 7970 8078 8018 7981 8471 8313 8095 7596 7573 7818 8209 8067 7780 8343 7776 7965 8029 7976 8290 7873 8687 8373 8153 8016 8100 7395 7988 7937 7874 8312 7888 7891 8237 8399 7989 8321 8137 7855 8225 8159 8349 8013 7922 7928 8110 8323 8192 7789 7773 8615 8069 7690 7854 8208 8166 8267 8189 7977 8218 8028 7667 7716 7926 8102 8020 8345 8360 8491 7884 8319 7296 8401 8043 8373 8186 7366 8269 7688 8347 7640 8379 8127 7911 8424 8399 8074 8111 8093 8139 7974 8301 7526 8038 7758 8131 7864 8316 8140 8040 7708 8076 8288 8177 8211 8711 7717 8269 8353 8237 7928 7956 7825 7974 8222 7722 8561 7985 8060 7704 8086 7580 7956 7862 8292 7966 8266 7703 7970 8166 8209 7624 8512 7455 8169 8177 7970 8497 8123 8361 7865 8107 7898 8439 8084 8022 8072 8066 7561 7833 8242 7806 8142 8076 7894 7914 8055 7985 7900 8513 8126 8236 8268 7929 7425 7899 8133 8435 8431 8223 7837 7777 8484 7872 7823 8116 8035 8322 7817 7738 8290 7600 8356 8227 7809 7758 7993 7474 8320 7939 8208 8225 8220 8254 8230 7882 7239
8617 8568 8200 7942 8310 8724 8315 7786 7941 8778 8490 8022 8127 8500 8519 8297 9124 7912 7969 8467 8861 8068 8591 8341 8116 8226 8278 8100 8347 8316 7986 8570 8254 8350 7984 8073 7898 8843 8267 8306 7727 8310 8040 8894 8445 8366 8324 8419 8227 8660 7611 8325 8292 8376 8461 8687 9166 8271 8613 8610 8697 8299 8605 8628 8230 8438 8786 8221 8560 7725 8344 8519 8372 8232 8075 8235 8203 7884 8199 8113 8239 8525 8427 8020 8438 8201 8030 8305 8666 8529 8639 8275 8470 7971 8512 8564 8208 8678 8747 8118 8587 8037 7964 8293 8314 7624 8132 8186 8096 8461 7866 8106 7937 8699 8243 7498 8380 8730 8244 8477 8200 7920 7748 8107 8310 8546 7884 8959 8718 8176 8607 8369 8321 8482 8515 8018 7769 8130 8122 8312 8551 8390 8453 8728 8092 8749 8469 7921 8251 8452 8595 7997 8689 7928 8692 8380 8305 8644 8574 8345 8620 8530 8234 8256 8532 8206 8350 8014 8071 8067 8456 8492 8280 8200 8091 8212 8185 8052 8320 8617 8452 8233 8285 8743 8401 8812 8224 7846 8736 8990 7712 8175 8124 8738 7990 8120 8187 8467 7851 8416 8441 8188 8441 8412 8309 8454 8593 8403 8461 8764 8234 7920 7592 8330 8661 8669 8077 8576 8028 8380 8134 8500 8133 8357 8867 8625 8397 8169 8414 8099 8724 8132 8166 8888 8253 7704 8271 8460 8534 8598 8725 7862 8350 8234 8708 8453 8588 8252 7817 8188 8021 8337 7755 9068 7808 8119 8178 8410 8031 8440 8325 8719 8430 8395 8497 7828 7658 8133 8472 8300 8804 8764 8313 8231 7855 8461 8545 8023 8381 7918 8613 8306 8645 8172 8400 8134 8152 8470 8968 8622 8407 8535 8468 8614 8550 7954 8314 8266 8254 8426 8675 8246 8440 7976 8481 8632 8688 8631 9053 8354 8329 8430 8136 7870 8085 8185 8026 8344 8183 9017 8521 8388 7952 8376 8382 8574 8526 8453 7800 8801 7624 8168 8464 8119 8050 8709 7615 8210 8232 8501 8500 8415 8521 8232 8482 8234 8391 8531 8175 8057 8506 8106 8262 8443 8054 7975 7975 8184 8233 8379 8017 8081 8589 8336 8326 8596 8143 7678 8087 8092 8492 8570 8258 8257 8277 8404 7935 7968 8321 8331 8925 8121 8210 8288 8167 8653 8156 8366 8210 8325 8080 8571 8260 8665 8431 8464 8615 8609 7955 8147
7750 7898 7877 7549 7874 8379 7449 7285 7704 8249 7836 7670 7724 7696 7622 7881 8156 7333 7579 7958 8247 7656 7917 7655 7770 7975 7266 7382 7876 8105 7551 7973 7622 7816 7370 8036 7458 8208 7709 7844 7388 7873 7654 8158 7916 7981 7721 7647 7596 7899 7508 7950 8190 7877 7616 7971 8762 7988 8184 8049 7846 7576 8111 8252 7585 7800 7925 7763 8091 7869 7961 7772 7951 7425 7629 7867 8049 7742 7969 7906 7850 8061 8096 7730 7859 7514 7816 7709 8080 8078 8084 7407 7772 7576 8234 7984 7841 8091 7783 7717 8075 7839 7763 8139 8279 7511 7689 7856 7724 7795 7555 7935 7501 8243 7694 7575 7959 8155 7744 7928 7927 7629 7260 7621 7786 7484 7540 8339 8121 7800 7895 7995 7763 7589 8061 7445 7447 7945 7983 7724 7893 7818 7669 8200 7896 7947 7804 7332 7779 8007 8081 7192 8140 7462 8035 7916 7675 8117 8061 7738 8088 7887 7819 7783 8077 7844 7635 7518 7951 7692 7686 8089 7926 7741 7646 8013 7641 7527 7667 7631 7805 8084 7761 8052 7654 8250 7775 7563 8370 8318 7404 7974 7386 8157 7464 7603 7513 8028 7499 8139 7429 7580 7951 7619 7612 7966 7720 8150 7827 8235 7906 7269 7070 7696 7809 8237 7701 8054 7277 7919 7978 7875 7654 7938 8406 7819 7955 7984 7702 7649 8097 7488 7280 8373 7777 7335 8224 7997 8185 7880 8267 7817 8233 7915 8174 7955 7871 7652 7563 8007 7627 7740 7364 8682 7627 7518 7429 7579 7577 8105 7907 8058 7736 7995 7750 7316 7717 7605 7490 7936 8099 8034 7586 7556 7201 7898 7429 7832 7998 7010 7973 7484 7836 7382 7810 7865 7387 7887 7951 8002 7641 7657 7879 7953 8176 8037 7785 7612 7497 8010 7788 7552 8358 7290 7467 7996 8040 8170 8197 7793 7924 8027 7474 7577 7388 7523 7537 7946 7700 8023 7705 7807 7523 7955 7784 8133 8109 7509 7618 8163 7708 7471 7452 7765 7575 7850 7087 7904 7595 8019 7891 8212 8324 7639 8038 7741 8085 7969 7779 7962 8011 7680 7647 7868 7384 7593 7472 7276 7713 7845 7280 7316 8104 8069 7349 7976 7614 7366 7887 7737 7857 8174 7679 7623 7088 7613 7296 7446 7778 7603 8024 7598 7591 8184 7734 8141 7644 7898 7781 7564 7561 8057 7397 8000 8061 8123 8348 7667 7464 7500
9075 8738 8640 8368 8635 9106 8579 8058 8103 8972 8752 8504 8537 8615 8966 8820 9005 8475 8233 8924 9005 8144 8557 8637 8613 8496 8549 8246 9276 8694 8321 8832 8539 8673 8173 8418 8141 8623 8648 8175 8432 8610 8332 9236 8471 8607 9042 8983 8299 8451 8260 8820 8769 9144 8862 8754 9483 8848 8831 8873 8839 8643 9002 8905 8326 8643 8694 8263 8883 8379 8979 8463 8684 8362 8007 9002 8922 8047 8313 8467 8297 9047 8582 8137 8319 8519 8624 8586 8994 8533 8848 7867 8544 8312 8508 8736 8299 9011 8965 8431 8709 8674 8668 8486 8921 7677 8678 8549 8644 8521 8168 8611 8464 8713 8380 7787 8958 8913 8545 8747 8725 8188 7851 8384 8701 8194 8280 9116 9048 8462 8743 8517 8905 8368 8586 8163 8164 8730 8690 8328 8708 8256 8661 8948 8537 8803 8502 8715 8623 8802 9224 7900 8720 8135 8704 8785 8432 9231 8993 8477 9156 8681 8393 8863 9119 9207 8706 8308 8885 8372 8511 8524 8567 8875 8564 8549 8799 8198 8317 8688 8280 8485 8542 8926 8518 9176 8402 8836 8882 9134 8194 8398 8003 8500 8292 8765 8524 8614 7991 8741 8888 8696 8393 8518 8328 8919 8551 8530 8732 8773 8488 8241 8066 8421 8612 9038 8215 8626 8556 9001 8541 8804 8352 8597 9191 8922 8660 8807 8684 7724 8625 8161 8412 8774 8234 8292 8818 9050 8767 8987 8771 8301 9009 8801 8843 9060 8912 8252 8401 9082 8646 8451 8420 9309 8469 8931 8285 8891 8452 8876 8727 8572 8775 8547 8705 8348 8456 8594 8494 8482 8803 8802 8307 8810 7803 9006 8676 8344 8869 8008 8978 8360 8774 8263 8827 8633 8232 8867 9223 9007 8575 8497 8810 8867 9035 8142 8891 8750 8815 8558 8626 8519 9161 8485 9110 8781 8799 8596 9301 8565 8658 9074 8724 8109 8249 8177 8432 8746 8464 9011 8470 8706 7855 8832 8640 8493 8923 8556 8486 8698 8102 8915 8591 8785 8166 8971 7668 8254 8687 8782 8770 8791 8696 8242 8420 8267 8611 8852 8511 8500 8834 8072 8477 8597 8487 8508 8563 8311 8405 8648 8288 8728 8977 8714 8442 9028 8513 7802 8534 8479 8462 8943 8535 8600 8185 8543 8582 8277 8426 8439 8981 8404 8469 8615 8306 8789 8515 8636 8552 8390 8366 9106 8284 8923 8536 8709 8826 8637 8586 8144
8218 8272 7986 8201 8018 8474 8110 7754 8045 8860 8292 8283 8464 8327 7815 8712 8562 7828 8168 8321 8808 7648 8258 8374 8223 8243 8089 8044 8589 8311 7927 8384 8267 8173 7530 7795 7831 8048 8282 8009 7758 8161 7951 8986 8472 8395 8526 8050 7967 8478 7985 7937 8602 8440 8522 8485 9305 7963 8818 8589 8221 8146 8507 8454 7916 8026 8472 8110 8497 7714 8654 8355 8325 8168 7944 8586 8766 7875 8156 8139 8030 8461 8437 7669 8161 8318 8342 8453 8360 8522 8149 8068 8385 8285 8265 8391 8122 8685 8526 8148 8294 8077 8246 8521 8568 7269 8080 7921 7848 8015 8158 7953 8099 8632 8200 7368 8357 8422 7826 8886 8288 7784 7750 7907 8086 7849 7971 8380 8786 8091 8196 8410 8268 7920 8511 7957 7648 8208 7993 8116 8036 8113 8102 8268 7860 8693 8312 7780 8440 8100 8400 8232 8405 7565 7973 8017 8066 8765 8346 8143 8798 8384 8042 8182 8295 8257 8247 7951 8254 8048 8285 8560 8249 8317 8325 8211 8093 7850 7814 8085 7840 7993 8156 8549 8072 8355 7835 8388 8371 8600 7692 8282 7730 8570 8104 8068 7891 8127 8000 8663 8059 8280 8165 8223 8002 8371 8370 7965 8357 8135 8076 7960 7576 8364 8013 8562 8024 8354 7714 8233 8139 8169 8285 8163 8746 8201 8188 8141 8136 7842 8513 7691 8020 8886 7795 7965 8478 8499 8349 8356 8399 7968 8533 8276 8389 8504 8127 8277 8095 8872 8408 8010 7833 9083 7818 7812 8218 8328 7945 8797 8097 8450 8419 8269 7948 7986 7526 8143 8119 8629 8407 8311 7975 8296 7545 8603 8501 7836 8159 7585 8228 8057 7915 8130 8087 8293 7920 8393 8918 8562 8198 8104 8857 8343 8185 7792 7988 8406 8462 8429 8582 8072 8489 7799 8481 8883 8083 8422 8684 8122 8350 8249 8352 8063 7872 8172 8206 8621 8086 8655 7898 8002 7616 8132 8213 8330 8127 7941 8218 8566 7561 7827 7997 8229 7869 8224 7369 7768 7826 8311 8420 8313 8304 8279 8508 7869 7761 8142 8315 8010 8340 8051 7882 8604 7938 8339 8001 7953 7801 8374 7961 8046 8741 8295 8260 8358 8294 7548 8152 8041 8395 8274 7731 8363 7934 8557 7882 8109 7955 8323 8708 7880 8035 8347 7806 8598 8025 8046 8162 8123 7862 8460 7947 8356 8524 8128 8492 8174 7833 7771
8339 8282 8307 8225 8405 8474 8173 7727 8004 8520 8512 8156 8384 8443 8093 8222 8344 7956 7796 8539 8455 7875 8628 8351 8428 8065 7981 8240 8525 8075 7938 8146 8138 8077 7819 8101 7982 8293 8283 7829 7717 8564 7923 8871 8233 8459 8605 8300 8352 8121 7994 8262 8449 8270 8281 8497 8931 8278 8658 8502 8182 8095 8172 8712 7982 8241 8348 8260 8358 7940 8626 8320 8321 8161 7632 8511 8345 7967 8364 8185 8127 8388 8496 7461 8370 7886 8388 8036 8640 8514 8562 7963 8569 8403 8426 8581 8234 8564 8167 8293 8618 8377 8004 8214 8529 7183 8145 7825 8391 8437 7879 8017 8170 8606 8317 7513 8043 8694 7925 8517 8154 7761 8172 8377 8305 8305 7683 8737 8315 8124 8472 8721 8026 7874 8616 7795 7504 8085 8354 8095 8540 7971 7911 8420 7965 8582 8205 7766 8240 8066 8436 7703 8354 7855 8090 8207 8126 9078 8753 8212 8688 8207 8178 7926 8509 8164 8305 8093 8174 7730 8202 8391 8161 8212 8050 8254 7843 7768 7627 7882 8259 8005 8211 8614 8075 8479 7439 8254 8464 8463 7663 8035 7556 8286 7666 8500 7835 8647 8029 8077 8102 7837 8271 7947 8113 8135 8414 8020 8258 8195 8257 7427 7542 8236 8206 8371 7935 8141 7727 8101 7832 8382 8065 8088 8643 8402 8441 8406 8547 8000 8193 8304 7960 8704 7726 8199 8142 8584 8553 8483 8506 7774 8308 8275 8624 8912 8428 8114 7670 8451 8502 8061 8205 8770 7866 8201 8037 8107 8036 8574 7998 8311 8216 8173 8210 8012 8047 8214 8039 8546 8483 8250 7824 8109 7369 8459 8214 7744 8409 7727 8121 7967 8530 7676 8198 8275 8233 8367 8685 8340 8200 8307 8525 8481 8604 7679 8028 8190 8270 8152 8541 8107 8960 7792 8272 8403 8312 8499 8858 8125 8505 8469 8005 8080 8001 7755 8155 8518 7944 8468 8635 8191 7611 7857 8169 8190 8356 8127 7969 8010 7993 8001 8265 8173 8150 8487 7288 7667 7889 8293 8185 8533 8522 8478 8306 8065 7965 8206 8461 7972 8429 8224 7300 8533 8378 8506 8279 7689 8009 8326 7672 7857 8723 8144 8140 8393 8087 7713 8334 8105 8045 8177 8131 8114 8174 8082 8185 7735 8121 8234 8511 7955 7787 8490 7797 8381 7854 7946 7679 8081 7999 8517 7917 8429 8471 8483 8263 8467 7850 7521
8079 7582 8240 7557 7908 8416 7801 7532 7449 8320 7563 7730 7883 7909 7738 7702 8151 7418 7678 8014 8186 7316 7840 7623 7627 7865 7673 8002 8012 7886 7551 7650 7481 7913 7186 8057 7136 7969 7701 7678 7426 7949 7621 8398 7775 7959 7948 7605 7622 7673 7293 7803 8014 7983 8241 7631 8365 8096 8233 7995 7920 7655 7888 7996 7587 7842 8052 7575 8183 7556 8064 7673 7453 7255 7131 7735 7914 7570 7578 7632 7717 7936 8049 7537 7865 7799 7601 7457 7941 8096 7739 7048 7829 7664 7956 7947 7796 8245 8017 7601 8242 7793 7910 7848 8004 7245 7763 7780 7649 7822 7608 7630 7803 8105 7895 7320 7840 8289 8040 7906 7876 7574 7212 7264 7877 7736 7650 8263 8272 8036 8036 8259 7844 7760 7934 7538 7299 7961 7788 8062 8029 7577 7739 8219 7680 8239 7999 8077 7966 7851 8261 7536 7957 7479 7801 7685 7504 8425 7944 7640 8212 8140 7725 7388 7992 7984 7769 7596 7979 7711 7814 7980 7575 7765 8059 7808 7881 7143 7466 7602 7829 7870 7949 7908 7825 8288 7570 7819 7993 8339 7537 7397 7346 8287 7227 7831 7762 8032 7513 7756 7842 7803 7788 7679 7671 7758 7757 7735 7727 7955 7655 7437 6865 7941 7974 7925 7706 7806 7475 7663 7891 7524 7720 7817 8219 7944 7859 7588 7919 7300 8059 7745 7255 7900 7416 7603 7642 8000 8138 8246 7889 7526 8127 7418 8251 7900 8056 7985 7295 7867 7379 7769 7622 8276 7268 7811 7465 7933 7668 8159 7585 7661 7545 7820 7646 7430 7546 7725 7767 8023 8069 7969 7529 7709 7106 8036 7936 7721 7915 7434 7692 7456 8104 7375 7884 7704 7611 8045 8305 8024 7755 8081 8187 7660 8334 7566 7989 8000 7998 8000 7914 7583 8151 7502 8273 8037 7863 8249 8733 8103 8020 8206 7944 7536 8091 7519 7278 8128 7749 7800 7805 7641 7360 7751 7914 7533 7626 7678 7455 7830 7487 7626 7485 7887 7567 7993 7002 7463 7718 7671 7825 7648 8203 7891 7808 7435 7953 7544 7947 8109 8115 7582 7557 7941 7600 7776 7937 7473 7486 7848 7403 7628 8205 8090 7903 8205 7929 7061 7801 7625 8049 7787 7853 8079 7761 8066 7716 7419 8022 7547 8035 7398 7490 8265 7770 7976 7501 7809 7873 7651 7368 8260 7807 7731 7891 7826 8024 7945 7650 7443
8064 8328 8255 7835 7889 8535 8051 7703 7688 8602 7973 8134 8107 8032 8045 8156 8538 7780 7647 8397 8464 7539 8131 8053 8146 7866 7449 8152 8085 8266 7667 8189 8100 7987 7436 8016 7598 8266 8195 7907 7811 8046 7820 8306 7828 8195 8370 7878 7680 8021 7490 8425 8190 8307 7940 8151 8658 8122 8735 8389 8120 7954 8526 8538 7844 7844 7984 7699 8278 7966 7917 8169 7965 7984 7941 8150 7966 8151 8013 8006 7878 7925 7969 7872 7953 7884 7898 8000 8652 7980 8075 7803 8073 7519 7957 8132 7793 8237 8544 7675 8539 8046 8167 8129 8061 7520 7920 7717 7929 7990 7896 7913 7556 8490 7784 7212 7776 8238 8091 7988 7970 7586 7484 8048 8012 7536 7891 8888 8476 8184 8450 8157 7720 7985 7949 7618 7147 8200 7761 8118 8368 7965 8193 8343 8266 7855 8123 7912 7824 7504 8390 7714 8103 7539 7919 7955 7919 8355 8222 7774 8215 8101 7824 7955 8015 8128 8312 8010 8363 7560 8063 8380 7874 8132 7509 8250 7823 7827 7579 7444 7734 8209 7910 8559 7857 8549 7784 8011 8197 8253 7312 7876 7638 7905 7660 8092 7835 8267 7853 8181 7914 8112 8057 8146 8023 8096 8153 7757 8249 8341 8180 7744 7328 8369 7881 8279 8100 7969 7700 8190 8018 7947 7923 8052 8625 7865 8214 8216 8325 7707 8260 7567 7837 8636 7752 8147 8378 8007 7996 8587 8209 7940 8109 7983 8498 8246 8265 7739 7655 8480 7948 7690 7689 8737 7924 7805 8005 7984 8149 8279 8110 8141 7979 7624 7980 7767 8055 8433 7850 8172 8223 8290 7775 7917 7396 8204 7964 7948 8134 7076 8428 7765 8152 7612 8349 8388 7930 7849 8615 7933 8202 8124 8554 8165 8440 7886 8255 7968 8033 7890 8476 8070 8273 7621 8085 8223 8088 8364 8493 8059 7685 8070 7973 7739 7968 7748 7779 8323 7843 8228 8039 8092 7616 8089 8140 8096 8103 7882 7927 8057 7534 7570 8061 8040 7749 8280 7395 7912 7683 8192 8026 8015 7965 7750 8037 7761 7925 8205 8160 7991 8088 7616 7919 7795 8285 7905 7764 7842 7849 8387 7414 8041 8580 8146 7701 8037 7943 7595 8111 7920 7830 7940 7921 7948 7948 8092 7742 7823 8116 7887 8416 7900 7900 8176 7974 8265 7992 8015 7918 8014 7866 8231 7847 8200 8144 8137 8102 8123 7658 7446
8199 7944 7924 7874 8295 8466 8175 7333 7987 8549 8299 7781 8054 8254 8114 8194 8514 7759 7911 8404 8591 7605 8279 8275 8189 7793 7688 8185 8123 8411 7669 8171 8115 7927 7592 7951 7655 8187 7745 7861 7734 8408 7765 8636 7708 8149 7990 7767 7931 8232 7689 8416 8376 8267 8313 8131 8672 8360 8517 8329 8303 8055 8372 8733 7694 7971 8342 8020 8457 7897 8342 8000 8126 7660 7876 8525 8153 7760 7839 7788 8170 8290 8268 7631 8080 8158 7987 7930 8674 8413 8494 7633 8218 7655 8269 8608 8101 8311 8452 7907 8319 7889 8033 8061 8176 7293 8026 8070 7807 8342 7661 8150 8073 8418 7896 7742 7959 8198 7962 8188 8151 8173 6975 7965 8076 8090 7856 8419 8527 8301 8375 8122 8107 8095 8439 7716 7783 7917 8164 7840 8279 7983 8038 8146 8249 8378 7922 7990 7770 7909 8390 7629 8371 7720 8125 7985 8026 8510 8108 7770 8529 8221 7803 8227 8622 8053 7739 7878 8482 7694 8507 8332 8315 8322 8159 7899 7913 7599 8009 8023 7777 8068 8076 8354 8025 8347 7632 8087 8552 8499 7508 7822 7588 8153 7618 8431 7890 8298 7789 8395 7957 7845 8102 7931 8146 8053 8183 8183 8225 8236 8368 7607 7430 8067 8192 7989 8225 8342 7581 8085 7768 8034 8096 7918 9025 8414 8348 7933 8400 7724 8373 7577 7780 8343 7859 7962 8132 8564 8358 8492 8630 7933 8580 7919 8448 8381 8305 7732 7972 8236 8016 7991 7825 8689 7927 8193 7745 8680 7980 8234 8263 8189 8029 8318 8004 7775 7798 8261 7850 8205 8430 8351 7821 7885 7350 8064 8112 7869 8107 7531 8100 7918 8078 7920 8196 8112 7710 8207 8783 8380 8283 8163 8442 8285 8308 7887 8306 8127 8262 8055 8398 7876 8148 7701 8533 8338 8404 8110 8644 8273 8089 8185 7950 7521 7817 7681 7895 8273 7896 8486 8018 8247 7602 8321 8385 7857 8259 8055 7917 8142 7820 7847 8047 8046 7809 8321 7248 7686 7816 8525 8211 8086 8462 7841 8072 7888 8398 8230 8396 8202 8179 8023 7874 8426 7849 7824 8181 7905 8178 8255 7749 7960 8224 8198 7781 8159 7951 7529 8442 8279 7795 8474 8042 8065 8329 7997 7730 7930 8473 8015 8401 7687 7710 8117 7709 8268 7880 8148 7756 8000 7677 8025 7810 8047 8026 8377 8160 8061 8048 7533
8136 7611 8099 7735 7718 8119 7432 7241 7290 8117 7999 7669 8040 7813 7767 7790 7921 7257 7379 7843 8102 7389 7821 7835 7829 7539 7347 7711 7903 7852 7377 7725 7712 7840 7285 7751 7439 7808 7593 7597 7282 7735 7339 7835 7927 7895 7740 7487 6991 7712 7378 7899 8317 8100 7902 8069 8381 7736 8042 7943 8112 7617 7991 7997 7514 7469 7930 7754 8428 7519 7879 7527 7512 7383 7566 7786 7711 7736 7606 7725 7356 8275 8147 7435 7595 7949 7793 7626 8039 7832 7866 7605 7869 7314 8319 8299 7921 7752 8137 7578 7884 7878 7670 8023 7897 7170 7636 7694 7828 8105 7345 7667 7569 8232 7857 7464 8029 8112 7819 8095 7837 7417 7146 7730 7953 7615 7794 8206 7937 7872 7754 8133 7501 7803 7799 7653 7473 7808 7614 8027 7865 7798 7361 7700 7684 8167 7603 7666 7599 7743 8296 7514 7836 7346 7640 7626 7766 8453 7886 7383 8097 8051 7767 7598 8132 7675 7683 7531 8385 7848 7719 7789 7747 7899 7649 7839 7804 7653 7441 7660 7784 7746 7831 7765 7582 7909 7414 7923 8106 8041 7203 7836 7141 7886 7287 7901 7655 8206 7327 7894 7514 7627 7708 7517 7428 7714 7656 7419 7907 8026 7807 7370 6942 7689 7754 7808 7813 7756 7261 7828 7581 7490 7607 7713 8388 7953 7928 7838 7716 7037 8030 7538 7336 8167 7282 7723 7875 7865 7976 7901 8005 7302 8035 7240 8140 8091 7926 7744 7667 7890 7714 7569 7567 8457 7665 7641 7737 7791 7445 7655 7555 7820 7583 7788 7793 7507 7646 7762 7584 7954 8020 7798 7157 7844 6884 7705 7574 7610 7820 7171 8033 7372 7837 7651 8012 7818 7632 7943 8342 7682 8005 7459 7857 8072 7794 7427 7861 7788 7694 7782 8081 7442 8137 7345 7630 7904 7644 8042 8355 7717 7724 8091 7732 7451 7619 7741 7848 7825 7693 8262 7503 7819 7407 7866 8083 7653 7923 7622 7657 7852 7592 7562 7674 7689 7538 8216 7037 7328 7687 7907 8106 7957 8006 7731 8072 7669 7928 7733 7758 7640 7854 7542 7831 7858 7637 7566 7702 7672 7564 7838 7269 7745 8407 7960 7690 8057 7583 7055 7633 7767 7752 8226 7716 7550 7723 7900 7066 7487 7798 7882 8035 7303 7321 7911 7333 7754 7656 8023 7457 7349 7525 7819 7884 7791 7938 7966 8164 7565 7429 7218
8656 8609 8648 8640 8575 9167 8506 7849 8334 8823 8325 8382 8480 8735 8716 8751 8740 8031 8150 8825 8457 8124 8590 8382 8134 8140 8309 8236 8787 8631 8091 8596 8486 8439 7645 8139 7968 8496 8528 8030 7923 8915 8063 8943 8299 8472 8435 8030 8374 8579 8000 8511 8830 8525 8686 8685 9100 8192 9082 8804 8512 8642 8793 8624 8184 8532 8515 8356 8800 8173 8916 8542 8419 8258 7987 8975 8330 8170 8213 8637 8349 8408 8304 7997 8362 8529 8283 8210 8693 8493 8362 7740 8323 7995 8506 8543 8180 9101 8649 8390 8690 8379 8378 8296 8663 7702 8162 8542 8366 8146 8207 8372 8210 8665 8415 7837 8455 8973 8267 8398 8234 8064 7950 8228 8645 8314 7973 9016 8769 8204 8790 8442 8685 8185 8555 7857 8246 8299 8530 8329 8611 8291 8605 8421 8584 8977 8304 8571 8392 8449 8567 8001 8683 7969 8435 8529 8293 8794 8890 8297 8626 8575 8447 8435 8454 8558 8338 7874 8842 8057 8137 8644 8590 8189 8320 8498 8369 8143 8175 8699 8373 8406 8592 8804 8070 8662 8214 8160 8676 8890 8074 8346 8131 8527 7794 8307 8311 8463 7917 8690 8412 8551 8563 7742 8611 8412 8620 8521 8856 8724 8348 8034 7497 8312 8541 8590 8483 8726 7722 8743 8448 8568 8395 8424 9021 8747 8115 8193 8543 8081 8373 7999 8077 8758 8146 7990 8147 8845 9050 9038 8801 8427 8665 8356 8548 8745 8539 8398 8368 8700 8173 8342 8223 9146 8364 8369 8357 8605 8206 8283 8370 8665 8546 8444 8442 8114 8035 8572 8479 8491 8799 8447 8212 8412 7610 8867 8535 8112 8642 7681 8860 8399 8419 8226 8654 8484 8086 8298 8753 8624 8547 8575 8583 8710 8882 8054 8303 8475 8025 8604 8818 8264 8469 8282 8649 8603 8779 8800 9004 8288 8317 8543 8391 8061 8263 8179 8437 8636 8100 9101 8413 8111 7785 8318 8356 8367 8929 8369 7941 8659 8264 8498 8667 8503 8271 8925 7572 8276 7737 8579 8435 8779 8673 8563 8602 8253 8359 8700 8495 8456 8713 8109 8500 8434 8197 8326 8449 8101 8276 8569 7876 8357 8730 8499 8295 8950 8327 7878 8352 8187 8215 8456 8665 8565 8513 8459 8149 8004 8645 8446 8973 8075 8512 8610 8123 8671 8316 8494 8278 8045 8281 8706 8302 8507 8338 8491 8914 8277 8113 7821
8252 8015 8641 7997 8207 8211 7978 7899 7892 8592 8054 7856 7999 8414 7876 8066 8391 7614 7913 8515 8502 7903 8049 8084 8029 7570 7407 7864 8138 8004 7877 7929 7648 8202 7565 7947 7895 8257 8300 7748 7404 8094 7781 8501 8047 8286 8099 7802 7503 7909 7647 8526 8428 8139 8370 8468 8476 8400 8478 8167 8276 8091 8417 8267 7924 7908 8464 7718 8418 8085 8358 8098 7806 8162 7790 7853 8241 8078 8228 7848 7852 7953 8161 7766 7923 8547 7944 8117 8360 8451 7979 7522 8276 8074 8293 8465 7982 8167 8219 7806 8606 8236 8206 8406 7968 7367 7836 8040 8019 7836 7818 7827 7712 8458 8001 7629 8296 8501 8215 7975 8258 7939 7291 7708 8238 7620 7777 8414 8763 8132 8591 8066 8167 7946 8284 7534 7425 8261 7975 7849 8194 7818 8292 8251 8123 8088 8028 8175 8088 7996 8482 7937 8245 7804 8153 8241 7671 8676 8265 8034 8383 8066 7879 7845 8284 8470 8151 7839 8301 7795 7990 8485 8062 8148 8050 8131 8275 7731 7692 7899 7866 7898 8328 8524 8091 8521 7994 8051 8082 8716 7612 7931 7628 8214 7755 8110 7905 8086 7791 8605 7783 8018 8258 7653 7836 8038 7773 7868 8085 8083 8157 7554 7224 7911 8143 8450 8093 8328 7884 8176 8210 7943 8196 7796 8847 8155 8232 7827 8178 7276 8451 7748 7895 8417 8007 7916 8156 8096 8384 8434 8325 8070 8631 7787 8602 8331 8502 8121 8103 8487 7876 8211 7779 8984 7721 7954 7940 8257 7730 8168 8147 8115 7887 7894 8327 7709 7777 8265 8075 7974 8267 8229 7725 8298 7200 8023 8256 7860 8163 7345 8367 7677 8299 7927 8272 8113 8140 8123 8524 8166 8236 8386 8548 8177 8478 7764 8062 8135 8162 7941 8318 8060 8323 7915 8279 8630 7884 8338 8650 8141 7893 8166 8249 7651 8202 8048 7839 8232 7774 8232 7892 8307 7296 8106 8371 8090 8053 7981 7759 8077 8033 8295 8193 8097 7965 8311 7133 7514 7809 8364 8421 8062 8410 8007 7988 7698 7966 8119 8260 7941 8201 8148 7896 7936 8026 8111 7945 7638 8003 8419 7654 8127 8606 8174 8030 8180 7964 7320 7851 8023 8265 8244 8036 7982 7707 8501 7866 7306 8021 8229 8393 7707 7592 8335 7894 8295 8248 8167 7927 8074 7455 8278 7785 8143 8283 8141 8272 7796 7947 7585
8239 8214 8160 7979 8239 8731 8041 7533 7970 8520 8100 8124 8291 8110 7874 8290 8646 7866 7824 8530 8112 7522 8404 8231 8000 7829 8132 8126 8445 8519 7617 7856 8113 7819 7606 8317 8174 8418 8430 7652 7725 8452 7494 8695 8015 8405 8143 8199 7813 8269 7843 8496 8576 8406 8380 8262 9262 7986 8484 8287 8285 8137 8219 8615 7873 8254 8197 7871 8301 7975 8440 8157 7848 7811 7633 8184 8307 7907 8310 8069 7782 8363 8172 7836 8157 7955 8101 8009 8710 8084 8297 7766 8296 8020 8262 8350 8243 8829 8624 8373 8559 8194 8303 8410 8562 7675 8070 8018 7943 8334 7937 7938 7945 8381 8021 7237 8662 8686 8129 8497 8198 8049 7792 7651 8447 8180 7625 8660 8507 8149 8482 8499 8169 7856 8549 7826 7890 7881 7972 7928 8326 8093 8207 8288 8362 8712 8177 8258 8217 8325 8628 7850 8453 7698 8351 8045 7917 8476 8379 7784 8615 8364 8017 8033 8513 8143 8272 7672 8314 7845 8298 8522 8072 8152 7894 8190 8223 7835 8028 8454 8095 7863 8287 8389 7860 7963 8108 8071 8366 8543 7666 7929 7795 8310 7832 7963 8050 8580 8101 8266 8144 7984 8302 8006 8127 8209 8146 8321 7968 8497 8289 7797 7590 8234 8516 8341 8031 8199 7807 7912 7983 8141 8066 8034 8919 8398 8193 8180 8087 7682 8353 7986 7745 8565 8130 7910 7998 8073 8437 8712 8392 7532 8457 7774 8644 8561 8167 8144 7896 8151 8255 7858 7930 9072 8043 7784 8013 8297 7902 8543 8069 7980 8375 8053 8216 8112 8021 8152 8004 8446 8547 8395 7831 8269 7401 8269 8359 8084 8284 7481 8439 8312 8469 7816 8292 8263 7890 8444 8595 8327 8294 8079 8461 8236 8489 7724 8010 8156 8387 8266 8565 7782 8608 7776 8280 8405 8068 8436 8752 8210 8270 8442 8224 7962 7948 7784 7952 8515 7736 8354 8057 8061 7698 8026 8181 8297 8151 8104 8102 8399 7543 8087 8318 8030 7988 8523 7235 7861 8055 8009 8206 8474 8633 8084 8507 7699 8217 8366 8103 8151 8447 8009 7915 8299 7721 8340 8166 7902 7889 8288 7868 8273 8798 7971 7951 8355 8078 7595 7862 7889 8181 8189 8092 7953 7833 8453 8219 8002 8250 8294 8433 8016 7652 8253 7748 8320 8028 8152 7853 8304 8034 8432 7588 8285 8292 8474 8202 8067 7904 7789
7616 7671 7778 7537 8018 7872 7163 7081 7367 8130 7576 7363 7351 7686 7694 7887 8221 7322 7246 7860 7576 7430 7708 8067 7567 7549 7403 7704 7879 7938 7326 7736 7457 7166 7333 7461 7340 7535 7523 7486 7072 7561 7091 8143 7685 7507 7909 7691 7529 7180 7274 7740 7950 7873 7882 7776 8144 7715 8035 7669 7482 7405 7713 8044 7628 7607 7595 7361 7720 7514 8034 7704 7773 7615 7174 8107 7552 7320 7655 7327 7292 7559 7562 7002 7187 7406 7448 7190 8061 7677 7684 7669 7388 7177 7732 7683 7605 8236 7800 7529 7625 7299 7337 7754 7783 6613 7631 7046 7572 7791 7252 7713 7710 8084 7609 6844 7589 7867 7745 7532 7578 7231 7111 7346 7510 7339 7186 8025 8101 7708 8255 7529 7677 7605 7592 7120 7266 7501 7377 7469 7532 7389 7615 8014 7694 7909 7746 7440 7624 7459 8149 7072 7769 7096 7502 7750 7572 8181 7792 7567 7810 7927 7472 7842 7841 7702 7467 7214 7817 7131 7848 7804 7501 7871 7427 7934 7674 7397 7296 7724 7278 7533 7636 7896 7498 8137 7395 7837 8185 7887 7470 7725 6915 7824 7121 7686 7741 7601 7396 7717 7528 7948 7538 7562 7604 7752 8050 7429 7866 7554 7894 7295 7130 7707 7515 7822 7518 7310 7025 8098 7254 7653 7788 7394 8136 7478 7472 7833 7731 7110 7745 7289 7079 7724 7473 7324 7791 7840 7589 7835 7974 7220 7922 7324 7911 7847 7853 7488 7697 7590 7869 7359 7584 8184 7555 7609 7339 7926 7424 8029 7564 7603 7323 7729 7719 7311 7897 7703 7505 7634 7991 7550 7460 7788 6653 7780 7731 7673 7707 7152 8000 7875 8111 7284 7899 7555 7714 7706 8128 7674 8028 7894 7719 7801 7597 7163 7723 8000 7988 7435 7788 7676 8170 7365 8031 8056 7693 7701 7849 7847 7839 7842 7657 7499 7671 7425 7483 8002 7530 7945 7749 7649 7547 7481 7347 7617 7844 7549 7273 7608 7300 7483 7670 7480 7364 7813 6811 7320 7603 7707 7483 7947 7847 7613 7492 7626 7784 7535 7345 7678 7601 7624 7433 7650 7544 7459 7574 7392 7295 7808 7414 7741 7607 7617 7282 8012 7723 7009 7860 7425 7376 7637 7659 7877 7632 7620 7478 7881 7366 7670 7683 7519 7463 7609 7371 8059 7438 7561 7322 7518 7045 8013 7347 7737 7361 8136 7566 7664 7433 7024
8358 8538 8575 8286 8732 8877 8142 7751 8017 8732 8527 8297 8700 8725 8202 8598 8797 7962 8106 8629 8690 8305 8756 8558 8539 8285 8093 8078 8619 8377 7815 8571 8453 8389 7953 8541 7985 8218 8381 8419 8253 8729 8126 9035 8018 8887 8383 8480 8240 8205 7902 8188 8502 8863 8528 8785 8803 8680 8880 8588 8442 8246 8528 8795 8209 8285 8432 8350 8530 8127 8627 8528 8349 8508 8111 8654 8329 8501 8395 8546 8288 8570 8677 8243 8519 8471 8425 8463 8746 8488 8205 8090 8501 8153 8651 8432 8566 8901 8556 8239 8917 8502 8713 8685 8631 7885 8032 8133 8236 8444 7883 8323 8002 9009 8506 8053 8496 8799 8637 8749 8296 8111 7488 8133 8595 7907 8172 8800 8985 8385 8894 8626 8460 8069 8761 8141 7872 8474 8362 8346 8429 8550 8382 8724 8391 8547 8340 8335 8195 8206 8626 7779 8919 7926 8483 8420 8348 8730 9060 8252 8648 8545 8268 8428 8408 8878 8395 7981 8560 8302 8323 8795 8581 8213 8423 8450 8394 7940 7982 8449 8346 8406 8503 8950 8385 8782 8191 8621 8502 8774 7835 8275 7572 8592 8014 8481 7917 8724 8051 8410 8280 8326 8154 8165 8243 8256 8136 8279 8498 8845 8484 8017 7932 8530 8157 8720 8184 8461 8013 8381 8303 8512 8224 8506 8786 8338 8294 8553 8812 7997 8601 8356 7936 8904 8272 8543 8321 8643 8685 8565 8636 8160 8906 8195 8952 8495 8833 8318 8173 8428 8362 8016 8426 9011 8360 8137 8186 8584 8194 8754 8270 8276 8498 8045 8361 8359 8166 8370 7958 8423 8969 8744 7852 8540 7720 8706 8346 8228 8533 7572 8778 8545 8501 8195 8391 8251 8099 8644 9226 8122 8473 8387 8748 8528 8423 8315 8222 8463 8664 8147 8894 8342 8906 8125 8264 8885 8543 8538 9134 8245 8320 8764 8330 8089 8400 8020 8154 8673 8129 9013 8351 8388 8087 8449 8457 8299 8520 8305 8228 8803 8145 8078 8511 8391 8353 8564 7374 8361 8338 8805 8421 8572 8875 8291 8343 8011 8264 8572 8367 8622 8671 7921 8702 8627 8433 8531 8037 8167 8176 8441 8120 8367 8912 8434 8212 8353 8233 7734 8341 8572 8576 8760 8146 8103 8028 8512 8136 8647 8224 8648 8786 7926 8102 8636 8101 8697 8457 8342 8144 8187 7929 8645 8372 8232 8443 8444 8603 8445 8202 7859
8332 8557 8302 8005 8440 9062 8095 7810 8625 8800 8482 8390 8405 8320 8467 8267 8928 8249 8189 8931 8947 7991 8645 8513 8388 8034 8097 8168 8384 8738 8064 8345 8463 8532 7929 8368 8085 8701 8570 8418 7908 8359 7654 8964 8498 8618 8671 8838 8233 8700 8180 8518 8976 8783 8756 8872 9028 8411 9049 8730 8492 8150 8546 8758 8342 8463 8586 8497 8799 8317 8577 8375 8385 8187 8150 8726 8593 8160 8556 8648 8297 8511 8388 8041 9014 8384 8601 8051 8918 8397 8541 8085 8395 8323 8414 8866 8439 8984 8626 7987 8655 8577 8558 8646 8991 7850 8402 8327 8080 8405 8438 8500 8056 9165 8348 7993 8322 8842 8438 8451 8469 8269 7795 8188 8538 8600 8351 9172 8938 8461 8750 8358 8302 8472 8775 8187 7838 8394 8691 8544 8794 8497 8557 8557 8338 8479 8643 8223 8343 8219 9050 7997 8699 7818 8658 8537 8166 9071 8918 8273 9013 8671 8177 8491 8713 8346 8178 8222 8811 7740 8424 8692 8436 8605 8187 8604 8326 8244 8484 8444 8641 8586 8589 8958 8295 8789 8081 8200 8730 8869 7890 8442 8075 8546 7951 8280 8194 9001 7993 8574 8280 8374 8292 8084 8545 8349 8625 8383 8596 8590 8500 8020 8025 8435 8494 8388 8457 8599 8131 8458 8548 8624 7974 8374 8956 8633 8452 8556 8988 7753 8598 8095 7750 8930 8384 8546 8636 8645 8724 8926 8755 8035 8697 8221 8980 8571 8742 8302 8153 8657 8486 8416 7966 9291 8048 8466 8204 8424 8491 8808 8403 8408 8499 8285 8473 7855 8461 8575 8550 8404 8790 8554 7955 8685 7942 8418 8284 8105 8821 8081 8649 8089 8373 8122 8449 8507 8247 8653 9055 8552 8724 8258 8451 8471 8847 8339 8480 8283 8544 8360 8641 8293 8723 8026 8140 8333 8544 8646 9097 8413 8469 8823 8472 8096 8228 8243 8161 8869 8043 8574 8394 8417 8260 8431 8632 8497 8677 8315 8216 8825 8147 8439 8359 8591 8217 8926 7570 8387 8232 8480 8433 8687 8568 8265 8592 8241 8756 8492 8349 8210 8618 8402 8526 8302 8407 8438 8167 7960 8313 8753 8032 8380 9110 8442 8396 8405 8525 7901 8084 8137 8268 8254 8578 8326 8230 8338 8269 8205 8428 8422 8689 8294 8519 8235 7942 8625 8225 8580 8049 8233 8315 8698 8248 8541 8364 8697 8635 8401 7919 7669
8019 7968 7745 7542 8104 7941 7594 7091 7574 7945 8025 7719 7825 7572 7719 7371 8149 7326 7595 7765 8212 7334 7834 8211 7808 7699 7633 7829 7916 7863 7284 7527 7797 7811 7248 7687 7493 7938 7390 7945 7510 7756 7493 8215 7474 8067 7795 7767 7679 7699 7468 7734 8122 8078 7979 7743 8381 7739 8055 8158 7906 7516 8154 8191 7369 7953 7808 8084 8088 7699 8166 7840 7977 7760 7520 8245 7734 7677 7716 7645 7682 8067 8010 7202 7985 7926 7710 7425 8286 7961 7916 7634 7361 7543 8188 7914 7918 8453 8088 7773 7596 7654 7733 8053 7704 7364 7716 7609 7596 7738 7350 7514 7646 8268 7708 7430 7942 8200 7631 7858 8044 7359 7243 7807 7861 7671 7493 8044 8336 7826 8270 7821 7592 7535 7797 7247 7445 7544 7643 7489 7935 7937 7750 8239 7786 8182 7880 7640 7399 7686 8365 7179 7928 7284 7699 7889 7985 8438 8005 8026 8041 8073 7560 7698 7961 7842 7389 7371 7978 7564 7994 8092 7337 7998 7672 7715 7824 7274 7618 7504 7979 7865 7983 7967 7468 7820 7779 8051 7920 8036 7271 7646 7482 7984 7578 7666 7744 8220 7322 8011 7757 7678 7356 7686 7913 7819 7888 7870 7687 7929 7621 7675 7295 7775 7709 7681 7661 7708 7380 7698 7530 7949 7574 7698 8391 7930 7638 7794 7988 7294 7662 7828 7479 8129 7299 7561 7984 7836 7804 7839 8310 7632 8053 7516 7941 7868 8000 7887 7413 7898 7762 7454 7384 8379 7346 7518 7575 7999 7882 8236 7579 7926 7703 7610 7409 7360 7764 7759 7575 7507 7856 7836 7373 7996 7064 8002 8095 7483 7726 7300 7885 7407 7854 7582 7931 7682 7411 7668 8046 7876 7854 8135 8141 7965 7981 7228 7504 7759 7879 7638 8249 7670 8133 7553 7856 7794 7752 7993 8320 7666 7855 8091 7664 7682 7692 7419 7478 7720 7464 8013 7740 7868 7170 7478 7978 7850 7794 7760 7484 7974 7545 7556 7741 7627 7594 7678 7120 7683 7466 7781 7827 7961 7857 7555 7997 7580 7980 8115 8042 7788 7925 7631 7447 7786 7677 7571 7703 7457 7671 7839 7251 7561 8212 7783 7534 7922 7826 7434 7685 7832 7604 7719 7394 7784 7507 7907 7579 7591 7760 7904 8079 7702 7321 7992 7278 7953 7521 7674 7296 7450 7416 8011 7546 8052 7722 7941 7899 7737 7602 7199
8262 8565 8464 8207 8471 8792 8362 7860 7907 8867 8292 8123 8254 8391 8175 8504 8658 7934 8335 8716 8411 7725 8548 8787 8762 8063 7803 8214 8716 8797 8076 8085 8169 8039 7854 8165 7656 8631 8188 7547 7569 8483 8025 8628 8651 8482 8497 8465 7999 8288 7879 8251 9107 8400 8435 8331 9066 8132 8658 8539 8335 8125 8730 8771 8027 8196 8458 8645 8862 8269 8523 8213 8449 8218 7754 8497 8001 8301 8143 8113 8152 8455 8304 7795 8205 8303 8038 8268 8579 8474 8414 7878 8469 8069 8446 8556 8385 8837 8434 8065 8445 8143 8259 8185 8469 7489 7977 8110 8241 8283 7722 7909 8164 8658 7925 7641 8208 8704 8235 8664 8105 8061 7564 8104 8451 8344 7725 8677 8748 7997 8549 8251 8197 8255 8366 8120 7835 8246 8210 8316 8566 7950 8104 8383 8415 8668 8303 8167 8308 8437 8710 8162 8573 7869 8518 8199 8276 8963 8640 7999 8434 8356 8228 8176 8500 8327 8255 8105 8960 8281 8002 8817 8436 8557 8270 8159 8166 8086 7753 8289 8089 8307 8605 8574 7929 8486 7989 8384 8327 8629 7813 8033 8060 8443 7945 8208 8411 8383 8028 8554 8228 8410 8683 8270 8352 8604 8229 8287 8633 8562 8448 7751 7354 8043 8284 8589 8037 8449 7709 8348 8182 8446 8029 8339 8866 8457 8636 8102 8382 7849 8735 8202 7882 8912 8121 7858 8228 8580 8603 8734 8461 7922 8519 8082 8487 8722 8645 8181 8059 8517 8353 8320 7778 8724 8334 8066 8160 8602 8212 8308 8263 8185 8303 8327 8357 8325 8175 8517 8013 8772 8621 8249 7902 8421 7524 8481 8325 8011 8498 7736 8779 8133 8133 7668 8183 8391 7836 8161 8766 8384 8514 8129 8751 8576 8610 7813 8678 8142 8438 8256 8496 7905 8789 7921 8651 8550 8403 7960 8860 8330 7987 8343 8135 7967 8184 8131 8088 8555 8302 8435 8178 8163 7607 8433 8589 8118 8494 8000 7964 8563 8147 7956 8285 8176 8379 8538 7613 7807 8214 8103 8434 8568 8659 8454 8184 8047 8233 8210 8539 8449 8355 8167 7975 8388 8026 8433 8381 7905 8211 8360 7981 8372 8758 8154 8151 8371 8282 7507 8464 8290 8370 8584 8355 8155 8478 8509 7956 7900 8095 8304 8579 8210 8322 8567 7705 8399 8471 8335 7942 8053 7711 8631 8066 8382 8315 8413 8725 8044 8191 7867
8194 8299 8378 8326 8351 9007 7916 7989 7879 8875 8238 8180 8165 8473 8180 8254 8687 7860 7794 8486 8438 7915 8389 8353 8259 8114 7883 8128 8493 8459 7934 8140 8568 8195 7583 8104 8004 8084 8256 8149 8018 8377 7775 8587 8215 8271 8467 7986 7827 8221 7610 7964 8622 8678 8480 8376 9037 8009 8802 8114 8395 8475 8410 8360 7957 8192 8325 7968 8312 8130 8455 7854 8074 7894 8032 8378 8062 8413 8250 8055 8237 8430 8314 7518 8381 8131 8118 7962 8507 8306 8605 7551 8036 7577 8302 8389 8093 8549 8917 8089 8874 7915 8179 8381 8097 7338 8198 7995 7921 8180 7722 8059 8141 8845 8088 7714 8142 8498 8301 8467 8280 7882 7869 7842 8358 7765 7838 8592 8781 8243 8681 8184 8237 8075 8485 7993 7735 8000 8195 7454 8347 8376 8047 8500 8177 8444 8234 8067 8032 8004 8547 7669 8683 7740 8150 7951 8153 8656 8185 8108 8371 8270 8333 8270 8423 8262 8082 7756 8633 7597 8169 8584 8190 8075 8115 8180 8192 7775 8046 8394 8157 8148 8121 8415 8001 8889 7676 8406 8538 8604 7583 7985 7910 8460 7709 8108 8090 8240 7706 8438 8018 8484 8181 8099 8015 8130 8287 8035 8360 8462 8243 7798 7419 7994 8564 8366 7728 8369 7899 8105 8110 8496 8223 8159 8587 8280 8227 8384 8442 7872 8355 8032 7755 8318 8360 7957 8427 8505 8428 8265 8685 7659 8523 7873 8831 8360 8079 8143 7893 8241 8380 7875 7800 8740 8223 7961 7888 8290 7844 8316 8001 8297 7829 8278 8236 8177 7886 7996 8412 8418 8383 8182 8121 8133 7838 8183 8229 7879 8302 7671 8219 8227 8237 7601 8256 8310 8057 8420 8740 8293 8247 8314 8354 8437 7901 7585 8222 8391 8210 8061 8573 8025 8537 7960 8276 8303 8175 8576 8807 8659 7865 8674 8137 8238 7782 8067 7982 8790 8028 8317 8182 8297 7759 8126 8200 8137 8493 7866 8041 8175 7869 7992 8330 8018 7955 8358 6728 8016 7942 8175 7982 8553 8237 8569 7847 8100 8465 8335 8284 8172 8337 7770 8014 8088 8107 8552 8105 8011 7890 8195 7934 8183 8813 8011 8111 8431 8174 7359 8532 8337 8308 8269 8154 8046 8386 8470 7976 8090 7747 7899 8497 7926 8322 8133 7499 8453 8068 8030 7969 7906 7766 8125 8086 8236 8138 8667 8427 8225 7982 7795
7949 7561 7604 7639 7974 7700 7597 6791 7479 7964 7864 7412 7824 7449 7287 7721 7832 7222 7113 7972 7807 7364 7752 7622 7798 7479 7445 7405 7958 7954 7088 7493 7184 7663 7016 7247 7267 7776 7770 7434 6854 7403 7175 8270 7758 7697 7778 7363 7063 7859 7414 7555 7885 7861 7805 7638 8405 7727 7549 7654 7484 7416 7612 7891 7456 7515 7927 7723 7667 7656 7816 7372 7592 7729 7371 7969 7524 7096 7736 7488 7521 7782 7948 7100 7607 7648 7773 7741 7971 7632 7767 7405 7658 7686 7920 7710 7432 7990 7899 7238 7837 7665 7571 7849 7815 7113 7673 7169 7658 7724 7014 7465 7587 7973 7483 7202 7798 7479 7594 7926 7401 7217 7032 7349 7799 7638 7265 7756 7635 7689 7691 7605 7811 7604 7522 7300 6730 7715 7648 7497 7387 7496 7285 7503 7637 7879 7699 7604 7784 7380 7897 7289 7765 7238 7287 7540 7424 8140 7870 7250 7788 7606 7602 7860 7806 7911 7078 7505 7963 7184 7747 7538 7441 7828 7409 7655 7748 7210 7379 7831 7477 7361 7659 7853 7294 8153 7196 7638 8021 8042 7250 7352 7204 7681 7354 7734 7421 7642 7129 7745 7447 7454 7686 7490 7468 7223 7616 7311 7736 7629 7503 7206 6894 7404 7490 7373 7389 7402 7105 7646 7345 7909 7707 7696 8062 7845 7733 7578 7791 7058 7943 7426 7319 7931 7483 7651 7752 7628 7655 8208 7820 7268 8401 7184 7514 7955 7888 7559 7378 7905 7614 7368 7396 8258 7452 7724 7600 7638 7236 7938 7413 7480 7476 7534 7552 6971 7647 7553 7360 7609 7867 7775 7476 7764 6760 7995 7830 7397 7834 7081 7921 7342 7768 7144 7639 7294 7364 7814 8248 7656 7931 7622 7962 7580 7812 7275 7577 7812 7397 7591 7553 7436 7818 7652 7505 7959 7709 7794 8164 7582 7651 7725 7337 7152 7400 7303 7575 8007 7167 7940 7620 7725 7102 7847 7553 7738 7660 7601 7378 7909 7151 7559 7759 7540 7699 7817 6644 7222 7469 7357 7400 7833 7879 7693 7422 7365 7487 7477 8090 7688 7738 7493 7485 7671 7522 7336 7451 7337 7095 7672 7218 7847 8033 7388 7723 7458 6907 6880 7383 7667 7517 7763 7555 7327 7319 7953 7295 7560 7477 7453 8064 7480 7398 7896 7209 7854 7272 7752 7379 7411 7306 7821 7491 7487 7654 7703 7783 7563 7375 7206
8241 8387 8305 8015 8945 8952 7971 7732 7932 8492 8495 8051 8244 8655 8209 8545 8496 7792 7894 8411 8545 7973 8700 8477 8281 8237 7849 8334 8287 8480 8169 8630 8331 8195 7742 8048 7862 8442 8225 8037 7640 8325 7524 8738 8303 8648 8131 8362 8121 8314 8069 8466 8893 8416 8671 8551 8888 8424 8561 8773 8547 8372 8285 8921 8213 8405 8137 8009 8710 8288 8860 8472 8062 7995 7999 8671 8120 7982 8476 8100 8073 8487 7974 7717 8247 8456 8481 8142 8825 8157 8499 8007 8182 7780 8372 8556 8363 8802 8683 8105 8915 7906 8061 8356 8376 7491 8316 7700 8252 8178 7813 8007 8016 8777 7797 7665 8565 8510 8223 8095 8238 8074 7315 7945 7993 8045 7911 8915 9010 8290 8780 8341 7973 8406 8399 7687 7816 8342 8016 7926 8732 8248 7924 8150 8122 8450 8390 8080 8050 8134 8876 7574 8512 7691 8487 8340 8259 8856 8648 8078 8814 8351 8137 8126 8549 8610 8140 8009 8598 8117 8480 8730 8281 8225 8106 8391 8126 7901 7869 8662 8033 7851 8537 8722 8179 8584 8276 8406 8551 8798 7582 8070 7874 8548 7979 8241 8398 8529 8178 8581 8323 8377 8216 8108 8276 8156 8227 8247 8720 8496 8470 7771 7509 8216 8331 8169 8060 8356 7994 8181 8124 8728 8385 7964 9030 8278 8513 8450 8545 7861 8320 7962 7681 8802 8244 7880 8789 8176 8473 8392 8564 7957 8356 7769 8696 8282 8658 8164 8082 8509 8358 8058 7940 8950 8008 8151 8337 8426 8266 8428 8340 8091 8243 8415 8455 8061 8414 8279 8417 8458 8737 8024 8407 8484 7772 8424 8265 8468 8451 7794 8594 8024 8216 7907 8318 8115 8300 8372 8492 8203 8507 8450 8406 8149 8362 7963 8596 8718 8386 8015 8802 7953 8625 7988 8490 8633 8267 8513 8672 8184 8535 8555 8104 7910 8159 7849 7871 8293 7701 8583 8120 8327 8071 8366 8205 8250 8690 8224 8102 8499 7775 8217 8252 7902 8195 8592 7478 8025 8006 8665 8450 8401 8467 8043 8539 8028 8243 8083 8244 8208 8318 8426 7874 8307 8396 8111 7682 8053 8021 8776 7950 8252 8491 8223 8055 8525 8094 7335 8365 8026 8335 8686 8023 8270 8100 8430 8426 8440 8248 8203 8583 8019 7893 8588 8153 8472 8222 8203 7848 8058 7872 8717 8118 8554 8044 8729 8121 8322 7842 7876
8544 8219 8624 8139 8677 8830 8136 7622 8041 8829 8497 8516 8456 8948 8164 8488 8808 7800 8034 8630 8680 7989 8574 8503 8633 8187 7873 8217 8505 8468 7752 8172 8382 8185 7680 7992 7997 8367 8399 8201 7794 8557 7801 8912 8332 8979 8270 8289 8159 8433 8175 8453 8662 8483 8546 8224 8968 8300 8613 8452 8453 8363 8590 8654 8250 8448 8569 8441 8755 7895 8716 8316 8384 7914 7872 8599 8073 8234 8298 8446 7873 8764 8359 7872 8304 8347 8469 8103 8905 8373 8426 8129 8258 8120 8745 8478 8101 8737 8747 8329 8297 8040 8274 8421 8752 7604 8198 8109 8321 8676 7658 8171 7895 8553 8080 7825 8485 8738 8376 8749 8151 7980 7477 8208 8399 8187 8176 9065 8560 8069 8581 8579 8335 8258 8502 7903 7649 8112 8168 8016 8461 8258 8372 8749 8234 8861 7969 8166 8554 8071 8854 8023 8777 7881 8551 8295 8331 8806 8457 8174 8748 8406 8053 8311 8352 8466 8455 7934 8347 8252 8263 8571 8448 8139 8156 8004 8477 8447 8073 8500 8414 8284 8606 8873 8249 8653 7938 8460 8633 8727 8030 8154 7975 8364 7916 8542 8394 8315 7839 8277 8182 8389 8439 8270 8006 8323 8366 8461 8458 8508 8395 8036 7636 8337 8568 8541 8131 8536 8244 8310 8102 8543 8441 8276 8625 8628 8299 8315 8467 8114 8491 7745 7813 8640 8180 7968 8240 8553 8530 8766 8736 7826 8060 8135 8726 8791 8228 8507 8102 8493 8373 8056 7897 9159 8262 8385 8392 8646 8207 8713 8363 8498 8458 8343 8147 8300 8149 8419 8077 8545 8627 8406 8049 8291 7522 8479 8202 8145 8409 7836 8548 8187 8352 8046 8252 8085 8004 8462 9007 8387 8389 8494 8562 8492 8684 7994 8248 8403 8578 8274 8465 7852 8706 8120 8336 8305 8239 8521 9093 8236 8167 8604 8261 8323 8006 8113 8044 8567 8019 8662 8158 8203 7812 8592 8216 8299 8359 8393 8065 8476 8150 8127 8397 8142 8252 8614 7575 8401 8321 8668 8438 8594 8808 8346 8120 8251 8322 8319 8555 8239 8502 8081 8255 8126 8257 8473 8031 8128 8249 8407 8105 8212 8514 7779 7964 8450 8096 7606 8550 8337 8506 8882 8288 8240 8186 8111 8126 8364 8132 8578 8868 8259 8156 8415 8170 8513 8475 8322 8206 8269 8013 8893 8335 8610 8283 8520 8677 8003 7946 7848
8259 8105 7725 7693 8142 8343 7933 7284 8053 8724 8003 8106 8142 8134 7727 8155 8565 7498 7692 8190 8340 7448 7980 8003 7947 7744 7734 7977 8325 8098 7351 8097 8027 7764 7457 7544 7654 8103 7783 7770 7616 8060 7501 8215 8111 7923 8493 8034 7582 8251 7501 7930 8441 7903 7849 8376 8480 8095 8563 7958 8235 8097 8180 8224 7823 8146 8395 7970 8489 7635 8245 8112 8134 7714 8016 8133 7967 7884 8131 7846 7933 7983 7919 7448 8002 7804 8172 7685 8516 7946 8246 7560 8169 7570 8449 8321 7935 8205 8446 8211 8091 8175 7661 8242 8238 7395 8081 7731 7945 8237 7518 7794 8092 8276 8104 7151 8164 8058 7899 8227 7983 7473 7298 8109 7726 7988 7466 8584 8353 7774 8119 8091 8110 7963 8361 7613 7257 7731 7869 7605 8071 7751 8075 8171 7991 8086 7972 8218 7537 7681 8487 7426 8237 7551 7882 8027 7888 8549 8028 7824 8330 7948 7547 8075 8353 7936 7962 7785 8360 7542 7988 8219 7530 7876 7897 7754 8075 7608 7877 8015 8045 7970 8243 8296 7658 8138 7564 7802 8132 7972 7482 8040 7815 8187 7531 8137 7705 8155 7719 8113 7974 7884 7874 7640 7650 8004 8286 7962 8159 8109 8148 7442 7500 7853 7924 7980 7911 8361 7711 7892 7776 7952 7786 7879 8726 8020 7953 7943 8270 7531 8337 7888 7713 8377 7596 7724 7769 8633 7992 8311 8565 7702 8337 7795 8451 8097 8067 7877 7791 8094 7855 7773 7699 8577 7766 7902 7766 8073 7950 8317 7951 7876 8019 8176 8063 8164 7603 8176 7715 8047 8467 8188 7768 8082 7109 7772 7611 7789 8280 7606 8174 7788 8251 7736 8349 8008 7997 8143 8407 7874 7942 7935 8395 8256 8107 7724 7997 7838 7930 8151 8429 7916 8517 7600 8389 8247 7948 7774 8283 8086 8007 7990 7621 7692 7750 7956 7543 8441 7760 8414 8126 7888 7419 8023 7916 7952 8091 7764 7279 8278 7803 7832 7970 7857 8017 8177 7216 7682 7851 7975 7765 8332 8190 8025 8202 7868 7910 8216 8137 7845 8177 8042 7732 8417 7580 7890 7875 7580 7822 8040 7486 7545 8262 7766 7838 8216 8165 7662 8108 7756 8077 8165 7900 7659 8158 7969 7937 7812 7857 7923 8391 7654 7583 8007 7534 8212 7823 7884 7636 7895 7764 8389 7920 8166 7827 8234 8201 7891 7887 7287
8580 8681 8388 8177 8592 8969 8315 7925 8226 8967 8586 8029 8588 8359 8398 8246 8895 7920 8247 8504 9058 8085 8674 8952 8607 8224 8309 8332 8552 8904 7760 8416 8192 8240 8037 8237 8134 8437 8733 8320 7866 8462 8095 9010 8544 8392 8507 8546 8481 8769 8039 8530 8728 8866 8668 8753 8815 8371 8840 8844 8405 8459 8450 8453 8499 8236 8664 8340 8639 8254 8799 8637 8630 8292 8010 8570 8768 8252 8149 8478 8453 8785 8588 8175 8640 8468 8494 8451 8988 8551 8326 8400 8587 8062 8636 8609 8523 8931 8765 8088 8776 8350 8385 8472 8448 8037 8238 8235 8909 8467 8152 8492 8301 8906 8276 7889 8808 8930 8615 8780 8269 8363 7928 7943 8510 8199 7969 9139 8979 8142 8653 8512 8493 8362 8640 8226 7783 8246 8293 8112 8532 8557 8519 8915 8636 8780 8459 8296 8273 8028 8969 7960 9047 7801 8384 8332 8506 9139 8720 8219 8954 8806 8351 8382 8594 8246 8705 8196 8681 8420 8580 8428 8359 8456 8256 8294 8519 8322 8410 8434 8351 8638 8622 8767 8381 8837 7948 8545 8653 8666 7932 8288 8096 8403 8030 8445 8153 8841 7912 8726 8059 8187 8192 8393 8133 8518 8364 8441 8354 8668 8557 8187 7689 8593 8187 8752 8116 8562 7847 8396 8406 8472 8368 8235 8936 8668 8396 8579 8516 8065 8731 8142 8171 9003 8318 8204 8768 8960 8633 8868 9047 8157 8879 8305 8978 8678 8675 8438 8097 8564 8266 8073 8214 9228 8250 8055 8316 8509 8307 8928 8426 8476 8213 8250 8426 8262 8238 8685 8305 8816 8619 8236 8095 8679 7559 8726 8445 8179 8727 7653 8700 8294 8469 7746 8436 8796 8360 8744 8960 8602 8621 8604 8795 8737 8705 8002 8452 8494 8809 8762 8755 8601 8921 8218 8210 8771 8415 8405 8972 8461 8315 8571 8721 8078 8372 8403 7878 8882 8462 8933 8442 8477 8002 8367 8393 8421 8471 8389 8204 8629 8016 8137 8422 8585 8247 8893 7571 8076 8122 8375 8529 8520 8712 8489 8706 8155 8826 8447 8389 8521 8649 8195 8570 8460 8520 8447 7947 8180 8286 8343 8161 8306 8851 8702 8231 8561 8417 8085 8445 8353 8388 8857 8423 8412 8190 8276 8292 8485 8491 8592 8973 8213 8257 8525 8189 8944 8204 8494 8245 8275 8403 8804 8048 8542 8508 8497 8607 8329 7865 7785
7938 7694 7669 7567 7727 8385 7648 7125 7841 8299 7672 7595 7891 7888 7586 7660 8098 7344 7718 8270 8287 7272 7928 7919 8112 7646 7734 7459 8383 8077 7305 7718 7773 7574 7533 7506 7431 8097 7712 7798 7217 7836 7540 8355 8027 7962 8014 7761 7746 7676 7452 7699 8227 7951 8198 7924 8278 7485 8055 7963 7691 7608 8077 7838 7541 7745 8063 7694 7830 7565 8214 7748 7681 7623 7593 8001 7716 7567 7595 7768 7725 7829 7905 7620 7630 7596 7921 7649 8207 7980 7934 7598 7674 7593 7887 7738 7652 8266 7928 7425 8042 7672 7395 7920 7921 7198 7617 7751 7846 7451 7250 7713 7687 7975 7444 7363 7870 7709 7517 7842 7744 7658 7215 7803 7546 7519 7386 8242 8017 7161 8345 7877 7825 7753 8064 7294 6990 7517 8045 7482 7584 7817 7709 8063 7160 8125 8036 7597 7801 8009 8016 7363 7952 7487 7641 8133 7806 8191 7999 7645 8218 7687 7573 7883 8074 7756 7749 7319 7893 7578 7813 7934 7424 7675 7792 7594 7527 7313 7565 7627 7824 7940 7646 8146 7619 8275 7593 7719 8180 8253 7035 7798 7061 7724 7211 7869 7699 8226 7375 8086 7685 7935 7549 7724 7555 7659 7845 7868 8126 7607 7578 7296 7216 7743 7801 7807 7752 7908 7412 7874 8035 7921 7433 7554 8116 7838 8079 7763 7709 7344 8085 7262 7543 8448 7753 7813 7951 7879 8131 7906 8022 7464 7915 7762 8094 7960 7988 7782 7620 7960 7447 7497 7416 8497 7777 7689 7492 7774 7600 8170 7565 8123 7848 7794 7983 7510 7798 8143 7573 7991 8046 7913 7490 7661 6977 7972 7386 7685 7834 7570 7861 7849 7958 7483 7836 7709 7754 7760 8395 7902 7920 7683 8171 8062 7696 7670 8119 7512 7813 8006 8173 7754 8357 7197 7814 7990 7650 7900 8316 7668 7800 8058 7645 7492 7280 7516 7560 8166 7510 8017 7646 7767 7424 8021 7787 7731 8067 7528 7314 8077 7451 7700 7821 7776 7398 8085 7100 7618 7446 7782 8158 8137 7950 7944 7705 7810 7803 7870 7824 7956 7771 7735 7503 7942 7534 7846 7685 7242 7420 7658 7325 7428 8162 7876 7739 7758 7813 7411 7804 7622 7607 7928 7881 7667 7512 7732 7680 7485 7767 8060 8139 7562 7554 7652 7600 8137 7835 7795 7634 7499 7465 7713 7412 7851 7575 8291 8099 7641 7474 6767
8439 8172 8127 7954 8350 8549 8190 7560 8207 8523 8233 7928 8245 8138 7778 8392 8498 7779 7842 8516 8304 7871 8087 7826 7828 8372 7802 7967 8421 8136 7983 8107 8065 8083 7465 8039 7728 8229 8211 7907 7840 8092 7793 8801 8085 8451 8383 7748 7910 7944 7408 8519 8188 8130 8271 8108 9037 8139 8429 8534 8172 8104 8596 8600 7831 8059 8202 7685 8538 7770 8505 7855 7977 7975 7598 8169 8145 8021 8148 7902 8134 8394 8378 7945 8064 7903 8030 8229 8198 8258 8364 7750 8099 8029 8336 8583 8037 8399 8325 8192 8234 7923 8165 8282 8483 7609 7868 7690 8138 8209 7937 7953 7761 8395 8041 7546 8090 8320 8027 8337 8354 7559 7654 7835 8123 7943 8002 8769 8128 8200 8440 8131 8196 8028 8119 7725 7565 8092 8107 8129 8417 7988 7994 8179 8171 8473 7962 7950 7745 8048 8663 7792 8125 7893 8184 8221 7939 8501 8143 7719 8448 8392 8169 8065 8111 8246 8211 7643 8498 7792 8139 8180 8085 8274 8052 8173 8214 7848 7597 8419 8048 8000 8227 8647 7974 8273 8045 7763 8423 8303 7609 8124 7952 8418 7491 8092 7863 8192 7970 8360 8178 7882 8421 8107 8055 8172 8001 8041 8307 8349 8315 7560 7197 8340 8408 8289 7823 8355 7685 8141 8029 7913 8118 7829 8904 7987 8228 8074 8049 7813 8107 7872 8019 8540 7956 8101 8003 8197 8635 8532 8510 7804 8286 8015 8574 8140 8037 8086 7861 8292 7851 7850 7651 8579 7775 7932 8020 8281 8057 8323 7866 8126 8188 8067 8191 7686 7842 8264 8256 8152 8327 8156 7585 7843 7487 8295 8460 8098 8395 7571 8334 8014 8232 7665 8471 8025 7876 7927 8395 8281 8247 8417 8389 8148 8503 7711 8195 8195 7936 7834 8298 7828 8654 7685 8249 8249 8252 8319 8590 8136 8038 8342 8016 7969 8003 7412 7908 8645 8002 8480 8029 8170 7377 8321 7802 8186 8264 7982 7709 8234 8029 8103 8277 7917 7816 8378 7473 8154 7830 7944 8379 8041 8373 8082 8176 8114 8055 8424 8004 8201 8654 8006 7996 8070 7536 7822 7928 7911 7999 8176 7816 8308 8947 8190 7807 8212 7996 7305 8102 8175 8227 8122 8010 7826 8297 8351 8100 7937 7780 8152 8412 8073 7943 8271 7716 8257 7838 8192 7792 7939 8025 8384 7621 8393 8149 8115 8528 8047 7637 7651
8219 8337 8152 7512 8093 8243 7872 7604 7997 8417 7620 7497 8182 8240 7892 8305 8489 7968 7699 8155 8390 7651 8302 8287 8257 8021 7857 8232 8096 8471 7529 8177 7877 7779 7616 7831 7401 8349 8318 7893 7660 8324 7701 8230 8056 8389 7966 8164 7902 7938 7435 8037 8317 8238 8185 8135 8569 8251 8562 8422 8245 7934 8079 8329 8036 7895 8084 8035 8450 7815 8597 8294 7593 7964 7828 7980 8170 7711 8128 8084 7874 8358 8038 7684 7911 7997 8111 7689 8337 7868 8103 7559 8174 7534 7953 8058 8015 8733 8356 8005 8243 8306 8169 8337 8088 7173 7685 8039 7841 8082 7962 7996 7890 8643 7854 7350 8258 8256 8261 8333 8253 7601 7546 7609 7969 7872 7653 8668 8556 7744 8361 8293 8037 8097 8195 7671 7583 8182 7882 7929 7991 8044 8001 8033 7815 8244 8049 8122 7963 8033 8595 7627 8491 7778 8335 7923 8029 8564 8315 7893 8499 7937 7804 8200 8292 8143 7878 7834 8164 7791 8165 7967 7782 8196 7994 7843 8250 7841 7718 7778 7841 8021 8092 8561 7807 8375 7502 7810 8536 8447 7364 8081 7622 8396 7365 7973 8029 8164 7735 8230 7597 7965 7990 7757 7856 8174 8208 7880 8107 8410 7895 7400 7352 7915 8202 8281 7808 7859 7831 8095 7437 8020 7909 8147 8531 8303 8079 7778 7955 7680 8097 7610 7400 8500 7938 7855 8052 8407 8301 8436 8231 8003 8388 7627 8257 8360 8240 8124 8053 8046 7825 7736 8057 8838 7797 8022 7556 8167 7939 8116 8004 7624 7792 8177 7958 7903 7670 8019 7692 8437 7898 8322 7741 7968 7156 7614 7990 7763 8299 7400 8257 7830 7976 7619 7938 8174 8068 8229 8516 7855 7924 8071 8123 7859 8107 7780 7731 7852 8210 8207 8123 7853 8388 7822 7856 8144 8109 8154 8704 7956 8272 8398 7619 7921 8113 7690 7767 8260 7865 8240 8091 8349 7564 7994 8021 7860 8101 7852 7838 8278 7764 7633 8141 7941 7565 8374 7276 7798 7783 8205 7937 8141 8620 8064 8098 7816 8213 7887 8113 8107 8424 7803 7774 7928 7981 8152 7827 7770 7774 8371 7939 7807 8425 7960 7764 8224 8075 7300 8139 7976 7913 7820 8007 7771 7906 7997 7785 7768 7826 8034 8215 7986 7988 8328 7949 8580 7692 8007 7683 7740 7543 8692 7666 8101 8202 8148 8335 8147 7696 7461
8260 8228 8566 7966 8575 8582 8217 8107 8044 8746 8488 8524 8443 8425 8058 8353 8461 8078 8193 8629 8585 8133 8463 8218 8266 8185 8242 8546 8378 8760 7834 8411 8132 7972 8045 8464 8131 8587 8385 7848 7749 8458 8037 8880 8461 8699 8239 8069 8143 8513 7826 8543 8799 8724 8400 8482 8911 8224 8834 8621 8402 8064 8475 8845 8196 8350 8319 8302 8644 8081 8755 8624 8308 8242 7771 8216 8261 7872 8450 8351 8050 8501 8040 8131 8169 8552 8453 8409 8547 8184 8399 8051 8293 7934 8156 8647 8153 8777 8503 8242 8336 8486 7987 8415 8211 7929 8225 8122 8288 8391 8095 8172 8127 8748 8124 7456 8540 8490 8299 8601 8140 7786 7895 8176 8332 8148 7846 8675 8735 8062 8311 8478 8334 8403 8495 7936 7952 8371 8099 8032 8429 8334 8374 8487 8422 8385 8339 8112 8230 8071 8657 7599 8728 7804 8179 8344 8382 8690 8492 8108 8823 8373 8057 8371 8560 8421 8136 7757 8707 8048 8036 8500 8400 8668 8054 8344 8412 7956 7986 8140 8206 8049 8209 8397 7952 8401 8152 8287 8716 8599 7786 8340 7724 8335 7738 8438 8183 8364 8157 8459 8025 8311 8114 8249 7884 8271 8570 8616 8572 8772 8147 7909 7859 8372 8330 8374 8594 8358 7833 8248 8179 8248 8516 8225 8788 8300 8550 8297 8216 8017 8338 7803 7979 8890 8195 8183 8595 8804 8281 8673 8497 7984 8654 7979 8882 8678 8455 8118 8294 8606 8564 7991 8077 9171 8068 8504 8439 7864 8284 8462 7944 8171 8652 7994 8171 8353 7919 8139 8081 8545 8557 8618 8282 8493 7889 8533 8408 8136 8051 7680 8394 8122 8449 7683 8187 8254 7943 8618 8762 8547 8461 8162 8808 8352 8501 7909 8462 8196 8505 8374 8242 8345 8328 7739 8504 8527 8340 8541 8546 8344 8306 8646 8235 8061 8240 7879 8212 8446 7830 8567 8169 8308 8025 8414 8411 8094 8422 8443 8141 8319 7890 8225 8244 8355 8068 8426 7451 8024 8271 8414 8617 8606 8349 8143 7996 8313 8146 8078 8354 8406 8771 8041 8138 8045 8281 8193 8128 7958 8216 8531 8103 8198 9065 8575 8079 8309 8203 7746 8178 8076 8222 8352 8472 8416 8542 8295 8392 8328 8502 8300 8619 8061 8064 8732 7920 8376 8215 8350 8245 8266 7937 8701 7793 8472 8374 8438 8552 8390 7788 7901
7627 7824 7532 7647 7470 8096 7554 7018 7253 8076 7858 7523 7647 7902 7804 7627 7927 7231 7490 7861 8221 7318 7898 7862 7694 7229 7399 7393 7868 7955 7081 7576 7365 7752 7558 7412 7617 8135 7842 7743 7140 7333 7135 8479 7554 7600 8036 7752 7246 7626 7212 7462 7898 8008 7987 7966 8350 7510 7854 7754 7588 7515 7732 7891 7418 7104 7742 7416 7847 7720 7792 7679 8020 7667 7113 7631 7486 7536 7454 7422 7636 7809 7974 7246 7700 7591 7643 7609 7902 7811 7913 7243 7792 7317 7652 7978 7535 8108 7640 7430 8118 7539 7352 7539 7634 7067 7360 7415 7654 7520 7262 7576 7335 8000 7552 7344 7862 8019 7363 7738 7507 7389 7018 7421 7693 7446 7078 8213 8099 7410 7829 7730 7390 7710 7856 7546 7176 7407 7674 7746 7755 7583 7643 7960 7515 7802 7779 7623 7598 7803 8413 7139 7931 7275 7900 7763 7578 8244 7883 7419 8026 8090 7842 7309 8055 7959 7758 7631 7928 7743 7743 7935 7630 7466 7244 7721 7663 7205 7310 7576 7683 7341 7794 7901 7695 8165 7287 7645 7874 8596 7340 7671 7180 7690 7340 7758 7417 7958 7099 7620 7579 7465 7313 7600 7882 7869 7574 7461 7345 8033 7647 7113 7136 7520 7707 7738 7530 7972 7417 7845 7193 7880 7302 7548 8298 7616 7453 7794 8090 7092 7806 7509 7198 7891 7594 7523 7859 7893 7775 8152 8061 7150 7906 7511 7946 7692 8073 7590 7380 7781 7501 7466 7557 8249 7625 7480 7476 7677 7404 7810 7353 7706 7615 7600 7629 7398 7533 8041 7586 7718 7983 7824 7484 7558 6970 7822 7342 7337 8051 7118 8096 7568 7580 6842 7562 7852 7560 7719 8057 7929 7771 7638 7754 7779 7954 7176 7889 7964 7820 7597 7834 7448 7873 7152 7756 7766 7634 7685 7827 7502 7563 7857 7397 7449 7635 7334 7439 7631 7530 7847 7509 7534 7361 7429 8122 7662 7915 7593 7161 7670 7133 7374 7658 7547 7516 8108 6915 7493 7773 7678 7779 7718 7831 7615 7941 7258 7504 7656 7302 7455 7637 7326 7521 7879 7196 7413 7466 7446 7334 8065 7246 7417 8075 7600 7630 7568 7230 6955 7748 7289 7475 7941 7788 7704 7466 7658 7081 7570 7648 7779 8061 7494 7397 7619 7577 7795 7514 7774 7510 7404 7557 7869 7523 7632 7322 7691 7948 7877 7616 7034
8433 8237 8341 8300 8672 8747 8240 7662 8131 8775 8193 8278 8480 8526 8449 8548 8601 7768 7864 8751 8705 8084 8551 8567 8211 8217 8209 8212 8621 8689 7921 8196 8099 8497 7885 8243 8259 8506 8540 8299 8179 8219 7943 9058 8232 8531 8450 8132 7802 8482 7778 8580 8488 8304 8667 8220 9035 8195 8613 8548 8440 8343 8741 8723 8167 8175 8657 8236 8495 8225 8464 8351 8140 8148 7825 8550 8365 8135 8163 8328 8223 8706 8533 7841 8172 8211 8178 8153 8590 8478 8458 8158 8302 8104 8786 8867 8218 8588 8314 8411 8475 8448 8171 8348 8647 7574 8175 7951 8330 8661 7895 8212 8259 8831 8131 7957 8508 8548 8552 8474 8244 8415 7566 8274 8685 8037 8053 8945 9026 8167 8449 8453 8395 8281 8452 8066 8037 8291 8345 8109 8167 8150 8359 8554 8148 8927 8175 8114 8309 8204 8641 7979 8567 7850 8579 8434 8390 8891 8443 7998 8878 8368 8196 8343 8481 8467 8114 7861 8794 7789 8524 8605 8324 8661 8247 7903 8185 8047 8075 8085 8498 8365 8447 8660 8093 8613 8194 8195 8713 8589 7920 8370 8091 8647 7944 8141 7983 8283 7949 8631 8238 8268 8305 8108 8234 8257 8208 8259 8145 8238 8377 7627 7657 8009 8336 8612 8013 8201 7827 8676 8172 8232 8358 8112 8893 8465 8239 8580 8526 8083 8420 7885 8085 8806 8136 8000 8389 8287 8589 8649 8844 8346 8565 8024 8766 8646 8708 8208 8162 8520 8505 8089 8132 8748 8055 8464 8171 8235 8009 8600 8125 8665 8280 8267 8518 7943 8360 8399 8217 8883 8354 8624 7946 8159 7619 8235 8404 8170 8388 7687 8530 7811 8461 7818 8406 8097 7854 8383 8729 8565 8325 8540 8281 8297 8395 8131 8213 8568 8283 8204 8734 7905 8709 8066 8297 8657 8516 8305 8836 8088 8572 8302 8318 7930 8365 8374 7864 8323 8270 8674 8024 8380 8028 8547 8356 8325 8631 8175 7974 8362 8018 8070 8476 8541 7939 8346 7571 7932 8004 8598 8227 8550 8438 8433 8571 8104 8818 8610 8785 8326 8580 8277 8260 8373 8357 8337 8458 7927 8179 8626 7899 8356 8766 8341 8202 8516 8499 7476 8350 8338 8357 8301 7983 8525 8231 8379 8084 8125 7959 8346 8764 8494 8140 8464 7985 8836 8158 8410 7845 8152 8220 8876 8365 8137 8497 8469 8493 8082 8503 7871
7828 8000 7846 7697 7868 8463 7527 7266 7721 8264 7498 7602 7843 8122 7681 7583 8245 7455 7578 8119 8265 7400 7981 7857 7897 7683 7436 7292 7792 8010 7234 7971 7662 7796 7459 7745 7495 8137 7769 7934 7176 7831 7405 8125 7746 7910 7851 7783 7589 7821 7221 7796 8007 7830 7838 8032 8608 8120 8205 8130 7820 7764 8063 7939 7467 7689 8107 7832 8153 7580 8356 7747 7997 7942 7508 7793 7642 7447 8011 7915 7637 7996 8097 7323 7704 7807 7757 7581 8011 7830 7917 7538 8093 7530 7933 7921 7706 8307 7796 7440 7974 7676 7711 7817 7800 7431 7846 7323 7850 7847 7509 7911 7692 8184 7526 7385 8196 8162 8044 7738 7905 7833 7001 7560 7793 7616 7477 8322 8219 7714 8166 8214 7819 7583 7742 7300 7378 7569 7599 7752 7813 7687 7980 8066 7954 8199 7872 7822 7773 7746 8317 7564 8060 7345 7849 8128 7877 8533 7982 7818 8258 8089 7829 7824 7941 7857 7964 7556 8050 7581 7874 8020 8001 7569 7693 7970 7652 7633 7442 8064 7600 7926 7963 8017 7493 7963 7721 7884 8216 8184 7401 7835 7653 7982 7504 7404 7678 8201 7290 7758 7661 7709 7633 7298 7673 7885 7886 7640 7942 8029 7918 7405 7202 7833 7602 7602 7702 7957 7616 7604 7941 7650 8051 7702 8543 7856 7806 7998 7853 7505 8191 7656 7504 8170 7699 7524 8061 7954 7946 7786 8200 7450 7939 7896 8258 7991 7862 7775 7557 7826 7785 7504 7520 8384 7740 7842 7490 7613 7758 8004 7767 7951 7477 7699 7836 7267 7651 7928 7738 8047 8026 8050 7359 8034 7018 8217 7736 7905 8089 7067 8018 7399 7876 7294 7801 7906 7714 8018 8284 7720 7941 7997 8039 7931 8119 7522 8157 7676 7948 7786 8000 7779 8345 7418 7970 7857 7916 7613 8080 8039 7692 8136 7749 7605 7727 7584 7431 8189 8039 8340 7448 7805 7659 7689 7850 7893 7875 7548 7990 8402 7344 7442 7632 7876 7416 8198 7248 7388 7700 7787 7724 7800 8307 7534 7828 7289 8480 8189 7884 7523 8052 7685 7497 8158 7477 7749 7794 7586 7711 7775 7385 7909 7900 7709 7605 8052 7705 7258 7874 7801 7662 8096 7746 7843 7559 7927 7475 7590 7661 7826 8407 7543 7434 7925 7450 8097 7599 7714 7648 7675 7255 8282 7981 8041 7603 7882 8258 7676 7721 7101
8245 8047 8068 7853 8287 8214 7910 7322 7908 8552 7992 7970 8137 8161 7946 8012 8342 7853 8038 8225 8303 7694 8200 8328 7962 7920 8136 8296 8061 8073 7716 8140 8066 7886 7506 8011 7995 8314 8306 8110 7686 8156 7195 8434 8141 8243 8202 8127 7838 8013 7737 8351 8386 8149 8675 8135 8457 8057 8820 8477 7841 8110 7984 8379 7702 8097 8385 8121 8238 7822 8583 8327 7971 7791 7816 8379 7684 7666 8026 7796 7812 8185 8215 7506 8356 8052 8122 8176 8465 8274 8261 7588 8307 8132 8071 8322 7911 8706 8118 8101 8306 8206 7862 8146 8047 7379 7818 7969 7767 7938 7966 7828 7870 8757 8356 7532 8042 8246 7768 8242 8018 7614 7861 7890 8052 7682 7553 8765 8630 8074 8271 8302 7991 7964 8172 7746 7525 8096 7893 8083 8222 7963 7995 8323 7914 8218 8356 7822 8090 7784 8528 7805 8185 7447 8024 8049 8111 8421 8036 7979 8627 8202 7714 8121 8341 8196 8295 7464 8252 7781 8211 8363 7696 8302 8173 8084 8071 7932 8015 7894 8092 7989 7930 8300 7948 8209 7698 8226 8555 8653 7643 8024 7624 8122 7627 8126 8052 8022 7719 8478 7891 8067 7963 8114 8016 8200 8113 7984 8376 8214 8067 7510 7431 8095 8061 8244 8059 8274 7492 8417 7843 8042 8160 7800 8859 7850 7856 8379 8204 7976 8271 7494 7765 8599 8011 8002 8236 8354 8268 8705 8457 7641 8100 7829 8338 8587 8076 8085 7872 8433 7834 8023 7690 8846 7962 7877 7775 8018 7860 8492 7778 8352 7830 8092 7950 8027 8199 8208 7954 8339 8252 8101 7952 8042 7180 7817 8183 8035 8097 7416 8524 7653 8157 7965 7914 8287 7877 8326 8295 8148 8142 8061 8269 8053 8596 7603 8230 7842 8372 7962 8385 8020 8157 7783 8071 8344 8044 8021 8461 7727 8146 8223 7753 7930 8238 7958 7765 8320 7617 8296 8296 8133 7561 8175 7913 7942 8405 7736 7499 8417 7665 8148 7932 7919 7835 8277 7107 7721 7983 8054 8010 8369 8525 7790 8091 7860 8034 8234 8127 8316 8032 7986 7730 8198 7821 8107 7826 7716 8056 8014 7525 7984 8452 8117 7403 8053 8118 7325 7866 8078 8321 8025 7724 7730 8015 7915 7932 7834 7883 8037 8574 7920 7691 8543 7675 8452 7904 7689 7820 7787 7663 8518 7947 8078 7961 8063 8134 8063 7707 7165
8048 7752 7770 7745 7994 8386 8119 7444 7585 8163 7987 7930 8110 8003 7882 8057 8310 7715 7748 8007 8075 7489 8129 7824 7751 8000 7742 7733 8145 7821 7684 8066 7912 7808 7416 7577 7564 8054 8187 7848 7269 7715 7346 8276 7818 7992 8203 8184 7563 8036 7501 8108 8341 8143 8114 8369 8184 7829 8303 8245 8053 7818 8060 8050 7616 7665 8148 7670 8090 7767 8102 7595 7702 7496 7318 8149 8039 7999 7893 7811 7432 7820 8068 7483 7927 7936 8017 7437 8362 7541 7891 7493 7923 7763 8057 8279 7912 8003 8565 7698 8320 7925 8095 8000 8062 7306 7763 8017 7906 8046 7603 7590 7750 8102 7782 7469 8035 8501 7769 8225 7742 7779 7422 7606 7831 7460 7697 8272 8237 7823 8258 8088 7792 7793 7787 7671 7432 7838 7410 7730 8076 7978 8184 8204 7509 8180 8176 7856 7844 7764 8307 7563 7953 7350 8110 7619 7940 8217 8217 7800 8291 8255 7440 7743 8395 7780 7967 7697 8144 7533 7860 8025 7898 8085 7557 8072 7863 7596 7579 7884 7755 7622 8173 8229 7742 8028 7479 8067 7837 8293 7162 7989 7566 7964 7428 7803 7308 8441 7788 7889 7522 7848 7865 7691 7506 7746 7979 7869 7588 8077 7849 7304 7185 8252 8135 8010 7593 8043 7542 8014 7887 7726 8037 7771 8388 8102 7969 7636 7940 7377 7930 7651 7847 8436 7926 7708 8275 8045 8067 8202 8171 7535 7938 7629 8192 8285 7876 8002 7594 8051 7800 7629 7615 8866 7649 7767 7609 8194 7813 8033 7519 7906 7904 7715 7819 7736 7769 7977 7661 7901 8220 7939 7589 7907 7277 8272 7882 7778 7904 7160 8130 7865 7763 7729 8131 7972 7626 7674 8434 8110 7813 7879 8240 8008 7594 7347 8065 8055 7702 7892 8273 8053 8115 7631 8072 8214 7945 7995 8549 7906 7918 7505 7931 7642 7435 7586 7916 8294 7759 8166 7750 7788 7349 7939 8171 7649 7637 7714 7692 8344 7175 7491 7649 7921 7668 8281 6907 7570 7676 7938 7854 7934 7864 8068 7891 7353 7805 8106 7719 7648 7940 7617 7623 8057 7615 7993 7411 7829 7876 8118 7333 7780 8613 7483 8084 8263 7833 7170 7831 7895 7819 8068 7436 7874 7569 8142 7580 7889 7776 7916 8240 7518 7496 7794 7147 8320 7461 7813 7644 7734 7635 7791 7665 8161 7955 7921 7995 7847 7294 7417
8588 8552 8136 8495 8747 8765 8156 7778 8104 9064 8320 8140 8278 8085 8035 8553 8972 7909 7877 8721 8570 8120 8344 8349 8603 8037 7710 8107 8694 8559 7946 8256 8416 8131 7695 7984 8153 8873 7975 8280 7808 8258 8235 8808 8290 8575 8834 8225 7948 8189 7935 8062 9046 8662 8352 8413 8931 8381 8578 8766 8160 8227 8698 8744 7955 8262 8676 8338 8821 8161 8647 8316 8271 8271 7982 8632 8243 8122 8314 8257 8177 8583 8479 7842 8230 8303 8021 8378 9023 8445 8558 8092 8447 7959 8788 8576 8512 8743 8643 8105 8215 8308 8183 8590 8468 7571 8280 8274 7719 8323 7993 8173 8054 8730 8012 7874 8292 8881 8166 8543 8366 7964 7639 8046 8231 8282 7844 8788 8691 8586 8701 8229 8536 8359 8508 8056 7870 8223 8545 8332 8640 8165 8155 8448 8552 8544 8402 8324 8006 8018 8367 7566 8630 7643 8578 8557 8294 9121 8626 8069 8722 8283 8312 8328 8789 8277 8087 7948 8437 8058 8266 8551 8302 8505 8167 8483 8407 8153 7940 8446 8357 8257 8420 8660 8211 8488 8122 8039 8763 8574 7853 8313 7996 8562 7932 8159 8161 8498 7968 8586 8189 8314 8169 8064 8445 8293 8397 8481 8662 8738 8588 7811 7604 8181 8146 8687 8249 8473 7846 8375 8044 8210 8473 8312 9022 8099 8508 8311 8080 8111 8635 8158 7957 8818 8236 8086 8399 8767 8631 8642 8757 7877 8454 7881 8739 8571 8474 8268 7806 8301 8336 8247 7893 8823 8379 8577 8154 8471 8237 8807 8023 8795 8197 8325 8298 8059 8043 8241 8237 8111 8911 8299 8061 8422 7602 8196 8376 8015 8345 7774 8413 7904 8408 7730 8391 8337 8338 8722 8984 8309 8266 8402 8909 8454 8365 8062 8705 8355 8149 8236 8975 8248 8698 8068 8218 8756 8314 8427 8828 8481 8036 8218 8115 7973 8159 7936 8248 8470 8363 8689 8252 8251 7559 8297 8241 8382 8411 8072 8140 8545 7930 8108 7943 8227 8318 8522 7752 8207 8277 8334 8524 8555 8818 8335 8363 8061 8428 8122 8392 8386 8575 8233 8325 8854 8056 8345 8009 8195 7939 8477 7879 7917 8582 8296 8402 8635 8299 7761 8512 8328 8127 8948 8121 8299 8145 8480 8073 8428 8211 8413 8533 8230 8056 8410 7767 8598 8150 8335 8278 8150 7898 8595 8157 8253 8249 8530 8127 8438 8079 8137
8110 7550 7903 7822 8098 8173 7671 7326 7596 8435 7903 7593 7942 7732 7866 8027 8294 7646 7873 8193 8130 7488 8040 8215 7813 7686 7228 7651 8160 8035 7461 7784 7813 7619 7220 7481 7395 7962 7932 7623 7615 7861 7548 8380 7709 8086 8157 7898 7541 7879 7417 7928 8085 8144 8107 8114 8366 7913 7925 8161 7875 7677 8130 7927 7672 7688 8277 7803 7971 7826 7810 7842 7541 7493 7645 8150 8098 7924 7958 7360 7799 7998 7776 7620 7741 7951 7831 7841 8609 8078 7878 7769 7858 7446 7894 8223 7745 8160 8263 7794 8081 8017 7437 7949 8237 7423 7794 7755 7759 7880 7495 7704 7468 8558 7662 7313 8188 8341 7864 8114 7730 7453 7237 7812 8293 7561 7450 8038 8468 7822 8223 7541 8000 7803 7937 7762 7161 8148 8045 7756 8241 8016 7822 8206 7844 8017 8197 7883 7748 7556 8177 7679 8242 7420 8017 7806 7349 8557 7957 7536 8104 7806 7673 7850 8033 7709 7651 7613 8200 7655 7864 8304 7779 7958 7572 7650 7701 7404 7706 7537 7568 7879 7979 7940 7896 8513 7702 8010 8424 7923 7519 7680 7485 8057 7297 7908 7868 7948 7394 8048 7795 7662 8131 7725 7865 7921 8004 7908 7934 7992 7699 7274 7076 7391 7706 7824 7483 7894 7620 7789 7794 7739 7829 7641 8564 7962 7827 8058 8021 7466 8053 7464 7509 8343 7791 7734 8064 7931 8087 8126 8455 7824 8203 7464 8047 8181 7997 7952 7694 8124 7725 7689 7859 8242 7581 7633 7633 8044 7741 7754 7711 7817 7793 7824 7710 7461 7701 7758 7373 7991 8305 8160 7474 7890 7207 8147 8252 7574 7779 7310 7782 7567 7629 7562 7790 7879 7504 8047 8587 7906 7843 7911 8014 8027 8053 7442 7796 7964 7853 7926 8161 7357 8046 7226 7872 8092 7839 8147 8301 7811 7848 8142 7946 7500 7632 7638 7466 7905 7892 8153 7934 7821 7324 7731 7990 7753 8240 7490 7578 8010 7306 7685 7981 7803 7765 8174 7206 7749 7555 7722 8034 7930 7754 8062 7711 7718 8038 8112 7576 8171 7918 7387 7658 7790 7701 7817 8087 7483 7607 8000 7592 7537 8202 7754 7770 7949 7525 7118 8244 7965 7846 8052 7730 7563 7572 7866 7554 7744 7819 7959 8195 7907 7765 8160 7428 7815 8002 8330 7615 7703 7532 8046 7611 8007 8038 7923 8233 7947 7642 7574
8759 8911 8673 8403 9124 9246 8739 7874 8695 9287 8590 8470 9009 8515 8275 8656 9253 8439 8267 9097 8952 8018 8895 8900 8605 8443 8670 8345 8824 9108 8163 8846 8500 8480 8154 8534 8002 9046 8659 8510 8418 8929 8658 9279 8696 8946 8559 8564 8662 8511 8168 8542 8977 8828 8654 8884 9328 8728 8944 9275 8741 8278 8763 8988 8581 8672 8642 8499 8835 8252 9023 8462 8547 8466 8180 8990 8555 8808 8336 9078 8493 8820 8791 8095 8641 8918 8824 8589 9126 8442 8719 8049 8766 8192 8976 9152 8932 9368 8916 8334 8844 8492 8401 8729 8996 8295 8525 8278 8640 8725 8432 8619 8306 9179 8696 8279 8843 9251 8475 9069 8825 8520 8102 8631 8474 8567 8089 8790 9098 8308 8856 8877 8835 8390 8912 8408 8079 8583 8570 8689 9065 8300 8719 8669 8540 8852 8501 8791 8454 8695 9076 8301 8602 8194 8867 8946 8561 9298 8855 8389 8901 8682 8573 8532 9009 8321 8643 8354 9003 8368 8497 8783 8598 8833 8835 8616 8494 8398 8433 8569 8459 8689 8806 8695 8700 9184 8267 8865 8863 9265 8379 8659 8273 8951 8218 8658 8572 8730 8459 8955 8808 8836 8866 8696 8468 8489 8719 8813 9043 8595 8593 8307 8103 8561 8595 9070 8487 8686 8015 8764 8727 8571 8573 8439 9172 8711 8708 8519 8748 7883 8870 8361 8284 9051 8608 8431 8529 8918 8964 8878 9278 8503 8986 8373 9019 8861 8991 8764 8106 8927 8566 8197 8005 9365 8522 8535 8919 8949 8495 9055 8399 8928 8775 8790 8860 8653 8561 8600 8514 8815 8756 8950 8341 8586 8013 8896 9083 8698 8800 7920 8731 8564 8779 8359 8814 8367 8271 8519 9565 8645 8598 8958 9418 8733 8855 8342 8860 8846 8728 8640 8971 8440 8797 8047 9045 8574 8798 8847 9199 8509 8648 9037 8586 8142 8707 8298 8074 8801 8752 8977 8574 8485 7987 8442 8699 8899 8717 8290 8374 8896 8541 8240 8274 8785 8637 9198 8103 8261 8451 8553 8765 8955 8815 8927 8663 8262 8831 8894 8912 8828 8712 8518 8818 8619 8236 8742 8580 8174 8439 8677 8256 8439 9261 8541 8492 9008 8417 8200 8795 8637 8587 8836 8707 8593 8489 8509 8674 8500 8800 8362 9175 8622 8577 8913 8592 8835 8597 8659 8371 8558 8263 8981 8345 9033 8628 8880 8982 8591 8640 8072
8160 8014 8158 7891 8213 8347 7936 7323 7529 8236 7739 7952 7941 8095 7806 7701 8327 7679 7382 8409 8172 7804 8129 7777 7764 7712 7237 7952 7987 8202 7425 7809 7675 8009 7599 7842 7583 8166 7923 7618 7479 7973 7424 8122 7786 8068 8170 7998 7653 7860 7579 7651 8163 8145 7815 8132 8654 7871 8485 8346 7973 7759 8044 8375 7794 8078 8049 7708 8313 7704 8260 7649 7621 7464 7582 8030 7843 8012 8010 8007 7901 8263 8056 7410 7944 7855 7972 7444 8088 7826 8120 7313 7773 7579 7935 7943 7896 8465 8170 7580 8106 8025 7909 7831 8364 7537 7913 7547 7758 7747 7526 7828 7720 8174 7748 7290 8013 8323 7969 8204 8082 7752 7571 7525 7682 7921 7349 8416 8037 7951 7994 8140 8130 7610 7769 7688 7201 7897 8254 7487 7951 7906 7663 7956 7648 8017 7803 7834 7919 7874 8243 7461 8210 7324 8096 7757 7879 8782 8128 7380 8141 8071 7861 8034 8200 7843 7941 7779 8221 7400 8269 8116 8103 8062 7336 8367 7969 7278 7984 7875 7999 7732 7931 8135 7625 8336 7670 7869 8487 8323 7776 7482 7495 8095 7577 8097 7788 8245 7267 8035 7986 8176 7595 8081 7833 7845 8049 7779 8074 8176 8011 7591 7171 8241 8219 7807 7859 7895 7281 7924 7632 8189 7971 7733 8426 8038 7753 8112 8020 7343 7894 7495 7726 8407 7676 7706 8105 8202 7958 8162 7969 7509 8028 7760 7966 8206 8048 7901 7835 8081 8032 7261 7722 8602 7651 7929 7855 7898 7762 7813 7605 8114 8022 7834 8053 7610 7852 7814 7865 7849 8094 7858 7764 7856 7230 8037 7960 7798 8284 7403 8197 7682 7848 7346 7809 7832 7562 7789 8314 7779 7886 7680 8050 7824 8325 7620 7993 7921 7544 7929 8167 7689 8344 7627 7764 7954 7981 8373 8247 7819 7960 8161 7761 7683 7838 7641 7705 8202 7671 8012 8002 8124 7122 7847 8046 7894 8030 7794 7460 8070 7643 7800 8256 7739 7626 8134 7291 7543 7971 7780 8122 8349 8287 7762 7812 7903 8184 7866 7877 7877 7895 7648 7636 8053 7633 7735 7834 7595 7649 8075 7509 7529 8309 8011 7771 8205 7793 7092 7727 7773 8117 8195 7492 7678 7883 8210 7690 7565 8084 7595 8162 7630 7776 8246 7359 7913 7803 7842 7535 7621 7429 8087 7499 7773 8051 8098 7865 7892 7721 7663
7838 7620 7589 7358 7483 7720 7415 6888 7517 8115 7945 7319 7666 7457 7231 7614 8185 7485 7276 7861 7827 7087 7829 7863 7661 7320 7618 7495 7953 7776 7113 7542 7767 7524 6742 7489 7304 7831 7591 7444 7376 7526 7267 7732 7788 7874 7683 7734 7444 7748 6979 7694 8047 7617 7763 7646 8423 7325 7874 7906 7634 7793 7696 7935 7158 7695 7825 7588 7893 6987 7922 7527 7685 7141 7229 7592 7364 7532 7603 7335 7532 7797 7748 7492 7490 7498 7574 7536 7812 7569 7729 7392 7451 7174 8021 7800 7658 8251 8037 7378 7956 7264 7818 7675 7848 7005 7631 7552 7321 7862 7301 7705 7405 7771 7208 7137 7831 7829 7773 7791 7591 7467 7024 7388 7739 7342 7413 8100 8014 7438 8141 7549 7600 7429 7753 7131 6763 7623 7522 7516 7739 7426 7605 7772 7593 8116 7574 7663 7598 7554 8190 7186 7805 7336 7515 7683 7571 7910 7647 7505 7985 7520 7391 7776 7792 7388 7562 7692 7921 7286 7732 7846 7206 7444 7977 7607 7481 7368 7369 7594 7532 7431 7577 8096 7343 7938 7366 7663 7744 7772 7556 7715 7500 7818 7152 7318 7688 7830 7439 7685 7618 7510 7600 7129 7493 7503 7578 7654 7865 7960 7805 7023 7077 7349 7771 7691 7514 7625 7285 7844 7759 7757 7402 7621 8283 7473 7372 7510 7513 7279 7970 7327 6960 7879 7713 7281 7407 7573 7744 7909 7948 7219 7626 7414 7801 7796 7910 7445 7301 7376 7523 7554 7115 8166 7405 7471 7379 7710 7539 7825 7706 7407 7338 7633 7590 7408 7609 7863 7752 7811 7467 7775 6881 7529 7078 7700 7457 7397 7808 6914 7791 7724 7981 7105 7901 7426 7565 7601 8168 7705 7709 8093 7980 8023 7676 7234 7797 7529 7783 7806 7743 7517 8160 7422 7692 7665 7720 7487 8084 7767 7536 7777 7326 7394 7496 7354 7549 8149 7646 7865 7277 7485 7262 7554 7741 7623 7634 7302 7477 7947 7184 7346 7369 7455 7412 7959 6815 7333 7583 7530 7380 7746 7900 7467 7622 7335 7659 7791 7555 7375 7799 7603 7349 7816 7069 7819 7350 7425 7241 7671 7195 7659 7922 7464 7354 7515 7612 7268 7877 7649 7357 7579 7741 7382 7498 7569 7546 7378 7666 7573 8082 7571 7331 7539 7304 7884 7309 7500 7152 7699 7307 7855 7416 8020 7612 7884 8061 7465 7254 6971
8056 7884 8508 7726 8210 8501 7596 7567 7640 8648 7957 7805 7889 7926 7937 8083 8504 7649 7439 8184 8165 7757 8177 7954 8032 7821 7850 8030 8378 8022 7635 7836 8127 7677 7947 7813 7822 8186 7967 7868 7803 7999 7671 8458 8179 8224 7969 7973 7830 7957 7638 7944 8366 7946 8071 8462 8708 7985 8586 7690 8288 7853 8203 8263 7728 7710 8196 7965 8216 7600 8025 7613 8146 7787 7720 8303 7932 7637 7976 7567 7600 8047 8285 7706 8154 7799 8124 7960 8437 8170 8341 7930 7981 7841 8474 7979 8212 8549 8252 7658 7829 8066 8043 8235 8374 7628 7721 7633 7964 8052 7716 7843 7791 8489 7969 7385 8297 8177 7823 8043 7924 8021 7406 7667 8097 7647 7881 8350 8230 7778 8252 7837 8282 8116 8083 7777 7167 8069 7867 7911 8256 7917 8162 8309 7784 8417 8064 7763 7949 7834 8492 7664 8157 7228 8068 8242 8000 8535 7910 7976 8340 7967 7939 7946 8497 7884 7768 7624 8461 7623 8032 8175 8117 7882 7852 7814 8049 7611 7816 7829 7818 7968 8030 8275 7936 8313 7973 7812 8502 8530 7604 8053 7399 8217 7566 8117 7806 7960 7756 8353 7787 7884 8185 8199 7641 8200 8038 8193 7909 8186 7821 7615 7530 8124 8107 7861 7839 8150 7584 7961 7990 8149 8172 8031 8936 8340 8092 8073 8199 7402 8267 8286 7825 8255 7923 7964 8335 8264 7999 8189 8283 7603 8108 7980 8361 8207 7969 8047 7894 8189 7999 7734 7798 8584 7840 7751 7532 8194 7876 8015 7796 7845 7918 7804 8180 7347 7855 7662 7703 8030 8046 7861 7853 8081 7390 8424 7990 7865 8032 7368 8069 7669 7878 7472 7936 7948 7867 8256 8568 7636 8302 8106 8032 8016 8248 7393 8025 8071 7998 7788 8373 7888 8538 7617 8152 8237 7889 7997 8725 8008 7871 8241 7873 7859 7889 7718 7904 8049 7650 8511 8077 7996 7392 8288 8040 7936 8084 7840 7790 8102 7487 8144 8164 7943 8222 8339 7162 7732 7700 7886 7536 7969 8253 8117 8045 7894 7971 7975 8191 7659 8075 8049 7648 8320 7831 7953 8120 7913 7752 7470 7747 7974 8832 8251 7886 8213 7960 7338 7869 7961 7989 8014 8056 7791 8098 8072 7662 7801 8025 8025 8485 7948 7694 8200 7690 8120 7787 7869 7506 7847 7774 8071 7448 8210 8017 8042 8015 7994 7854 7494
8270 8420 7751 7959 8102 8176 8108 7553 7794 8813 8043 7908 8212 8340 7984 8242 9045 7806 7846 8476 8212 7945 8197 8314 7948 7947 7854 7914 8244 8425 8004 8605 8279 7945 7573 7608 8098 8248 8296 8105 7667 8352 7728 8614 8187 8491 8369 7920 8071 8250 7500 8544 8720 8417 8347 8167 8716 7921 8557 8695 7851 7991 8439 8716 7893 8024 8327 8319 8410 7875 8540 8343 7820 7543 7615 8507 8290 7900 8119 7843 8122 8306 7994 7498 7818 8339 7788 8228 8455 8395 8336 7925 8296 8123 8433 8395 8324 8312 8225 8144 8448 7949 8243 8334 8334 7572 8216 7956 7783 8180 7698 7953 7920 8432 8067 7507 8344 8486 8037 8299 8120 7778 7587 7883 8276 8033 7828 8702 8556 7993 8240 8429 7808 7937 8487 7883 7742 8135 8116 8178 8099 7722 7780 8160 7891 8727 8334 8015 8133 8135 8562 7666 8410 7793 8026 8296 8314 8981 8316 7760 8475 8323 7606 8345 8306 8227 8374 7856 8123 8066 8212 8047 8139 8139 8057 8335 8190 7803 7916 8323 8075 8016 8291 8415 7979 8162 8035 8126 8456 8329 7697 7834 7763 8260 7828 7966 8098 8390 7828 8502 7850 8060 7796 7945 7926 8132 8219 8180 8377 8349 8182 7645 7893 8408 8149 8292 7949 8388 7487 8251 7632 7852 8111 7997 8647 7800 8176 7958 8000 7734 8157 8087 7768 8606 8622 7865 8090 8553 8458 8378 8546 7968 8314 8007 8402 8365 8511 8004 7845 8115 8313 8087 8047 8632 7995 7917 8207 8493 7749 8198 7973 8462 8012 8113 8219 7857 8114 8221 7897 8010 8518 8340 7902 8322 7428 8530 7913 7812 8624 7727 8473 7837 8238 7686 7843 8172 8187 8437 8786 8204 8416 8127 8481 8340 8282 7670 8514 7848 8256 8158 8387 7838 8673 7853 8194 8438 8036 7867 8568 8128 8194 8169 7946 8112 8110 7908 7929 8378 7943 8547 8287 8088 8014 8131 8522 8246 8152 7917 8043 8401 7939 8224 8004 7859 8184 8278 7176 7713 8054 8325 8534 8489 8413 8041 8160 7836 8204 8287 8190 7989 8319 8204 8237 8534 7902 8167 8211 7724 8049 8547 7720 7892 8524 8028 7758 8138 8249 7695 8014 8129 7915 8395 8002 7912 7690 8114 8040 7841 7927 8303 8774 7735 7769 8009 7733 8423 7970 8132 7595 7827 7604 8299 7577 8114 8196 8607 8567 8041 7738 7755
8185 8484 8154 7829 8270 8852 7879 8080 7940 8838 8036 7930 7753 8002 7799 8135 8450 7766 7730 8612 8428 7660 8335 8313 8218 8015 7938 7944 8335 8267 7875 8066 8184 8250 7483 8048 7916 8542 8232 7906 7826 8187 7784 8474 8072 8585 8228 8426 7775 8040 7820 8380 8743 8324 8172 8464 8890 8075 8354 8283 8489 8094 8474 8236 7954 8263 8217 8099 8587 7944 8312 8408 7903 7795 7786 8403 7939 7884 7948 8191 7868 8330 8134 7760 7724 8109 8157 7680 8442 8217 8693 7703 7955 7674 8225 8245 7882 8696 8320 8207 8268 7666 7946 8359 8145 7561 7781 7373 7973 8204 7856 7891 7814 8660 7699 7282 7990 8610 8087 8300 7936 7480 7442 7890 8177 8081 7303 8878 8547 7503 8388 8249 8140 8089 8327 7872 7330 7835 8035 7869 8467 8229 7974 8020 8147 8231 8331 7911 8046 7987 8704 7748 8457 8023 8112 8027 8124 8274 8313 8101 8198 8037 8157 8401 8149 8194 8011 7711 8247 7639 8211 8654 7931 8085 7990 8086 8277 7798 7664 8123 7974 7913 8316 8393 7827 8243 7772 7856 8631 8566 7625 7984 7602 8426 7908 7991 7840 8245 7865 8552 7942 7919 7990 8178 8323 8082 8146 8260 8293 8414 8329 7830 7853 7896 8286 8260 8268 8611 7920 8282 8070 8317 7777 7960 8933 8493 8276 8048 8001 7748 8385 7811 7761 8404 8214 7885 8557 8110 8242 8551 8605 7560 8734 7843 8447 8461 8411 8150 8132 7941 8211 7693 7752 8681 7838 7881 8143 8198 7837 8321 7778 8299 7772 8271 7836 7866 7871 8286 8123 8400 8421 8407 7615 8558 7593 8420 8494 7753 8297 7553 8081 7842 8167 7823 7878 8131 7877 8137 8594 8392 8333 8160 8106 8165 8406 7800 8192 8302 8246 7755 8208 7926 8504 7755 8159 8070 8671 8129 8381 8169 8106 8426 8392 7902 7922 7750 8126 8186 7688 8510 8055 8157 7774 8319 8206 8086 8296 8030 7984 8690 7910 8360 8034 8022 7987 8305 7441 7849 7709 8396 8358 8456 8536 8057 8172 8103 8131 8168 8345 7941 8011 7991 8035 8292 7981 8295 7738 7785 7996 8161 7927 7820 8872 8029 8083 8175 8369 7754 8385 7840 8405 8195 8035 8064 7953 8020 7813 7846 8032 8424 8083 7943 8208 8008 7621 8348 8182 8005 7975 7955 7907 8538 8031 8097 7896 8074 8127 7881 7668 7465
7869 7991 8067 7632 8412 8373 7552 7521 7632 8499 8078 7969 8149 8112 7882 8286 8264 7769 7867 8221 8286 7752 8326 8066 7974 8045 7720 8093 7974 8191 7946 8309 8115 8045 7490 7865 7564 8330 7944 7864 7693 8076 7803 8085 7900 7880 8365 8241 7668 7957 7795 8012 8093 8443 8239 8278 8417 7724 8335 8499 8154 8076 8118 8385 7892 8163 8026 8020 8393 7937 8259 8325 7879 7874 7912 8353 8067 7710 8127 8158 7864 8063 8042 7712 7899 7994 7922 7543 8226 8131 8227 7637 8136 7697 8025 7944 8185 8362 8353 7908 8273 7962 7958 8074 8152 7307 7866 7591 7671 8081 7613 8214 7759 8479 8044 7594 8067 8337 8058 8286 7716 7664 7390 7767 7945 7883 7823 8734 8128 7847 8280 8181 7995 7837 8265 7656 7561 7977 8099 7883 8058 7933 7940 8015 8142 8037 7889 7609 8336 7904 8560 7212 8193 7557 7958 7988 8176 8541 8503 7986 8425 8071 7766 8042 8425 7962 7978 7855 8357 7518 7978 8329 8264 8143 7953 8209 7956 7817 7643 8029 7766 7784 8006 8429 7835 8433 7750 8073 8501 8434 7284 7851 7673 8063 7481 7949 8040 8352 7734 8158 7891 8155 8103 8128 7882 7828 7916 7829 8254 8041 8156 7338 7548 7802 8197 8073 8148 7856 7911 7900 7998 8179 7814 7909 8484 8033 8351 8168 8123 7574 8275 7781 7558 8272 7971 7820 8260 8385 8168 8322 8125 7757 8061 7810 8497 8427 8097 7717 7799 8190 7873 7829 7722 8802 7990 8043 7826 8006 7861 8269 7848 7932 7604 7972 8068 7963 7581 8203 7821 8189 8284 8038 8241 7848 7532 7897 7786 7804 8139 7220 7918 7827 8306 7841 8193 8158 7952 8190 8450 7728 8162 8257 8102 8124 8091 7687 8214 8146 8117 7841 8494 7678 8550 7878 8194 8497 8130 8540 8587 8138 8347 8195 7953 8113 7767 7773 7879 8235 7842 8229 8258 8020 7934 8032 7985 7748 8259 7593 7781 8162 7564 7932 7783 7985 7605 8255 7106 7753 7904 8054 7977 8399 7964 8138 8075 7999 8150 7932 8202 7981 8090 7992 7860 8108 7793 8115 7916 7542 8133 8084 7689 7915 8445 7969 7985 8230 7858 7239 7878 7898 7913 8065 7924 7847 8115 8243 7828 8017 8185 8083 8199 7687 7423 8289 7457 8139 8091 7947 8049 8023 7597 8326 7802 8103 8017 8364 7872 8302 7679 7374
7915 7963 8233 7828 7696 8081 7773 7256 7531 8230 7972 7659 7968 7842 7758 8299 8230 7594 7726 7946 8590 7436 8080 8221 7774 7733 7710 7752 8125 8057 7416 7977 7705 8108 7289 7621 7628 8002 7905 7577 7377 7927 7331 8044 7862 7768 8081 8284 7911 7772 7560 7859 8024 8295 8384 8316 8461 7933 8353 8068 7975 7620 8014 8041 7878 8036 7999 7625 8479 7567 7925 7671 7914 7646 7365 7682 7854 7858 8125 7711 7828 7950 8051 7530 7883 7737 7735 8011 8188 7796 7992 7453 7968 7573 7797 8294 7580 8278 7957 7610 8418 8052 7891 8257 7908 7091 7689 8015 7640 7995 7606 7936 7503 8571 7590 7762 8120 8169 7865 8185 7846 7397 7441 7665 7766 7866 7347 8579 8518 7792 8427 7804 7658 7604 8080 7471 7551 7773 8050 7681 8322 8067 7867 8226 7741 8251 7934 7733 7955 7790 8245 7669 7854 7251 8031 7556 7955 8205 8020 7789 8174 7731 8020 7988 8041 8124 7739 7769 8289 7567 7747 8117 8062 7991 7691 8027 7819 7540 7743 7750 7752 7920 8098 8004 7582 8140 7530 7901 8274 8329 7080 7779 7469 8051 7537 7824 7634 8105 7585 8141 7687 7920 8236 7803 7619 8223 8066 7689 7790 7991 7857 7353 7525 7576 8099 7866 7612 7861 7704 7905 7735 8094 7941 7866 8450 8188 7915 8160 7870 7620 7860 7373 7362 8417 7258 7723 8282 7934 7932 8425 7939 7366 8098 7299 8190 8064 8079 7930 7716 8104 7995 7735 7618 8515 7760 7792 7687 7783 7891 8170 7789 7451 7686 8003 7799 7664 7990 7901 7582 8027 8249 8278 7652 7894 7173 7918 7852 7537 7877 7298 8171 7772 8095 7625 8040 8063 7520 8043 8386 8153 7820 7860 8247 8051 8051 7748 8034 7780 8201 8026 8041 7673 8075 7625 7685 8206 7955 8157 8213 7772 7743 7969 7784 7470 7865 7534 7718 8027 7521 8200 7917 7956 7567 7426 7879 7716 8231 8121 7580 8380 7474 7879 7960 7438 7626 8069 7147 7788 8035 7942 7995 8007 8161 7474 7759 7614 7691 8204 7642 7897 7961 7542 7501 7815 7556 7990 7390 7757 7759 8057 7768 7880 8265 7963 7469 7928 7833 7021 7973 7846 7756 7725 7757 7898 7780 8087 7709 7631 7826 8124 8095 7776 7658 8068 7331 7896 7908 7887 7790 7628 7299 8266 7563 7839 8038 8142 8269 7912 7317 7496
8374 8147 8107 7955 8564 8411 8106 7414 8047 8527 7903 7682 8086 7832 7833 8230 8695 8013 7933 8399 8186 7546 8217 7969 8176 8049 7903 7788 8250 7942 7531 8325 7995 7859 7307 7714 7687 8174 8094 7837 7567 8425 7545 8441 8061 8091 8146 8161 7502 8020 7370 8180 8334 8315 8331 8378 8474 8106 8260 8585 8168 7739 8279 8593 7661 8025 8145 8076 8368 7741 8659 7927 7884 7694 7500 8282 8151 7775 7874 7854 7954 8320 7917 7571 8245 8165 8006 8070 8161 8097 8260 7314 8014 7468 7965 8377 8011 8224 8137 7968 8103 8077 8050 7728 8339 7373 7650 7712 7678 7689 7625 7821 7639 7977 7724 7430 8247 8334 7811 8087 8153 7635 7696 7822 7858 7532 7864 8520 8307 7967 8106 8103 7899 7806 8283 7538 7784 8118 7928 7740 8035 7926 8427 7720 8152 8387 7868 7875 8081 8106 8118 7315 8460 7597 7647 8323 7818 8521 8207 7840 8338 8232 7827 7899 8176 7918 8010 7494 8082 7597 8065 7775 7967 7917 7952 7602 8063 7744 7456 8137 7507 7701 8000 8443 7889 8276 7675 8575 7944 8257 7448 7937 7436 8302 7225 8041 7668 8096 7503 7947 8019 7799 8153 7711 7899 8094 7898 7901 8136 8157 7835 7559 7235 8001 8164 7881 7799 7936 7688 8291 7815 8043 7800 7633 8544 8468 7722 7799 7945 7315 8307 7748 7721 8182 7884 7874 7961 8400 8198 8166 8084 7675 7993 7878 8541 8053 8065 8050 7642 7970 8064 7745 8051 8454 7937 7904 7750 8130 7870 8068 7932 8095 7896 7900 7780 7626 7455 7562 8201 8190 8282 8340 8035 8122 7200 8294 8329 7735 8274 7450 8026 7736 8078 8111 8142 8199 7649 8240 8548 8057 8079 8015 8266 8569 8181 7501 8085 8181 8352 7864 8103 7738 8276 7911 8176 8343 8111 8251 8737 8129 8014 8160 7655 7804 7530 7764 7972 8100 7778 8390 7769 7711 7606 8083 8066 7900 7947 7948 7838 7968 7506 7653 7858 7775 7711 8219 7042 7837 7719 8124 8241 8225 8063 7992 8045 7601 7961 8054 7775 7894 7825 7862 7914 7995 7856 8147 7823 7677 7908 8042 7671 7757 8520 7977 8002 7897 8031 7279 7857 7827 8194 8171 8076 8015 8027 8318 7610 7884 7869 8029 8475 7644 7727 8037 7659 7853 8004 7933 7981 7771 7331 8135 7776 8329 8158 7969 8429 7681 7670 7263
7901 8304 7791 7757 7951 8271 7890 7552 7842 8511 7949 7872 7929 7899 8188 8272 8558 7672 7811 8367 8161 7812 8053 8090 8087 7902 7743 7763 8091 8068 7527 7925 7934 7853 7299 7778 8068 8035 8132 7862 7617 8229 7848 8540 7959 8350 8298 8078 7781 8235 7633 7845 8423 8405 7993 8391 8684 8031 8577 8178 7724 8029 8180 8568 7819 8023 8365 8163 8339 8053 8225 8327 8065 8109 7759 8105 8390 7844 8294 7780 7717 8005 7978 7755 7862 7947 8040 7640 8276 8127 8199 7963 8331 7593 8202 8017 8223 8306 8183 7817 8190 8060 7975 7965 8306 7275 7753 7853 7796 7859 7732 7867 7644 8562 7803 7265 8138 8307 8196 8275 8267 7811 7571 7835 8154 8173 7821 8707 8209 8129 8341 7842 8173 7916 8308 7766 7405 7985 8094 7800 7794 7882 8105 8320 7912 8381 7928 7992 8020 7796 8390 7614 8246 8165 7835 7765 8068 8926 8347 8142 8064 8283 7954 8182 7863 8151 7794 7489 7940 7634 8233 8247 8075 8127 7832 7916 7989 7733 7983 7876 8054 7848 7971 8369 7775 8250 8104 7954 8415 8227 7486 7950 7923 8060 7768 8196 7908 8250 7896 8248 8201 7636 8216 7748 8093 8008 8057 7869 8065 8105 8121 7598 7394 7920 7897 8332 7845 7934 7452 8040 7651 7930 7655 7896 8876 8044 8022 8198 8095 7221 8327 8240 7416 8344 7672 7611 8313 8071 8494 8306 8051 7777 8564 8262 8471 8001 8328 7854 7753 8072 8229 8181 8052 8721 7840 7957 7802 8185 7744 8353 7820 8033 8071 7987 8207 8013 7786 8322 7954 8084 8366 7942 7656 7995 7453 8507 8193 8006 8255 7729 8222 8075 8237 7887 8228 8029 7857 8240 8875 8141 8214 8536 8539 8252 8287 7682 7954 7989 8301 8356 8442 8074 8501 7721 8074 8169 8103 7920 8419 7882 8435 8086 7973 7622 7831 7591 7963 8445 7956 8408 8229 8238 7884 7607 7876 8115 8243 8058 7758 8318 7230 7888 8064 7940 8081 8302 7600 7974 7967 8063 8235 8384 8070 7918 7951 7673 7771 7907 8057 7690 8060 7767 8235 8626 7545 7793 7542 7599 7911 8220 7622 8128 8315 8324 7957 7938 7798 7412 7980 7919 8010 8380 7915 8228 7947 8004 7861 8087 7929 8284 8492 7855 7863 8032 7788 8311 7704 8271 7838 7670 7437 8154 7627 8259 7696 8224 8096 7840 7839 7465
8543 8328 8546 8510 8945 9020 8478 7740 8300 8994 8466 8370 8367 8779 8283 8672 8718 7970 8047 8917 8789 7956 8914 8480 8552 8300 8325 8073 8757 8434 8269 8613 8331 8501 7789 8204 8132 8572 8654 8281 7938 8572 8112 9102 8339 8852 8769 7990 8206 8521 7961 8652 9011 8643 8718 8564 9305 8779 8856 8454 8791 8568 8935 8777 8317 8728 8628 8102 8783 8221 8496 8460 8369 8390 8099 8792 8746 7989 8424 8486 8088 8565 8509 8186 8357 8389 8422 8592 8887 8848 8440 8020 8583 8406 8532 8637 8432 8845 8739 8114 8846 8494 8616 8336 8587 7589 8216 8375 8143 8368 8405 8198 8100 8911 8315 7881 8687 8841 8368 8372 8504 8078 7777 8680 8750 8426 8303 9121 9164 8334 8742 8902 8441 8174 8764 7939 8065 8415 8449 8222 8611 8048 8697 8913 8174 8958 8794 8590 8410 8121 8888 8035 9089 7922 8601 8452 8103 8706 8723 8410 8688 8578 8480 8726 8522 8593 8874 8361 8591 8418 8503 8780 8484 8530 8439 8475 8694 8151 8317 8466 8431 8231 8614 8811 8515 9073 8397 8311 8930 8946 8106 8240 7912 8597 8191 8599 8588 8811 8028 8638 8289 8154 8831 8164 8290 8657 8322 8335 8688 8646 8571 8032 7825 8437 8876 8789 7992 8648 8470 8807 8254 8396 8422 8346 8946 8837 8660 8295 8773 8173 8696 8296 7988 8610 8409 8446 8674 8475 8645 9031 8796 8485 8629 8223 8847 8572 8644 8663 8462 8627 8369 8113 8392 9222 8268 8342 8040 8987 8470 8789 8657 8704 8644 8634 8306 8284 8492 8675 8297 8571 8562 8509 8328 8670 8017 8878 8798 8339 8810 7715 8719 8385 8515 8323 8291 8530 8249 8691 8859 8529 8615 8797 8859 8693 8590 7995 8330 8482 8640 8310 8690 8378 8475 8310 8689 8814 8438 8754 8801 8505 8397 8758 8405 7888 8503 8109 8289 8732 8194 8860 8333 8360 8066 8596 8631 8423 8695 8655 7972 8793 8181 8710 8483 8371 8164 8833 7535 8373 8227 8646 8703 8395 8803 8226 8532 8200 8328 8341 8728 8179 8774 8143 8240 8486 8413 8281 8349 8103 8248 8815 8152 8480 8765 8231 8112 8694 8444 7945 8442 8444 8506 8711 8628 8193 8142 8760 8182 8193 8594 8561 8849 8445 8200 8354 8531 8837 8425 8280 8185 8691 8354 8889 8095 8325 8298 8774 8518 8510 8242 7879
8377 8192 8067 7949 8397 8382 7727 7403 7741 8540 8337 7970 8462 8143 7546 8319 8245 7595 7825 8216 8237 7842 8285 8466 7877 8079 7723 8148 8294 8262 7511 8152 7991 8395 7487 8232 7820 8086 8215 8081 7578 7869 7480 8388 7796 8245 8272 7954 7849 7966 7950 8192 8541 8420 8619 8324 8919 8360 8289 8272 8134 8351 8512 8289 7971 8109 8432 8096 8521 8233 8485 7988 8245 8035 8232 8335 7877 7779 8256 7844 8321 7895 8309 7792 8063 8006 8070 7885 8591 8004 8329 7524 7915 7590 8079 8403 7930 8488 8124 8206 8305 8407 7881 8124 8214 7360 8159 7939 8078 7808 7959 8275 7930 8488 8025 7505 8788 8602 8338 8067 8126 7788 7262 7966 8091 8026 7853 8728 8681 7610 8585 7975 7898 7755 8125 7690 7665 8165 7978 7813 8371 7966 8167 8212 7997 8401 8033 7797 8055 8160 8705 7474 8419 7968 8182 8075 8174 8590 8611 8097 8307 8052 7849 8002 8266 8536 8105 7451 8283 7724 8123 8596 8389 8111 7916 7794 8114 7478 7936 8424 8168 8025 8373 8701 7766 8444 7980 8066 8255 8391 7444 7828 7421 8212 7662 8006 7969 8249 7615 8378 7833 7900 7922 7931 7998 8201 8006 7994 8219 8375 8348 7645 7562 8192 8127 8227 8280 8288 7910 8301 7776 8042 8047 8288 8897 8256 8165 8345 7979 7573 8310 7771 7551 8346 7867 7969 8416 7940 8207 8442 8517 7892 8741 7817 8278 8313 8481 8084 7863 8268 8303 7942 7702 8975 8010 8158 7625 7948 7845 8275 8018 8107 7945 8167 8243 7501 7976 8251 8114 8072 8301 8546 7744 8385 7098 8288 7668 7951 8209 7338 8346 7738 8278 7748 8250 8100 7768 7984 8704 8329 8394 8357 8461 8193 8061 7951 8376 8254 8024 8185 8357 7862 8647 7595 8099 8572 8273 8119 8642 7980 8108 8471 8080 7969 7824 7649 7605 8202 8061 8523 8135 8047 7564 7792 8168 8257 8107 8083 7957 8389 7964 7987 7775 7952 8165 8356 7366 7922 7562 8153 8022 8159 8077 8111 8178 7969 8156 8198 8086 8285 8144 8014 7853 8358 7885 8093 7706 7989 7918 8468 7496 7741 8771 8287 7925 8352 7980 7269 8213 8020 8187 8628 7971 7962 7893 7913 8055 8159 7898 7874 8364 7985 7528 8175 7476 8361 8012 8256 7727 7868 7708 8586 7824 8072 7863 8351 8206 7964 7841 7500
8126 8083 7926 7715 8072 8442 7707 7570 7789 8481 8319 7827 7928 8215 7677 8213 8381 7798 7831 8359 8352 7926 8190 7962 7938 7868 8092 8125 8385 8209 7776 7941 8253 8070 7444 8103 7703 8448 7967 7896 7188 8344 7660 8048 8223 8226 8472 8372 7861 7801 7635 8066 8063 8208 8342 8189 8757 8207 8679 8040 8184 8045 8338 8453 8013 8441 8284 8166 8258 7988 8306 8029 7996 7896 8036 8266 8041 7870 8193 8219 7882 8310 8110 7768 8048 7872 8184 7966 8238 8174 7864 7578 8021 7891 8158 8204 7904 8511 8029 7953 8519 8057 7783 8350 8294 7480 7764 7638 8228 8047 7974 7899 7810 8407 7837 7743 8066 8463 8081 8339 8280 7583 7638 7962 7725 8137 7968 8611 8469 7801 8301 8168 8070 7447 8478 7559 7299 7641 7969 7975 8413 8162 7826 8522 7720 8341 8002 7754 7702 7767 8316 7592 8290 7669 8297 8048 7955 8428 8381 7716 8589 7969 8084 7997 8059 8151 8007 7888 8166 7517 8011 8313 8029 7760 7986 7975 8259 7806 7585 7785 8181 8166 8078 8348 7908 8474 7862 7911 8750 8125 7725 7986 7645 8164 7565 8391 7959 8192 7996 8091 8343 7922 8199 8048 8011 7917 8385 8151 8451 8133 7878 7805 7697 8290 8215 8109 7960 8313 7556 8061 7765 8005 8049 8097 8475 7992 8118 8054 8187 7681 8284 8083 7910 8388 7885 7917 8089 8100 8249 8330 8287 7696 8374 7661 8126 8248 8098 8221 7722 7849 8212 7728 7609 8742 7709 7548 7786 7941 7824 8627 7884 8307 7991 8279 8126 7883 7587 7832 7916 8182 8481 8181 7502 8217 7339 8156 8241 7756 8049 7339 8288 7736 8283 7758 7858 8185 7672 8257 8489 8165 8307 7990 8165 7890 8418 7573 7986 7881 7970 7921 8209 7797 8222 7405 8092 8404 8142 7914 8585 7882 8228 8352 8001 7862 7670 7937 7872 8341 7990 8730 7860 8274 7619 7917 7980 7946 8147 7979 7897 8605 7670 7859 8169 7904 7791 8249 6967 7972 7769 8176 8270 8094 8195 7896 8185 8066 8141 7978 8456 8169 7811 8079 7793 8182 7769 8180 7949 7524 8078 8158 7868 7799 8381 7984 7899 8192 8046 7321 8014 7495 8117 8138 8083 8157 7884 7972 7849 8073 7969 7817 8481 7989 7668 8445 7703 8188 7908 7903 7607 7802 7432 8356 8047 8018 7921 8352 8016 7866 7642 7582
7779 8047 7873 7760 7775 8098 7348 7615 7468 8274 7539 7650 8201 8142 7698 8180 8212 7473 7528 8120 7957 7648 7752 8014 7920 7768 7589 7813 7877 7932 7391 7738 7811 7606 7344 7686 7351 7833 7911 7736 7605 7643 7198 8273 7751 8073 7964 7671 7795 7916 7588 8049 8202 7482 7962 7985 8362 7921 8259 8265 7782 7804 7884 7626 7552 7886 8151 7519 7942 7542 7832 7276 7402 7625 7390 8042 7926 7986 8014 7869 7646 7951 7639 7282 7622 7950 7621 8034 7844 7929 8273 7712 7479 7483 7824 7928 7716 7971 7995 7833 8225 8107 7986 8008 7934 7003 7435 7394 7442 7736 7565 7596 7759 8417 7668 7158 7708 8065 7830 7923 7437 7699 7435 7230 7822 7780 7083 8639 8013 7404 8011 7816 7851 7254 7889 7320 7366 7817 7912 7430 7908 7374 7841 7794 7740 7902 7877 7893 7718 7546 8373 7309 7836 7458 7713 7840 8169 8088 8147 7537 8208 7297 7582 7612 7942 7967 7941 7216 8156 7201 7834 8105 7871 7859 7596 8098 7847 7143 7525 7869 7835 7453 7959 8012 7645 7768 7293 8065 8042 8008 6955 7582 7344 8176 7478 7448 7434 8148 7342 8010 7721 7779 7853 7630 7952 7625 7627 7648 8034 8031 7730 7039 7321 7820 7998 7917 7575 7757 7582 7701 7712 7894 7844 8185 8342 7934 8082 8017 7644 7406 7799 7634 7468 7992 7867 7738 7910 7901 7611 7999 8108 7260 8184 7374 8233 7979 7812 7716 8012 7767 7903 7475 7727 8223 7830 7712 7686 7831 7730 7656 7496 7850 7564 7684 7639 7211 7718 7929 7671 7917 7905 7743 7265 8002 7265 7746 7702 7452 8164 7203 8034 7646 8026 7207 7621 7843 7239 8009 8209 7420 7975 8003 7916 8178 7978 7709 7623 7733 7792 7667 8026 7706 8051 7627 7721 7974 7978 8094 8483 7794 7635 7803 7733 7355 7794 7646 7596 7846 7519 7742 7845 8122 7304 7753 7655 7516 7899 7761 7558 8023 7480 7696 8004 7671 7743 7900 6732 7650 7478 7916 7644 8151 7951 7959 7862 7653 7939 7935 7815 7827 7900 7659 7692 7626 7695 7927 7565 7757 7415 7797 7323 7508 8449 7472 7633 7760 7720 7099 7692 7641 7783 7905 7750 7463 7524 8060 7841 7316 7424 7725 7916 7442 7534 7928 7144 8032 7709 7592 7565 7933 7111 7894 7267 7921 7558 8065 7800 7671 7576 7086
8605 8459 8701 8456 8071 8892 7974 7871 8003 8889 8424 8450 8325 8520 8127 8538 8961 7940 7800 8919 8468 8344 8667 8370 8325 8357 7894 8085 8327 8350 7700 8569 8431 8202 7860 7949 7391 8442 8380 8258 7845 8533 7849 8514 8413 8433 8431 8406 7752 8720 8134 8345 8947 8731 8502 8563 9011 8372 8826 8102 8385 8338 8560 8675 8098 8404 8393 8020 8606 8042 8363 8077 8499 8070 8085 8610 8116 8136 8641 8492 8066 8288 8375 7823 8302 8318 8707 8250 8532 8490 8441 8005 8344 8018 8617 8621 7964 8850 8537 8055 8466 8482 8163 8203 8410 7842 8346 7800 8291 8484 7898 7874 7975 8840 8155 7956 8256 8641 8625 8467 8061 8058 7676 8159 8405 8064 8130 8619 8671 7949 8669 8702 8708 7911 8261 7663 7758 8344 8339 8308 8394 8443 8380 8628 8024 8647 8209 8141 8243 7924 9009 7972 8871 7614 8478 8353 8257 8570 8616 8125 8822 8167 8278 8734 8578 8222 8146 8195 8795 8237 8402 8345 8181 8066 8289 8675 8397 7689 7922 8011 8288 8174 8251 8915 7906 8788 8014 8350 8832 8721 8152 8191 8026 8269 8122 8502 8469 8762 8040 8452 8133 8391 8238 7814 8248 8353 8532 8347 8698 8672 8217 7792 7895 8270 8420 8695 8066 8265 8010 8343 8041 8357 8696 8508 8717 8399 8396 8309 8515 7975 8155 8114 8063 8481 8302 7962 8369 8719 8468 8407 8938 7811 8603 8307 8729 8483 8097 8339 7855 8352 8465 8116 8299 9067 8374 8372 8185 8526 8163 8497 8325 8243 8088 8179 8204 8368 8237 8529 7738 8300 8234 8456 7877 8196 7661 8651 8096 8034 8452 7843 8723 8309 8281 8017 8199 8186 8145 8607 9075 8207 8399 8304 8604 8296 8507 7776 8296 8255 8257 8205 8461 8395 8788 7911 8473 8472 8654 8468 8841 8126 8013 8276 8078 8114 7925 7979 8206 8894 7986 8831 8485 8419 7796 8212 8397 8122 8351 8201 7845 8737 8207 8107 8310 8289 8219 8656 7426 7978 8100 8457 8254 8792 8466 8478 8366 8188 8223 8481 8413 8000 8519 8071 8139 8379 8386 8435 8062 7975 7952 8597 8188 7893 8565 7950 7914 8449 8097 7873 8288 8451 8420 8660 8039 7953 8229 8614 8179 7981 8049 8335 8634 8318 8151 8646 7656 8438 7984 8390 7904 8319 7912 8749 8313 8462 8168 8874 8255 8541 8178 7871
7990 8177 7978 7736 8265 8490 7967 7356 8251 8550 8226 7855 8392 8181 7788 8074 8522 7792 7698 8368 8368 7535 8250 8244 7933 7535 8103 7792 8329 8343 7680 7796 8236 8084 7873 7655 7599 8273 8466 7814 7758 8097 7821 8761 7890 8196 8049 8218 7993 8184 7513 8071 8288 8406 8238 8211 9021 8190 8746 8235 8289 8105 8090 8157 7943 7992 7960 8239 8230 7601 8361 8187 7854 7637 7557 8422 7939 8008 8338 7927 7921 8362 8276 7639 8309 8148 8016 7967 8525 8084 8230 7899 8067 7919 8233 8365 7791 8735 8298 8168 8345 8316 8012 8043 8222 7563 8149 7893 8263 8184 8073 7923 7721 8595 7868 7334 8230 8525 8138 8499 8071 8172 7716 7713 8009 7888 7926 8747 8870 7879 8396 8072 7961 7907 8613 7531 7485 7954 7814 7924 8273 7840 8079 8554 7821 8375 8279 8088 7977 7951 8635 8132 8353 7219 8246 8068 8158 8495 8320 7937 8426 7964 7950 8247 8396 7956 8018 7535 8243 7659 8071 7797 8091 8108 7995 7926 7916 7780 7976 8083 8006 7942 8272 8908 7563 8266 7756 8089 8702 8561 7545 8041 7738 8445 7806 8124 8010 8280 7676 8254 7876 7767 8186 7986 7836 8231 8046 7979 8255 8213 8084 7562 7387 8187 8006 8482 7972 8084 7571 8361 8120 8210 8083 7724 8875 7844 8047 8068 8351 7773 7985 7905 7741 8445 7947 7930 8199 7978 8466 8515 8380 7949 8272 7939 8635 8180 8439 8038 7801 8093 8331 7975 7724 9056 7895 8019 7984 7829 8019 8367 8248 8014 8123 7824 8236 8129 7893 8131 8078 8025 8106 8165 7776 8013 7435 7915 7982 7950 8351 7274 8435 7761 7832 7774 7976 8267 7965 8350 8576 8341 8359 7992 8233 8111 8386 7461 8117 8247 8243 7972 8189 7797 8397 7424 8471 8131 8332 8165 8636 7855 7946 8403 8148 7954 7906 8014 7830 8288 8119 8649 7895 7942 7723 7967 8097 8093 8553 8013 7920 8556 7638 7833 8171 7978 7853 8515 7303 7657 7857 8104 8141 8404 8144 8029 8138 7606 8291 8416 8286 8325 8184 7807 7677 8191 8033 8108 7830 7828 8025 8449 7947 7990 8530 7947 7952 8214 8240 7684 7835 8073 8172 8357 8170 8168 7827 7986 8027 8187 8000 8088 8304 7820 7905 8177 7646 8110 7830 8249 7464 7736 7863 8527 7559 8062 8045 8237 8151 7918 7706 7515
8209 8270 8303 8274 8308 8674 7944 7644 7927 8490 7802 7943 8290 8127 7865 8478 8602 7720 8070 8280 8397 7464 8279 8264 8098 7971 7812 7779 8194 8401 7711 8346 8228 8117 7986 7957 7830 8199 8175 7747 7880 8220 8048 8865 8192 7916 8057 8035 7655 8002 7668 7930 8274 7867 8281 8338 8963 8284 8711 8178 7906 7858 8543 8310 7834 7776 8253 7801 8299 7979 8498 7905 8198 8057 7858 8450 7953 8058 8120 7957 7987 8544 8342 7684 7959 7991 8008 8167 8630 8176 8210 7573 8379 7957 8339 8266 8101 8319 8291 8280 8608 8226 7960 8306 8085 7415 7852 8074 8229 8462 7819 8314 8047 8511 7917 7775 8384 8403 7940 8037 8453 7713 7734 7912 8156 7778 7652 8742 8951 8296 8427 8186 8065 8031 8228 7679 7709 7775 8097 7923 8299 8023 8266 8402 8064 8602 8045 8216 8006 7958 8792 7834 8275 7590 8009 8387 8183 8477 8108 7862 8101 7989 8063 8109 8231 7844 8239 7800 8451 7855 8242 8422 8286 8509 8016 8082 8045 7890 7786 8329 7999 8160 8274 8366 8108 8323 7857 8014 8715 8499 7689 8193 7718 8026 7755 8243 7607 8155 7622 8463 7911 7871 8161 8084 8081 8264 8155 7856 8022 8229 8287 7587 7399 8227 8105 8402 7800 8613 7515 8146 7894 8070 8112 7978 8688 8274 8199 8315 8444 7755 8481 7882 7672 8137 7861 7871 8273 8323 8189 8428 8406 7979 8673 7933 8582 8298 8228 8259 7992 8214 8238 8202 7779 8893 7883 8077 7996 7963 8271 8539 7861 8142 8146 8194 8180 7769 7879 8161 8281 8506 8789 8322 8196 8150 7357 8324 8318 8040 8424 7478 8265 7809 8020 7989 8183 8075 7900 8159 8657 7984 8317 8139 8026 8154 8570 7836 8251 8105 8472 7824 8422 7956 8589 8049 8535 8113 8380 8080 8434 8211 8003 8340 7960 7742 8191 7742 7661 8264 7840 8514 8150 8305 7391 7940 8041 7863 8556 8086 7488 8516 8060 8016 7780 8220 8039 8340 7261 7649 7596 7983 8060 8150 8183 7768 8362 7680 7948 8436 8046 8091 8217 7922 7682 8231 7743 7972 7733 7659 8158 8179 7802 8153 8369 8235 7904 8108 8373 7414 7950 7993 8144 8353 8073 8022 8234 8250 7808 7924 8230 8073 8448 7975 8027 7989 7616 8313 8124 8095 8006 7823 7839 8398 7951 8217 8121 8346 8417 8219 7897 7668
8212 8102 8541 7880 8498 8656 7800 7571 7909 8747 8090 7929 7761 8074 7918 8224 8462 7896 7795 8052 8368 7825 8067 8334 7903 7999 7943 7973 8520 8183 7517 8101 8103 8159 7607 7953 7717 8249 8334 8018 8067 8295 7636 8449 8148 8414 8217 7943 7658 8217 7692 8387 8542 8241 8230 8076 8691 7895 8380 8419 8092 8013 8373 8187 8059 8103 8230 8055 8259 7870 8377 8062 8100 8004 7687 8121 8011 8142 8091 7815 7898 8176 8491 7588 7948 8249 7806 7984 8338 8187 8346 7664 7747 7646 8459 8268 8101 8589 8688 8040 8118 8123 8008 8192 8102 7439 7870 8165 7570 7800 7805 8071 7987 8670 8079 7472 8165 8465 8003 8170 8291 7847 7479 7940 8357 7771 8005 8590 8557 7937 8177 7984 7763 7986 8290 7761 7497 7870 7996 7595 8616 7998 7820 8408 8116 8403 8280 7867 7952 8045 8514 7653 8166 7738 8027 8237 8364 8384 8128 7895 8428 8007 7915 8167 8260 8307 7914 7771 8289 8007 8105 8237 8165 8194 8158 7883 7893 7992 7775 8040 7929 8360 7999 8335 8004 8189 7981 7988 8284 8363 7783 8272 7520 8186 7393 8116 7995 7884 7859 8407 7807 7875 8040 7866 8015 8028 8055 8028 8200 8273 8009 7893 7485 7732 8044 8471 7929 8225 7614 8337 7979 8173 8293 7764 8641 8289 8470 8305 8064 7693 8301 7760 7635 8318 8142 7787 8484 8136 8198 8331 8400 7623 8659 8021 8446 8085 8000 8221 7929 8369 7890 7688 7847 8895 8169 7709 7989 8179 7783 8170 7845 8423 7742 7829 8325 7627 7986 7967 8107 8297 8454 8184 7809 8255 7423 8115 8035 7775 8130 7534 8241 7873 8094 7728 8130 8055 8048 8325 8836 8260 8333 8210 8427 8136 8207 7985 7939 7995 8307 8505 8173 8077 8322 7799 7933 8283 8260 8335 8852 8122 8124 8218 7748 7752 7965 7716 7823 8214 7888 8274 7969 8239 7690 8297 8303 8254 8414 7723 7877 8470 7716 7968 8028 8048 7911 8112 7131 7912 8025 8290 8006 8093 8030 8137 8110 7828 7998 8125 8401 8343 8421 7741 8069 7928 7754 8359 7906 7777 8063 8211 7631 7680 8452 8166 8052 8698 7950 7693 7926 8054 8281 8331 7814 7946 8220 8192 7803 7861 7859 7854 8344 7696 7978 8289 7626 8433 8154 8269 7816 8162 7940 8118 7891 8124 7764 8353 8491 7844 7875 7572
8252 8142 8487 7987 8456 8517 7780 7843 8003 8778 8381 8378 8078 8434 8357 8547 8787 8332 8164 8795 8542 7909 8219 8316 8251 8144 8022 7939 8577 8262 7882 8353 8279 7995 7590 8298 7863 8443 8327 8434 7906 8247 7641 8582 8534 8574 8315 8355 7930 8360 7925 8424 8763 8437 8388 8430 9124 8445 8536 8173 8218 8034 8441 8385 8301 8315 8302 7899 8382 8142 8561 8328 8060 8085 7827 8477 8219 7992 8245 8378 8156 8412 7997 8101 8168 8202 8208 8111 8614 8233 8464 7797 8411 7797 8493 8477 7867 8712 8398 8088 8717 8324 8300 8468 8377 7757 8193 7982 8104 8328 8140 8311 8211 8881 8242 7722 8601 8747 8319 8467 8156 7584 7743 8150 8248 8173 7926 8978 8491 8173 8467 8320 8337 7928 8573 7853 7734 8310 7979 8279 8538 8097 8253 8481 8141 8524 8398 8045 8126 7933 8667 8058 8455 7934 8216 8332 8482 8554 8694 7772 8748 8277 8191 8117 8452 8186 8296 7774 8448 7999 8081 8443 7921 8435 8211 8772 8379 8170 7743 8216 8128 8309 8475 8379 8277 8352 7921 8448 8515 8536 8045 8086 7862 8419 7618 8601 8228 8402 8051 8224 8033 8388 8273 8082 7960 8437 8068 8439 8500 8507 8318 7999 7419 8112 8121 8288 7932 8386 7994 8309 8319 8226 8468 8183 8675 8364 8258 8302 8182 7620 8368 8120 7997 8691 7974 8571 8251 8310 8401 8563 8583 7718 8381 8112 8848 8358 8534 8394 7653 8319 8157 8037 8207 8672 8210 8343 8178 8089 8212 8300 8243 8481 7918 8330 8264 7777 8050 8211 7848 8596 8840 8323 7870 8297 7956 8420 8040 8048 8451 7541 8360 8346 8416 7669 8135 8009 8136 8300 8840 8490 8466 8475 8585 8317 8629 7736 8270 8270 8277 8388 8490 8304 8685 7743 8412 8574 8458 8145 9020 8356 8218 8309 7690 7927 8096 7890 8168 8689 8026 8354 7956 8402 7916 8263 8320 8170 8197 8012 8153 8467 8188 8122 8340 8464 8051 8711 7798 8097 8249 8120 8294 8461 8466 8112 8670 8028 8271 8058 8198 8125 8404 8085 8150 7933 8041 8143 7883 7960 8193 7941 7667 8133 8598 8481 8135 8239 8153 7996 8687 8331 8078 8272 8440 8192 7959 8374 8132 8164 7951 8188 8687 8216 8165 8219 8086 8415 7938 8190 8015 8275 7781 8740 7897 8477 7878 8407 8500 8099 7847 7664
7877 8182 8239 8076 8254 8615 7848 7767 7538 8564 8078 7834 8049 8290 8195 8275 8338 7304 7491 8256 8149 7664 8572 8032 8004 7892 7963 8308 8138 8450 7440 8160 7925 8055 7725 7756 7584 8409 7788 7758 7560 7692 7579 8607 7939 8186 8238 7911 7819 7802 7735 7725 8119 8336 7963 8355 8292 7892 8297 8310 8068 7879 8062 8402 7841 7832 8235 7782 8433 7915 8510 7937 7841 7865 7684 8539 7993 7857 7937 8033 7884 8172 8034 7616 8209 7888 7860 7993 8606 8113 8319 7986 8386 7679 8065 8474 7888 8505 8142 7696 8272 8131 7674 8058 7883 7542 7869 7858 7736 7924 7586 7893 7898 8308 7673 7618 8191 8367 7774 8491 7850 7502 7204 7892 8024 7716 7488 8627 8433 7560 8372 7841 7979 7835 8388 7639 7687 7834 8073 7789 8060 7917 7772 8102 7732 8192 8145 7838 7825 7757 8318 7790 8205 7582 8279 7927 8043 8426 8124 7829 8413 8331 7901 8358 8462 8083 8154 7409 8105 7470 8031 8306 8326 7940 7670 8019 7826 7686 7947 8070 7719 8201 8263 8050 8149 8283 7777 7932 8518 8440 7397 7852 7528 8477 7553 7864 7935 8379 7695 8429 7732 7857 8471 7967 8031 8077 8051 8061 8225 8071 8134 7500 7364 7908 8125 8281 7718 7890 7704 7940 7679 7632 7941 8223 8875 8288 8072 8418 8111 7701 8027 7950 7850 8612 7915 8048 7882 8233 8188 8158 8202 7580 8334 7796 8453 8022 8325 7806 7575 8295 8189 7990 7897 8565 7679 7834 7679 8164 7762 7931 7896 8309 8148 8288 7874 7808 7935 7989 7493 8105 8298 8272 7958 8011 7388 8212 7988 8069 8158 7302 8072 7774 8151 7902 7997 8018 7872 8018 8558 8238 8030 7839 8215 7954 8243 7758 8267 7985 8137 8157 8467 7654 8527 7861 8167 8178 7913 7970 8416 8356 8298 8240 7767 7556 7977 7753 7452 8046 7790 8496 8129 8031 7819 7943 7904 8015 8358 7836 7870 7889 7676 7705 8015 7934 7774 8177 7517 7765 7813 7926 7652 8230 8149 8064 8172 7801 7880 7977 8269 8063 8080 7841 7913 8281 8208 7908 7909 7788 7728 8120 7674 7717 8313 8176 7900 8202 7646 7297 7990 7783 8000 8175 7639 8290 8076 8035 7637 8055 7986 7666 8169 7699 7641 8436 7597 8195 7568 7956 7864 7826 7504 8045 7703 8197 8071 7919 8304 8145 7751 7641
7797 7833 7831 7380 8061 8284 7566 7263 7524 8217 7778 7826 7845 7975 7775 8276 8259 7156 7498 8107 7936 7772 8127 7961 7705 8092 7145 7816 8039 7834 7764 7925 7853 7586 7394 7654 7466 7966 7826 7877 7193 7925 7628 8388 8100 7867 7935 7649 7720 7840 7523 7510 8177 7979 8140 7926 8345 8060 8267 8044 8013 7790 7911 8280 7663 7529 8052 7579 8046 7693 7971 7683 7684 7722 7572 7875 7959 7724 7781 8089 7666 8132 7858 7678 7713 7727 7789 7541 8243 7839 7809 7717 7759 7723 7972 7959 8009 8316 8068 7648 7920 7669 7791 7988 8269 7146 7664 7598 7528 8134 7608 7666 7450 8439 7853 7285 8015 8271 7841 7958 7617 7496 7342 7544 7598 7999 7412 8297 8207 7920 8122 8162 7819 7808 7623 7359 7473 7593 7638 7692 7810 7939 8042 8062 7742 8496 7974 8001 7683 7662 7951 7384 8134 7187 7860 7681 7548 8247 7817 7593 8254 8035 7658 7884 7763 7717 8039 7479 8243 7526 8004 8077 7804 7855 7472 7934 8291 7281 7508 7556 7968 7804 7955 8099 7663 8035 7554 7659 8192 8056 7407 7670 7609 7862 7389 7975 7535 8029 7426 7942 7919 7927 7931 7785 7651 7640 8050 7894 7854 7792 7789 7306 7195 8198 8252 8099 7836 7683 7090 7706 7555 7894 7868 7925 8316 8083 7383 7963 7925 7665 7809 7320 7389 8191 7946 7609 7906 8141 7775 7827 7813 7719 7860 7374 8297 8050 7808 8032 7823 7773 7724 7513 7596 8659 7486 7834 7574 7762 7636 7916 7481 7862 7840 7551 7619 7564 7735 8015 7811 7929 7889 7778 7606 7629 7185 8072 8258 7776 7992 7172 8115 7538 7861 7649 7725 7729 7647 7814 8208 7834 7701 7992 7823 7930 8049 7522 7686 8091 7689 7695 8231 7872 8132 7521 7682 7971 7617 8012 8500 7457 7606 7729 7829 7654 7851 7565 7726 7908 7598 8064 7672 7947 7315 7415 7780 7967 7937 7819 7678 8120 7783 7649 7987 7450 7508 7963 7041 7604 7801 7795 7776 8255 8191 7680 8076 7543 7760 7978 7697 7995 7915 7543 7700 7831 7753 7562 8000 7435 7154 7754 7468 7641 8178 7608 7859 7973 7624 7315 7616 8146 7881 8202 7553 7838 7458 7763 7506 7827 7852 7627 8036 7491 7694 8099 7501 8058 7731 8061 7770 7486 7613 8079 7619 8000 7438 7915 7967 7753 7373 7352
8160 7967 8221 7975 8133 8357 7983 7810 8044 8732 7855 7733 8108 8079 7991 8062 8468 7701 8023 8380 8514 7856 8375 8332 7941 8033 7799 8012 8210 8600 7485 8440 8264 7944 7512 7785 7834 8161 8244 7847 7556 8238 7699 8646 7903 8099 8075 8192 7677 7891 7698 8193 8314 8112 8073 8261 8612 8256 8646 8257 8107 7739 8270 8483 7574 7996 8190 8141 8437 8027 8599 7898 8054 7968 7922 8345 8045 7710 7981 8054 7878 8316 8271 7769 8066 8205 8285 7703 8375 8334 8155 7742 8211 7809 8055 8412 8176 8622 8053 7911 8349 7993 8312 7997 8220 7543 7853 7853 7805 8180 8147 8102 8109 8541 7789 7319 8214 8718 8078 8282 8313 7827 7595 7917 8019 7590 7762 8494 8607 7835 8418 8621 8097 7654 8108 7713 7492 8092 7898 7681 7977 8028 8242 8251 7952 8581 8195 8242 8012 8040 8503 7972 8401 7553 8201 8359 7908 8537 8648 7940 8500 8026 8165 8468 8372 8385 7872 7653 8269 7874 8205 8025 8247 7976 8326 8172 8051 7966 7498 7925 7871 8185 8001 8337 7795 8461 7690 8193 8500 8431 7429 8078 7684 8138 7653 8183 7964 8454 7869 8489 7729 8222 8173 7952 7846 8028 8150 8157 8332 8367 8101 7857 7547 8074 8012 8430 8000 8302 7579 7869 8316 7976 8035 7785 8445 7925 8052 8030 8048 7725 7844 7880 7871 8547 7954 8089 8092 8447 8089 8168 8458 7844 8280 7982 8657 8281 8277 7984 7546 8416 7891 7508 7925 8596 7912 7805 7820 8012 7923 8160 8097 8211 8006 7869 8150 7901 7829 7931 7736 8144 8211 8318 7942 8085 7510 8468 8021 7847 8195 7723 7957 7773 8087 8075 8143 8392 7751 8419 8901 8274 8253 8249 8284 8289 8236 7550 8237 8128 8002 8009 8186 8377 8105 7482 8157 8501 7992 8315 8730 7712 8242 8433 7800 7927 8415 7773 8068 8465 8016 8335 8102 8106 7640 8087 7913 8047 8117 7842 8091 8464 7781 8102 8088 8186 7919 8516 7283 7865 7639 8296 8395 8294 8441 8370 7968 8066 8261 8322 8091 8050 8445 8000 7899 8590 7902 8361 7939 7953 7814 7863 7599 8173 8413 7881 7840 8391 8070 7372 7867 8304 8030 8222 7979 7969 7977 8077 7830 7786 7965 8022 8675 8109 7844 8011 7242 8158 7679 8065 7944 7584 7759 8347 7712 8336 8015 7954 8355 8127 7615 7428
8243 8522 8050 8021 8798 8561 7928 8000 7955 8779 8420 8084 8574 8644 8158 8418 8785 7857 7818 8585 8489 7981 8587 8299 8362 8165 8065 8400 8698 8188 7835 8099 8287 8292 7826 8143 7885 8373 8436 8260 7885 8206 7903 8835 8162 8565 8583 8119 8196 8265 7855 8231 8577 8363 8514 8299 8850 8456 8809 8644 8374 8246 8391 8518 7846 8377 8624 8038 8850 8170 8509 8489 8088 8349 7945 8575 8326 7833 8475 8075 8163 8418 8606 7446 8331 8112 8212 7834 8684 8285 8320 7821 8158 7717 8345 8671 8264 8501 8755 8221 8622 8112 8421 8211 8463 7540 8176 8052 8076 8152 8114 8184 8083 8525 8063 7593 8342 8722 8070 8550 8244 7996 7440 8104 8260 7759 7892 8723 8591 8128 8578 8111 8527 7825 8379 7861 7802 8027 8259 7863 8256 8360 8244 8599 8174 8594 8537 8009 8044 8145 8443 7423 8585 7777 8543 8462 8068 8763 8472 8154 8687 8345 8314 8188 8455 8453 8029 7879 8305 7734 8366 8562 8262 8377 8300 8121 8257 7993 7933 8198 8012 8278 8121 8999 7618 8470 8007 8227 8863 8542 7757 8294 7859 8531 7761 8161 8066 8586 7639 8438 7972 8073 8287 8199 8062 8523 8570 8014 8075 8458 8186 7438 7620 8274 8457 8576 8156 8373 7913 8456 8168 8309 8485 8471 8831 8406 7939 8232 8285 7890 8466 8006 7807 8437 8171 8380 8413 8481 8511 8567 8335 7962 8672 7884 8696 8431 8583 8178 7903 8191 8368 7976 8055 9091 8084 8419 7969 8091 8075 8430 8188 8660 8022 8188 8337 8037 7895 8343 8284 8400 8309 8304 8092 8521 7575 8332 8048 8073 8351 7263 8381 7816 8313 8063 8405 8407 8000 8522 9150 8643 8008 8561 8455 8360 8485 7870 8437 8530 8345 8473 8539 8000 8456 7989 8296 8708 8192 8487 8748 8077 8048 8514 8413 8101 8179 8120 8290 8495 8018 8545 8232 8118 7871 8568 8488 8114 8529 8145 8088 8587 7713 7863 8188 8332 7939 8312 7378 7774 8015 8560 8230 8560 8404 8195 8078 8042 8552 8052 8351 8137 8341 8133 8176 8164 8094 8371 8107 8056 8065 8636 7838 7922 8520 8017 8159 8693 8295 7522 8190 8556 8221 8066 7975 8343 8076 8186 8328 7950 8203 8178 8709 7745 8204 8609 8061 8806 8171 8324 8245 8234 7921 8439 8081 8412 8303 8405 8336 8448 8285 7863
8337 8122 8388 8208 8445 8680 8399 7695 8280 8927 8049 7961 8252 8452 8204 8520 8463 7891 8043 8604 8542 8044 8555 8192 8432 8203 8016 8441 8521 8054 7939 8121 8378 8159 7803 8134 7850 8594 8526 8310 8047 8167 7837 8633 7890 8439 8629 8506 7968 8195 7929 8419 8680 8645 8268 8771 9099 8214 8737 8254 8396 8215 8296 8719 7842 8271 8431 8112 8567 8126 8401 8324 7984 8001 7962 8365 8328 8190 8312 8216 7950 8398 8324 7734 8044 8355 8169 8099 8427 8351 8213 7795 8349 8219 8325 8539 8082 8435 8513 8002 8523 8296 8159 8332 8613 7537 8098 7950 8142 8381 8010 7911 8366 8544 8270 7658 8061 8565 8258 8250 8463 7899 7696 8146 8349 8158 7472 8584 8735 8282 8663 8508 8198 7825 8498 7893 7842 8279 8440 8282 8333 8009 8311 8662 8211 8493 8336 8572 8336 8337 8733 8008 8434 7444 8197 8416 8077 8907 8319 8194 8293 8036 7802 8237 8401 8222 8363 7692 8370 7713 8265 8678 8282 8389 8297 8303 8352 7836 7910 8043 7929 8281 8084 8705 8256 8652 7902 8321 8512 8741 7978 8072 7901 8591 7866 8459 8166 8607 8020 8216 8263 8394 8452 8008 8547 8324 8490 8457 8383 8328 8630 7724 7439 8249 8552 8535 8079 8255 7978 8310 8094 8033 8123 8226 8796 8373 8470 8544 8437 7959 8700 7851 8110 8831 7999 8074 8127 8359 8558 8736 8619 8100 8383 8007 8848 8771 8324 8008 8032 8511 8023 8169 7922 8759 8150 8297 8274 8343 8198 8388 7894 8237 8348 8297 8277 8000 8095 8216 8397 8398 8406 8354 8017 8386 7469 8225 8194 7882 8549 7677 8362 8000 8555 8092 8497 8258 8271 8235 8903 8110 8239 8430 8580 8689 8593 7918 8492 8476 8405 8167 8468 7976 8694 7891 8518 8485 8035 8598 8649 8002 8406 8288 8270 7782 8269 7980 8076 8527 8156 8467 8267 8130 7841 8024 8449 8208 8472 7871 7881 8286 7998 8009 8444 8224 7936 8789 7436 7832 7917 8183 8194 8556 8472 8290 8139 7742 8178 8332 8436 8123 8372 8363 8089 8566 7641 8190 8320 7966 8163 8275 7634 8237 8700 7873 8112 8540 8402 7449 8292 8126 7909 8334 8079 8223 8053 8363 8237 7849 8256 8341 8581 8152 8138 8275 7832 8225 8297 7907 8355 7893 7519 8465 8062 8386 8139 8537 8474 8380 7969 7916
8306 8168 8000 7955 8184 8246 7836 7708 8008 8792 8321 7980 8236 8282 8095 8174 8536 8027 8102 8265 8476 7926 8473 8047 8101 7708 7858 7937 8661 8042 7571 8293 8040 8137 7422 7665 7797 8124 8105 7936 7838 8043 7807 8815 7880 8332 8140 8030 8034 8001 7686 8101 8273 8548 8151 8412 8707 8311 8371 8307 8215 8354 8330 8450 7778 8146 8475 7999 8593 7668 8445 7875 8307 7946 7745 8557 8246 7856 8016 7859 7906 8396 8211 7679 8020 7911 8111 7830 8601 8251 8293 7979 7980 7807 8156 8462 8042 8773 8816 7980 8322 7926 7896 8223 8427 7528 8010 7710 8100 8099 7704 8107 7701 8292 7801 7410 8416 8346 7752 8226 8205 7778 7555 7884 8365 7827 7741 8675 8211 8246 8406 8072 8337 8047 8181 7831 7584 8111 7908 7835 8261 8188 7879 8226 8107 8486 8413 8166 7983 8128 8684 7578 8247 7898 8315 8114 8085 8531 8159 7695 8404 8400 8204 8326 8355 8299 8017 7566 8592 7905 8107 8256 7998 8119 7936 8193 8091 7553 7774 8041 7883 8391 8381 8100 8073 8487 7913 8316 8481 8333 8001 7891 7823 8525 7698 8081 8102 8432 7803 8307 8262 8164 8124 8209 8053 8173 8006 8173 8321 8295 7930 7599 7480 8018 8227 8273 7567 8226 7507 8148 7862 8387 8250 7985 8718 8328 8213 8304 8400 7608 8214 7971 7630 8444 7926 7937 8079 7973 8256 8475 8708 7623 8560 8178 8209 8240 8466 8338 8126 8269 7805 8278 8137 8692 8239 8033 7832 8224 8166 8531 8186 8127 8148 7963 8189 7996 8190 8194 7950 8231 8463 8222 7968 8037 7439 8465 8503 8053 8067 7236 8439 8198 8339 7778 8108 8119 7939 7983 8547 8325 8000 8128 8387 8526 8363 7392 8074 8451 8220 7938 8049 7695 8478 7785 8026 8289 8152 8188 8311 8099 8093 8113 7867 7831 7960 7613 8094 8482 7988 8418 8304 8159 7875 7911 8052 7832 8354 8114 7907 8381 7696 7827 8180 7788 8058 8550 7727 7810 8292 8146 7878 8296 7917 7977 8014 7889 8015 8591 7933 8065 8413 7654 8215 8066 7831 8143 7859 7786 7708 8188 7538 8081 8412 8235 8218 8221 7731 7297 8369 8371 8192 8561 7898 8020 8120 8192 8053 7914 8203 7858 8707 7973 7943 8252 7855 8222 8076 8245 8086 8177 7941 8609 7363 8130 7927 8201 8136 8456 7816 7714
8899 8364 8064 8179 8189 8173 7963 7697 8006 8705 7926 7909 8174 7938 8177 8214 8586 7996 7790 8368 8343 7667 8165 8471 8051 8099 7985 8114 8577 8226 7599 8181 8181 8051 7814 7971 7809 8326 7958 8269 7788 8251 7751 8582 7991 8082 8493 8037 7532 8144 7736 8350 8275 8646 8405 8514 8764 8090 8564 8741 8195 8017 8364 8338 8041 8203 8200 8019 8369 8021 8229 8125 8018 8097 7768 8410 8127 8147 7902 7956 8142 8407 8315 7679 8092 8217 8236 8221 8709 8072 8377 7719 8166 7929 8223 8256 8318 8659 8257 8211 8597 8071 8082 8174 8316 7337 8102 7733 7930 8069 8083 7964 8043 8652 8019 7587 8244 8656 8171 8364 8128 7870 7679 7643 8083 7822 7698 8396 8516 8089 8554 8158 8104 7949 8327 7797 7623 8195 8057 8116 8190 7940 8550 8425 7825 8336 8518 8142 7885 8060 8883 7779 8217 7723 8204 8380 8091 8354 8598 7870 8435 8011 8108 8147 7953 8378 8389 8090 8241 7735 8184 8412 8043 7952 8341 8043 8278 7817 7786 8435 8034 7869 8270 8824 8098 8469 7808 8251 8427 8610 7405 8132 7991 8271 7640 7685 7903 8351 7884 8522 8220 8379 8102 8032 8205 8464 8357 7998 8282 8466 7864 7542 7439 7898 8036 8190 8110 8171 7795 8259 8034 8138 8012 8018 8796 8344 8107 8112 8413 7593 8250 7942 7775 8610 8011 8091 8430 8471 8173 8699 8592 7922 8745 8361 8624 8653 8179 8053 8044 8436 7971 7753 7954 8884 7902 7867 7904 8258 7813 8376 8209 8230 7732 7979 8142 7808 7790 7878 7993 8107 8390 8400 7897 8170 7484 8278 8417 8098 8378 7343 8551 8074 8392 7641 7947 8132 8075 8416 8670 8274 8157 8135 8564 8413 8419 7730 8287 8081 7994 8168 8363 8371 8491 7719 8021 8429 8197 8379 8643 8062 8248 8370 7990 7808 8111 7569 8269 8526 8312 8616 8108 8572 7692 8109 7955 8030 8477 8132 8033 8274 7739 7886 8266 7948 7758 8659 7299 8196 8027 8002 8287 8493 8354 7918 7980 7857 8141 8129 8352 8091 8491 7640 8048 8068 7474 7954 7941 7915 8020 8221 7964 8116 8611 7937 8040 8145 8177 7157 8159 8038 8125 8432 8191 7829 7754 8625 8004 7941 8085 8280 8763 8256 8069 8431 8146 8614 8181 8104 7971 7880 7910 8047 7710 8252 8058 8244 8177 8400 7707 7850
8139 8053 7953 7514 7636 8194 7506 7439 7848 8363 7732 7841 7857 8105 8159 8217 8263 7539 7563 7843 8315 7708 8020 7784 7710 7716 7497 7945 8217 7882 7437 7941 7899 7847 7405 7658 7786 8102 7997 7959 7537 8269 7639 8450 7860 8114 8047 8098 7550 7662 7348 7970 8142 8064 7813 8311 8580 7891 8648 8073 8015 7804 8116 8155 7495 7693 7996 7943 7823 7853 7981 7774 8181 7937 7726 7954 7956 7835 7808 7670 7611 8066 7931 7471 8040 7749 8016 8054 8071 7937 8044 7600 7811 8116 8277 8130 8086 8488 8176 7417 8157 8110 7711 8035 8034 7314 7371 7412 7705 8030 7521 7642 7859 8121 7867 7307 8002 7969 7668 7765 8045 7713 7557 7872 7736 7758 7756 8573 8564 8053 8183 8022 7625 8107 8307 7109 7360 7903 7908 7678 7773 7760 7613 7925 7547 8396 7762 7579 7995 7937 8150 7670 8206 7519 8005 8093 7621 8561 8073 7996 8345 8169 7834 7748 8072 7627 8139 7760 8101 7305 7934 8085 7859 8043 7862 7719 8090 7488 7240 7748 7952 7775 7784 8200 7619 8054 7714 7976 8371 8258 7226 7918 7455 7982 7425 7822 7793 8011 7658 8229 7752 7975 7843 7721 7964 7923 7777 7877 7813 8260 7978 7325 7222 7691 8057 7764 7728 8014 7198 7907 7781 7933 8039 7908 8680 8026 7737 8403 7816 7622 8047 7710 7635 8263 7993 7444 7996 7948 8191 7816 8218 7400 8003 7691 8358 8337 7916 7996 7567 8293 8087 7998 7547 8616 7876 7929 7612 8015 7557 8221 7811 8213 8152 7456 7830 7751 7834 8092 8015 8262 8184 7812 7517 7725 7206 8073 8307 7796 7943 7433 8325 7681 7655 7876 7853 8020 7713 8027 8332 7786 8053 7901 8048 8043 8138 7254 7677 8012 7524 7858 7935 7893 8453 7430 7954 7811 7634 8075 8436 7815 7607 7998 7639 7922 7927 7503 7915 8130 7669 8033 7784 7941 7382 7891 7857 8038 7876 7425 7710 8049 7502 7730 7997 7930 7700 8065 7117 7489 7798 7709 8158 8245 8242 7778 7945 7690 7804 8065 8107 7887 8055 8128 7575 8305 7866 8045 7768 7214 7354 7743 7131 7876 8515 8066 7858 7674 7650 7355 7902 7884 8009 8112 7966 7801 7681 8268 7627 7709 7488 7570 8288 7959 7620 8149 7486 8136 7555 7764 7449 7925 7313 8187 7567 8202 7833 7789 8200 7656 7544 7286
8211 7839 7865 7550 7906 8197 7628 7612 7511 8194 8053 7645 8003 7968 7717 7908 8189 7209 7527 8143 7889 7414 8053 7851 7995 7591 7571 7840 8350 7913 7255 7667 7836 7748 7182 7592 7459 7930 7928 7687 7325 7660 8041 8387 7707 8149 8172 8016 7632 7776 7511 7969 8014 7908 7865 7887 8459 7717 7990 8073 8171 8060 8069 8360 7551 7602 7987 7706 8116 7839 7972 7955 7632 7678 7773 8100 7919 7638 7835 7845 7481 7975 7807 7382 7661 7589 7959 7412 8580 7908 7875 7612 7779 7473 7806 7996 7782 8278 8041 7847 8567 7780 7582 7914 8122 6828 7484 7761 7478 7698 7583 7622 7380 8067 7367 7380 8246 8154 7890 7730 8059 7707 7475 7544 7993 7606 7306 8392 8253 7752 8193 7875 8129 7624 7899 7411 7609 7768 7628 7629 8160 7760 7631 7837 7592 8283 8044 7806 7715 8101 8010 7306 7743 7267 7489 7861 7873 8504 7942 7690 8323 7752 7988 7965 8166 8205 7486 7311 8147 7368 7838 8153 7633 7746 7719 7853 7719 7411 7422 7735 7757 7752 8161 8410 7681 8007 7695 7758 8103 8189 7523 8035 7593 8236 7664 7842 7838 7869 7751 7963 7776 8120 7834 7817 7922 8129 7739 7632 8045 8048 8110 7266 7269 7687 8135 7886 7690 7909 7271 7901 7726 7695 7683 7995 8608 7844 8057 8174 8080 7524 7962 7439 7357 8344 7383 7795 7944 7943 7785 8268 8088 7411 7906 7593 8071 8040 7794 7898 7573 8130 7741 7696 7444 8307 7512 7514 7987 8029 7611 8075 7423 7943 7746 7788 7835 7322 7910 7846 7814 7855 8389 7819 7655 8064 7226 8238 7981 7888 7948 7129 7868 7266 8102 7483 8128 7974 7603 7825 8402 8023 7703 8166 8321 7930 8193 7410 7934 8121 7769 7727 8052 7448 8214 7682 7978 7551 7878 8189 8234 7719 7975 8012 7887 7480 7513 7345 7718 7946 7791 8223 7913 7728 7369 7940 7811 8156 7786 7726 7670 8035 7492 7644 8118 7878 7759 8079 7276 7548 7635 7488 7931 8099 7926 7513 7791 7672 7666 7843 8024 7807 7929 7657 7599 7739 7834 7797 7495 7532 7516 8061 7360 7806 8224 7828 7848 8127 7627 7381 7997 7873 7949 7957 7462 7746 7678 7813 7588 7487 7827 7607 8079 7673 7107 8168 7646 7919 7420 8005 7925 7719 7224 8248 7613 8103 7662 8220 8130 7677 7548 7243
8332 8508 8353 8343 8849 8793 8119 7782 8184 8868 8306 8115 8305 8442 8323 8500 8800 8214 7953 8338 8536 8301 8884 8631 8326 7963 8117 8535 8589 8494 8097 8648 8363 7926 7772 7981 7922 8640 8224 8244 7923 8174 8045 8562 8143 8364 8351 8495 8126 8111 7836 8431 8534 8669 8666 8488 8876 8426 8776 8749 8566 8206 8284 8982 8108 8140 8737 8092 8782 7926 8857 8576 8466 7973 8142 8619 8163 7938 8674 8442 8378 8760 8480 7822 8629 8351 8414 7754 8550 8302 8497 7982 8440 7945 8563 8555 8413 8846 8585 7999 8686 8353 8148 8222 8293 7663 8336 8328 8262 8677 7744 8030 7942 8816 8243 7678 8314 8685 8421 8454 8712 8019 7650 8079 8258 7982 7874 8920 8853 8566 8607 8295 8250 8121 8626 7939 7890 8154 7825 8072 8494 8259 8241 8409 8225 8470 8714 8291 8267 8343 8881 7719 8469 7859 8710 8324 7975 9116 8893 8209 8990 8350 8335 8317 8485 8381 8194 8163 8663 7969 8343 8501 8544 8506 8313 8552 8534 8373 8211 8334 8221 8134 8448 8589 8156 8848 8270 8241 8947 8722 8236 8292 7941 8747 7944 8465 8279 8542 7959 8327 8267 8185 7923 8331 8182 8600 8388 8289 8578 8425 8682 7964 7821 8226 8439 8519 8227 8504 7604 8720 8299 8452 8419 8380 9236 8451 8580 8428 8405 8177 8373 8054 7842 8815 7977 8193 8460 8594 8633 8833 8635 8120 8418 7708 8955 8469 8845 8513 8201 8689 8454 8253 7896 9088 8039 8616 8198 8319 8379 8670 8619 8696 8286 8376 8363 8183 8001 8238 8280 8408 8878 8524 8229 8389 7648 8424 8497 8230 8509 7776 8728 8135 8432 7966 8486 8517 8415 8477 9067 8895 8509 8458 8540 8305 8326 7970 8473 8493 8562 8136 8605 7982 8732 8039 8494 8585 8442 8508 9164 8191 8510 8367 8288 7822 8288 8468 8198 8458 8239 8823 8479 8133 7891 8436 8594 8329 8597 8168 8202 8682 7871 8230 8210 8308 7961 8993 7335 7971 8317 8568 8517 8588 8575 8648 8402 8219 8308 8611 8360 8345 8402 8286 8219 8666 7932 8463 7886 8337 8005 8428 8024 8108 8892 8306 8410 8677 8189 7654 8268 8393 8111 8267 8253 8273 8196 8030 8171 8289 8221 8487 8672 8273 7878 8681 7929 8671 7968 8372 8019 8078 7843 8618 7990 8278 8294 8549 8277 8161 7707 7904
8128 8401 8226 7812 8129 8532 7750 7427 7967 8582 8517 8414 8100 8202 8052 8539 8415 7927 8108 8400 8629 7811 8295 8111 8117 7966 8281 7936 8351 8287 7864 7956 8414 7874 7401 7859 7714 8373 8251 8178 7671 8156 7861 8452 8243 8094 8064 8115 8026 8054 7598 8204 8501 8446 8074 8388 8942 8239 8411 8519 8138 8171 8313 8433 7930 8107 8210 8019 8309 7878 8390 8359 8010 8147 7717 8210 7789 7830 8204 7987 7887 8466 8288 7964 8263 8012 7995 8023 8536 7897 8290 7760 8101 7957 7991 8042 8446 8483 8561 7765 8609 8203 8498 7890 8386 7575 8214 8037 7722 8097 7517 7900 7791 8554 7791 7784 8146 8271 7978 8455 8158 7667 7669 7776 8079 8549 7934 9020 8437 7782 8338 8452 8050 8083 8477 8027 7366 8214 8268 7894 8311 7851 7831 8242 7711 8329 8090 8325 7972 7968 8617 7799 8356 7609 8055 7904 8044 8820 8293 8050 8539 8169 8106 8135 8143 7851 8434 7901 8522 7687 8371 8460 8166 8275 8015 8442 7726 7847 8063 8062 8350 7653 8426 8608 8067 8132 8076 8342 8475 8731 7735 8027 7584 8323 7677 8275 8239 8292 7529 8335 8016 8160 8494 7969 8268 7977 8154 8201 8517 8255 8329 7746 7202 7992 8641 7882 7966 8156 7951 8323 8240 8000 7843 8017 8528 8137 8376 8120 8360 7445 8467 7758 7832 8489 8021 7863 8369 8195 8601 8775 8166 7753 8158 7843 8378 8224 8559 7904 7642 8326 8118 7877 7725 9073 8002 8085 8279 8080 7952 8433 8239 7976 7838 7950 8207 8008 8233 8402 8011 7946 8369 8401 7842 8027 7387 7931 8065 7950 8255 7751 8174 8049 8291 7876 8406 8324 7912 8331 8391 8610 7870 8396 8400 7967 8494 7686 8226 8314 8156 8222 8301 7815 8083 7731 8394 8279 8009 8324 8804 8385 8420 8698 7569 7936 8207 7758 8141 8483 7902 8359 8084 8265 7833 8099 7850 8129 8043 7889 8045 8354 7928 7706 7980 7958 7819 8799 7545 7862 8198 8237 8048 8318 8283 8123 8281 7908 8072 8374 8017 7925 8397 8152 7795 8007 8078 8098 7676 7820 7905 8002 7627 7912 8314 8170 8140 8385 8207 7860 8211 8239 7932 8077 8469 8214 7977 8235 8021 7991 7904 7860 8182 8057 8125 8122 7768 8501 7817 8392 7778 7807 7847 8454 7543 8423 8116 8003 8241 8065 7643 7759
